# X Y Z R G B (Robot Frame Coordinates in meters)
-0.092336 0.575669 -0.094997 0.612 0.675 0.639
-0.088380 0.578500 -0.094644 0.596 0.659 0.624
-0.148493 0.615275 -0.122396 0.639 0.702 0.667
-0.145008 0.619016 -0.122352 0.635 0.698 0.663
-0.141524 0.622757 -0.122308 0.643 0.698 0.663
-0.138040 0.626498 -0.122264 0.631 0.686 0.651
-0.134555 0.630240 -0.122221 0.631 0.686 0.651
-0.131071 0.633981 -0.122177 0.616 0.678 0.643
-0.127587 0.637722 -0.122133 0.624 0.678 0.643
-0.124102 0.641464 -0.122089 0.616 0.671 0.635
-0.075439 0.586226 -0.098253 0.604 0.667 0.631
-0.070311 0.587489 -0.097272 0.584 0.647 0.612
0.432057 -0.170346 0.186705 0.675 0.737 0.702
0.433783 -0.168493 0.186726 0.675 0.737 0.702
0.434878 -0.165905 0.186432 0.675 0.737 0.702
0.437863 -0.165525 0.187086 0.671 0.733 0.698
0.439586 -0.163674 0.187107 0.671 0.729 0.710
0.441310 -0.161824 0.187129 0.671 0.729 0.710
0.439915 -0.156258 0.185572 0.675 0.733 0.714
0.441026 -0.153653 0.185278 0.678 0.737 0.718
0.442760 -0.151791 0.185300 0.690 0.749 0.729
0.444494 -0.149929 0.185321 0.678 0.737 0.718
0.446228 -0.148067 0.185343 0.686 0.745 0.725
0.447963 -0.146205 0.185365 0.678 0.737 0.718
0.450310 -0.145097 0.185702 0.678 0.737 0.718
0.452042 -0.143237 0.185724 0.675 0.733 0.714
-0.057816 0.587685 -0.099332 0.604 0.667 0.631
-0.053311 0.589697 -0.098659 0.596 0.659 0.624
-0.049982 0.593272 -0.098617 0.569 0.627 0.608
-0.047236 0.597633 -0.098891 0.565 0.624 0.604
0.430945 -0.180313 0.185987 0.659 0.722 0.686
0.432025 -0.177743 0.185690 0.667 0.741 0.702
0.433108 -0.175169 0.185394 0.667 0.741 0.702
0.434195 -0.172592 0.185097 0.667 0.737 0.714
0.435285 -0.170010 0.184800 0.667 0.737 0.714
0.436379 -0.167425 0.184504 0.667 0.741 0.702
0.438104 -0.165572 0.184526 0.671 0.733 0.698
0.439203 -0.162981 0.184229 0.675 0.737 0.702
0.440930 -0.161127 0.184251 0.694 0.753 0.733
0.442035 -0.158530 0.183954 0.698 0.757 0.737
0.443143 -0.155930 0.183658 0.706 0.765 0.745
0.444873 -0.154071 0.183680 0.718 0.776 0.757
0.446604 -0.152213 0.183702 0.722 0.780 0.761
0.448335 -0.150355 0.183723 0.725 0.784 0.765
0.450679 -0.149248 0.184063 0.722 0.780 0.761
0.452408 -0.147392 0.184085 0.722 0.780 0.761
0.454747 -0.146291 0.184424 0.714 0.776 0.741
0.457083 -0.145193 0.184764 0.678 0.741 0.706
0.460022 -0.144859 0.185421 0.647 0.706 0.686
0.462954 -0.144533 0.186078 0.643 0.702 0.682
0.466482 -0.144977 0.187053 0.635 0.698 0.663
0.467594 -0.142373 0.186757 0.635 0.698 0.663
0.471108 -0.142832 0.187732 0.624 0.686 0.651
0.475209 -0.144071 0.189024 0.631 0.694 0.659
0.476911 -0.142243 0.189046 0.624 0.686 0.651
-0.046361 0.581146 -0.100131 0.624 0.686 0.651
-0.047135 0.590190 -0.102312 0.616 0.678 0.643
-0.044974 0.595333 -0.102905 0.608 0.671 0.635
-0.042226 0.599694 -0.103181 0.580 0.643 0.608
0.428591 -0.188779 0.184651 0.659 0.729 0.706
0.430943 -0.187662 0.184993 0.651 0.722 0.698
0.431374 -0.184382 0.184374 0.655 0.725 0.702
0.432449 -0.181818 0.184075 0.663 0.733 0.710
0.434164 -0.179977 0.184096 0.678 0.749 0.725
0.435244 -0.177407 0.183797 0.678 0.749 0.725
0.436328 -0.174834 0.183498 0.671 0.741 0.718
0.437416 -0.172257 0.183199 0.667 0.737 0.714
0.438507 -0.169677 0.182901 0.667 0.741 0.702
0.440229 -0.167828 0.182922 0.671 0.745 0.706
0.441325 -0.165242 0.182623 0.702 0.765 0.729
0.443049 -0.163391 0.182645 0.706 0.765 0.745
0.444151 -0.160799 0.182346 0.722 0.780 0.761
0.445876 -0.158946 0.182368 0.729 0.788 0.769
0.446983 -0.156348 0.182069 0.733 0.792 0.773
0.448710 -0.154494 0.182091 0.729 0.788 0.769
0.450437 -0.152639 0.182113 0.729 0.788 0.769
0.452164 -0.150785 0.182134 0.729 0.788 0.769
0.454503 -0.149683 0.182476 0.729 0.788 0.769
0.456838 -0.148585 0.182818 0.725 0.784 0.765
0.459169 -0.147491 0.183160 0.714 0.773 0.753
0.461497 -0.146401 0.183502 0.702 0.753 0.733
0.464425 -0.146074 0.184163 0.686 0.737 0.718
0.466744 -0.144993 0.184505 0.643 0.702 0.682
0.469059 -0.143916 0.184847 0.639 0.698 0.678
0.471371 -0.142843 0.185188 0.635 0.694 0.675
0.473680 -0.141774 0.185530 0.635 0.694 0.675
0.475389 -0.139938 0.185551 0.631 0.690 0.671
0.477692 -0.138874 0.185893 0.624 0.682 0.663
0.479400 -0.137041 0.185914 0.624 0.682 0.663
0.481697 -0.135982 0.186255 0.624 0.682 0.663
-0.033592 0.588737 -0.103676 0.608 0.671 0.635
-0.029705 0.591502 -0.103314 0.604 0.667 0.631
-0.024670 0.592681 -0.102314 0.592 0.655 0.620
0.428387 -0.192110 0.182727 0.667 0.737 0.714
0.430096 -0.190275 0.182748 0.659 0.729 0.706
0.431805 -0.188439 0.182770 0.651 0.722 0.698
0.432876 -0.185882 0.182468 0.659 0.729 0.706
0.433951 -0.183321 0.182167 0.671 0.741 0.718
0.435664 -0.181482 0.182189 0.678 0.749 0.725
0.437377 -0.179642 0.182210 0.678 0.749 0.725
0.438458 -0.177074 0.181909 0.671 0.741 0.718
0.439543 -0.174502 0.181608 0.671 0.741 0.718
0.441260 -0.172658 0.181629 0.667 0.737 0.714
0.442976 -0.170815 0.181651 0.678 0.749 0.725
0.444068 -0.168235 0.181350 0.694 0.765 0.741
0.445164 -0.165652 0.181048 0.714 0.773 0.753
0.446884 -0.163805 0.181070 0.722 0.780 0.761
0.447985 -0.161216 0.180769 0.729 0.788 0.769
0.449707 -0.159367 0.180791 0.733 0.792 0.773
0.451428 -0.157518 0.180812 0.725 0.784 0.765
0.453150 -0.155669 0.180834 0.729 0.788 0.769
0.454872 -0.153820 0.180855 0.725 0.784 0.765
0.456594 -0.151971 0.180877 0.729 0.788 0.769
0.458316 -0.150123 0.180899 0.722 0.780 0.761
0.461251 -0.149785 0.181565 0.714 0.773 0.753
0.463575 -0.148698 0.181909 0.698 0.757 0.737
0.465894 -0.147614 0.182253 0.694 0.753 0.733
0.467609 -0.145773 0.182275 0.659 0.718 0.698
0.469924 -0.144695 0.182619 0.651 0.710 0.690
0.472235 -0.143621 0.182962 0.659 0.718 0.698
0.474542 -0.142551 0.183306 0.647 0.706 0.686
0.476251 -0.140715 0.183328 0.639 0.698 0.678
0.478554 -0.139651 0.183671 0.624 0.682 0.663
0.480261 -0.137817 0.183693 0.620 0.678 0.659
0.481969 -0.135983 0.183714 0.624 0.682 0.663
0.484264 -0.134926 0.184058 0.620 0.678 0.659
0.486556 -0.133873 0.184402 0.624 0.682 0.663
-0.021279 0.588810 -0.105643 0.596 0.659 0.624
-0.015116 0.588391 -0.103991 0.596 0.659 0.624
-0.010685 0.590334 -0.103306 0.588 0.651 0.616
0.429892 -0.193602 0.180829 0.659 0.729 0.706
0.430958 -0.191052 0.180525 0.671 0.741 0.718
0.432668 -0.189216 0.180546 0.659 0.729 0.706
0.434377 -0.187381 0.180568 0.659 0.729 0.706
0.436087 -0.185545 0.180589 0.678 0.749 0.725
0.437162 -0.182985 0.180286 0.678 0.757 0.729
0.439506 -0.181874 0.180632 0.678 0.757 0.729
0.440585 -0.179310 0.180328 0.667 0.745 0.718
0.442296 -0.177473 0.180350 0.667 0.745 0.718
0.444007 -0.175635 0.180371 0.667 0.745 0.718
0.445718 -0.173798 0.180393 0.671 0.741 0.718
0.446806 -0.171225 0.180089 0.682 0.753 0.729
0.448519 -0.169385 0.180111 0.694 0.765 0.741
0.449612 -0.166806 0.179807 0.710 0.780 0.757
0.450708 -0.164223 0.179504 0.725 0.784 0.765
0.452425 -0.162380 0.179526 0.725 0.784 0.765
0.454141 -0.160537 0.179547 0.722 0.780 0.761
0.455858 -0.158694 0.179569 0.722 0.780 0.761
0.457574 -0.156851 0.179590 0.722 0.780 0.761
0.459291 -0.155008 0.179612 0.722 0.780 0.761
0.461007 -0.153165 0.179633 0.722 0.780 0.761
0.463330 -0.152076 0.179980 0.714 0.773 0.753
0.465045 -0.150235 0.180001 0.706 0.765 0.745
0.467362 -0.149153 0.180347 0.706 0.765 0.745
0.469075 -0.147313 0.180369 0.698 0.757 0.737
0.471387 -0.146236 0.180715 0.678 0.737 0.718
0.473695 -0.145163 0.181061 0.667 0.725 0.706
0.475404 -0.143328 0.181083 0.663 0.722 0.702
0.477707 -0.142261 0.181429 0.651 0.710 0.690
0.479415 -0.140427 0.181450 0.631 0.690 0.671
0.481123 -0.138593 0.181472 0.620 0.678 0.659
0.482831 -0.136760 0.181493 0.624 0.682 0.663
0.485125 -0.135702 0.181839 0.624 0.682 0.663
0.486831 -0.133870 0.181860 0.624 0.682 0.663
0.488537 -0.132038 0.181882 0.631 0.690 0.671
0.490242 -0.130207 0.181903 0.620 0.682 0.647
0.491948 -0.128375 0.181925 0.604 0.667 0.631
-0.007887 0.587255 -0.106930 0.596 0.659 0.624
0.430754 -0.194379 0.178607 0.659 0.737 0.718
0.431821 -0.191829 0.178301 0.667 0.745 0.718
0.434169 -0.190712 0.178650 0.663 0.733 0.710
0.435877 -0.188878 0.178672 0.655 0.725 0.702
0.438219 -0.187766 0.179021 0.663 0.733 0.710
0.439292 -0.185211 0.178715 0.682 0.761 0.741
0.441631 -0.184103 0.179063 0.682 0.761 0.741
0.443337 -0.182271 0.179085 0.675 0.753 0.733
0.445043 -0.180439 0.179106 0.667 0.745 0.725
0.446749 -0.178607 0.179128 0.671 0.741 0.718
0.448455 -0.176776 0.179149 0.671 0.741 0.718
0.449538 -0.174209 0.178843 0.682 0.753 0.729
0.451246 -0.172375 0.178865 0.690 0.761 0.737
0.452334 -0.169803 0.178559 0.698 0.769 0.745
0.454044 -0.167967 0.178580 0.718 0.776 0.757
0.455138 -0.165389 0.178274 0.718 0.776 0.757
0.456849 -0.163551 0.178296 0.714 0.773 0.753
0.458560 -0.161714 0.178317 0.718 0.776 0.757
0.460271 -0.159876 0.178339 0.718 0.776 0.757
0.461983 -0.158039 0.178360 0.718 0.776 0.757
0.463694 -0.156202 0.178382 0.718 0.776 0.757
0.465405 -0.154364 0.178403 0.714 0.773 0.753
0.467116 -0.152527 0.178425 0.718 0.776 0.757
0.469429 -0.151447 0.178773 0.718 0.776 0.757
0.471138 -0.149612 0.178795 0.706 0.765 0.745
0.473446 -0.148538 0.179143 0.702 0.761 0.741
0.475154 -0.146704 0.179165 0.678 0.737 0.718
0.476861 -0.144871 0.179186 0.671 0.729 0.710
0.478569 -0.143037 0.179207 0.651 0.710 0.690
0.480277 -0.141203 0.179229 0.635 0.694 0.675
0.481984 -0.139370 0.179250 0.635 0.694 0.675
0.483692 -0.137536 0.179272 0.631 0.690 0.671
0.485985 -0.136477 0.179620 0.631 0.690 0.671
0.487691 -0.134646 0.179641 0.635 0.694 0.675
0.489397 -0.132814 0.179663 0.635 0.694 0.675
0.491103 -0.130982 0.179684 0.635 0.694 0.675
0.492809 -0.129151 0.179706 0.608 0.667 0.647
0.494515 -0.127319 0.179727 0.596 0.655 0.635
0.496221 -0.125487 0.179749 0.608 0.667 0.647
-0.001247 0.586905 -0.110176 0.569 0.624 0.588
0.431615 -0.195155 0.176386 0.624 0.714 0.698
0.433323 -0.193322 0.176408 0.675 0.765 0.741
0.435668 -0.192205 0.176759 0.682 0.761 0.733
0.437374 -0.190373 0.176780 0.678 0.749 0.725
0.439714 -0.189263 0.177131 0.667 0.737 0.714
0.442051 -0.188156 0.177482 0.667 0.737 0.722
0.443753 -0.186328 0.177504 0.682 0.753 0.737
0.446084 -0.185227 0.177855 0.698 0.769 0.753
0.447785 -0.183401 0.177876 0.694 0.765 0.749
0.449486 -0.181575 0.177897 0.686 0.757 0.733
0.451186 -0.179749 0.177919 0.678 0.749 0.725
0.452265 -0.177188 0.177611 0.682 0.753 0.729
0.453968 -0.175360 0.177632 0.682 0.753 0.729
0.455670 -0.173532 0.177653 0.686 0.757 0.733
0.457372 -0.171704 0.177675 0.702 0.761 0.741
0.458460 -0.169135 0.177367 0.706 0.765 0.745
0.460164 -0.167305 0.177388 0.706 0.765 0.745
0.461868 -0.165475 0.177409 0.714 0.773 0.753
0.462963 -0.162897 0.177101 0.714 0.773 0.753
0.464061 -0.160316 0.176793 0.714 0.773 0.753
0.465769 -0.158483 0.176815 0.718 0.776 0.757
0.468081 -0.157402 0.177166 0.714 0.773 0.753
0.469184 -0.154815 0.176858 0.718 0.776 0.757
0.470892 -0.152982 0.176879 0.714 0.773 0.753
0.472600 -0.151148 0.176901 0.706 0.765 0.745
0.474905 -0.150075 0.177251 0.702 0.761 0.741
0.476610 -0.148244 0.177273 0.690 0.749 0.729
0.478316 -0.146412 0.177294 0.671 0.729 0.710
0.480022 -0.144580 0.177315 0.651 0.710 0.690
0.481728 -0.142748 0.177337 0.643 0.702 0.682
0.483434 -0.140917 0.177358 0.639 0.698 0.678
0.485140 -0.139085 0.177380 0.639 0.698 0.678
0.487431 -0.138027 0.177730 0.639 0.698 0.678
0.488552 -0.135421 0.177423 0.643 0.702 0.682
0.490258 -0.133590 0.177444 0.651 0.710 0.690
0.491964 -0.131758 0.177465 0.639 0.710 0.686
0.493670 -0.129926 0.177487 0.600 0.671 0.647
0.495376 -0.128094 0.177508 0.596 0.667 0.643
0.497656 -0.127048 0.177859 0.604 0.675 0.651
-0.000162 0.586209 -0.114766 0.584 0.643 0.624
0.430127 -0.197054 0.173811 0.545 0.616 0.592
0.432477 -0.195932 0.174165 0.569 0.659 0.635
0.434823 -0.194813 0.174518 0.569 0.667 0.647
0.437166 -0.193697 0.174872 0.651 0.749 0.729
0.439505 -0.192586 0.175225 0.682 0.773 0.749
0.441841 -0.191478 0.175579 0.710 0.800 0.776
0.444173 -0.190374 0.175932 0.729 0.808 0.788
0.446501 -0.189274 0.176285 0.702 0.780 0.761
0.448826 -0.188178 0.176639 0.690 0.761 0.745
0.451148 -0.187085 0.176992 0.694 0.765 0.749
0.452841 -0.185267 0.177013 0.706 0.776 0.753
0.453912 -0.182717 0.176702 0.710 0.780 0.757
0.455608 -0.180896 0.176724 0.714 0.784 0.761
0.457303 -0.179076 0.176745 0.706 0.776 0.753
0.458998 -0.177256 0.176766 0.694 0.765 0.741
0.460078 -0.174696 0.176456 0.698 0.757 0.737
0.461775 -0.172874 0.176477 0.702 0.761 0.741
0.462860 -0.170309 0.176167 0.702 0.761 0.741
0.463949 -0.167739 0.175856 0.702 0.761 0.741
0.465649 -0.165913 0.175878 0.702 0.761 0.741
0.467350 -0.164087 0.175899 0.706 0.765 0.745
0.469051 -0.162261 0.175920 0.706 0.765 0.745
0.470148 -0.159683 0.175610 0.714 0.773 0.753
0.471850 -0.157855 0.175631 0.714 0.773 0.753
0.472953 -0.155271 0.175321 0.714 0.773 0.753
0.474657 -0.153441 0.175342 0.706 0.765 0.745
0.476361 -0.151611 0.175364 0.702 0.761 0.741
0.478660 -0.150543 0.175717 0.694 0.753 0.733
0.480362 -0.148715 0.175738 0.686 0.745 0.725
0.482065 -0.146887 0.175760 0.671 0.729 0.710
0.483178 -0.144292 0.175449 0.667 0.725 0.714
0.484882 -0.142462 0.175471 0.667 0.725 0.714
0.486586 -0.140632 0.175492 0.675 0.733 0.722
0.488874 -0.139575 0.175845 0.675 0.733 0.722
0.489995 -0.136972 0.175535 0.690 0.749 0.737
0.491118 -0.134365 0.175225 0.718 0.776 0.765
0.492824 -0.132533 0.175246 0.663 0.722 0.710
0.494530 -0.130702 0.175268 0.643 0.694 0.682
0.496236 -0.128870 0.175289 0.651 0.702 0.690
0.498515 -0.127823 0.175642 0.620 0.678 0.667
0.000360 0.586303 -0.119691 0.557 0.616 0.604
0.430989 -0.197832 0.171588 0.541 0.612 0.588
0.433338 -0.196708 0.171944 0.565 0.655 0.624
0.436321 -0.196302 0.172634 0.569 0.667 0.639
0.438661 -0.195188 0.172990 0.596 0.690 0.682
0.440998 -0.194077 0.173345 0.678 0.769 0.753
0.443963 -0.193690 0.174035 0.686 0.776 0.761
0.446291 -0.192589 0.174391 0.737 0.816 0.796
0.449244 -0.192215 0.175081 0.788 0.867 0.847
0.451563 -0.191124 0.175436 0.749 0.827 0.808
0.453253 -0.189309 0.175458 0.729 0.808 0.788
0.455567 -0.188224 0.175813 0.698 0.769 0.745
0.457255 -0.186411 0.175834 0.706 0.776 0.753
0.458943 -0.184598 0.175855 0.706 0.776 0.753
0.460013 -0.182051 0.175542 0.718 0.776 0.757
0.461703 -0.180236 0.175564 0.706 0.765 0.745
0.463393 -0.178421 0.175585 0.718 0.776 0.757
0.464470 -0.175866 0.175272 0.714 0.773 0.753
0.465551 -0.173308 0.174959 0.714 0.773 0.753
0.467244 -0.171489 0.174980 0.706 0.765 0.745
0.468330 -0.168925 0.174668 0.706 0.765 0.745
0.470026 -0.167104 0.174689 0.714 0.773 0.753
0.471117 -0.164534 0.174376 0.706 0.765 0.745
0.472814 -0.162712 0.174397 0.706 0.765 0.745
0.473910 -0.160136 0.174085 0.706 0.765 0.745
0.475010 -0.157556 0.173772 0.706 0.765 0.745
0.476711 -0.155730 0.173794 0.702 0.761 0.741
0.478412 -0.153904 0.173815 0.698 0.757 0.737
0.480112 -0.152078 0.173836 0.698 0.757 0.737
0.481813 -0.150252 0.173858 0.694 0.753 0.733
0.483513 -0.148426 0.173879 0.702 0.761 0.741
0.484626 -0.145833 0.173567 0.694 0.753 0.733
0.486328 -0.144005 0.173588 0.690 0.749 0.729
0.488031 -0.142177 0.173609 0.725 0.784 0.773
0.490316 -0.141122 0.173964 0.741 0.800 0.788
0.491435 -0.138522 0.173652 0.761 0.820 0.808
0.492558 -0.135917 0.173340 0.729 0.788 0.776
0.493685 -0.133309 0.173027 0.706 0.765 0.753
0.495391 -0.131477 0.173049 0.678 0.729 0.710
0.497097 -0.129646 0.173070 0.729 0.780 0.761
0.499375 -0.128598 0.173425 0.627 0.678 0.659
0.501079 -0.126768 0.173447 0.580 0.639 0.627
0.429500 -0.199737 0.169006 0.541 0.612 0.588
0.431852 -0.198609 0.169364 0.525 0.596 0.573
0.434838 -0.198195 0.170059 0.565 0.643 0.616
0.437818 -0.197790 0.170754 0.565 0.655 0.624
0.440155 -0.196676 0.171112 0.573 0.671 0.643
0.443122 -0.196284 0.171807 0.573 0.671 0.643
0.446083 -0.195899 0.172501 0.573 0.671 0.643
0.448406 -0.194801 0.172859 0.620 0.710 0.694
0.451354 -0.194429 0.173553 0.667 0.757 0.741
0.453668 -0.193341 0.173911 0.702 0.780 0.769
0.455979 -0.192256 0.174269 0.710 0.788 0.769
0.457664 -0.190447 0.174290 0.718 0.796 0.776
0.459348 -0.188638 0.174311 0.761 0.839 0.820
0.461033 -0.186830 0.174332 0.737 0.816 0.788
0.462718 -0.185021 0.174353 0.718 0.796 0.769
0.464402 -0.183212 0.174375 0.714 0.792 0.765
0.465473 -0.180665 0.174059 0.710 0.788 0.761
0.467160 -0.178854 0.174081 0.710 0.780 0.757
0.468236 -0.176302 0.173765 0.706 0.776 0.753
0.469924 -0.174489 0.173787 0.706 0.776 0.753
0.471006 -0.171931 0.173471 0.706 0.776 0.753
0.472696 -0.170117 0.173493 0.706 0.776 0.753
0.473783 -0.167553 0.173178 0.710 0.780 0.757
0.474873 -0.164985 0.172863 0.714 0.784 0.761
0.475967 -0.162414 0.172548 0.718 0.776 0.757
0.477064 -0.159839 0.172233 0.718 0.776 0.757
0.478761 -0.158017 0.172254 0.714 0.773 0.753
0.480458 -0.156195 0.172275 0.714 0.773 0.753
0.482155 -0.154372 0.172297 0.698 0.757 0.737
0.483853 -0.152550 0.172318 0.694 0.753 0.733
0.484961 -0.149964 0.172003 0.694 0.753 0.733
0.486072 -0.147373 0.171688 0.698 0.757 0.737
0.487773 -0.145547 0.171710 0.698 0.757 0.745
0.489473 -0.143721 0.171731 0.722 0.780 0.769
0.491174 -0.141895 0.171752 0.706 0.765 0.753
0.492875 -0.140069 0.171774 0.702 0.761 0.757
0.493997 -0.137468 0.171459 0.694 0.753 0.741
0.495122 -0.134862 0.171144 0.690 0.749 0.729
0.496827 -0.133032 0.171166 0.671 0.733 0.698
0.498531 -0.131202 0.171187 0.659 0.722 0.686
0.500235 -0.129373 0.171209 0.529 0.580 0.561
0.501939 -0.127543 0.171230 0.518 0.576 0.565
0.503643 -0.125713 0.171251 0.510 0.569 0.557
0.430363 -0.200515 0.166780 0.541 0.612 0.596
0.433354 -0.200094 0.167480 0.518 0.588 0.573
0.436337 -0.199681 0.168179 0.549 0.627 0.600
0.439313 -0.199276 0.168879 0.553 0.631 0.604
0.441647 -0.198164 0.169239 0.576 0.667 0.635
0.444611 -0.197771 0.169938 0.573 0.663 0.631
0.447568 -0.197387 0.170637 0.573 0.663 0.631
0.450517 -0.197010 0.171336 0.573 0.671 0.643
0.453459 -0.196640 0.172035 0.580 0.678 0.659
0.455769 -0.195555 0.172395 0.624 0.714 0.698
0.458076 -0.194473 0.172755 0.675 0.765 0.749
0.459757 -0.192668 0.172776 0.686 0.776 0.761
0.461438 -0.190863 0.172797 0.706 0.784 0.765
0.463119 -0.189058 0.172819 0.706 0.784 0.757
0.464801 -0.187253 0.172840 0.706 0.784 0.757
0.466482 -0.185447 0.172861 0.714 0.792 0.765
0.467550 -0.182905 0.172543 0.737 0.816 0.788
0.469233 -0.181098 0.172564 0.749 0.827 0.800
0.470307 -0.178551 0.172247 0.757 0.835 0.808
0.471991 -0.176742 0.172268 0.745 0.824 0.796
0.473070 -0.174188 0.171950 0.745 0.824 0.796
0.474757 -0.172377 0.171972 0.733 0.812 0.784
0.475841 -0.169818 0.171654 0.718 0.796 0.769
0.476928 -0.167256 0.171337 0.714 0.792 0.765
0.478020 -0.164689 0.171019 0.710 0.780 0.757
0.479114 -0.162118 0.170702 0.710 0.780 0.757
0.480808 -0.160300 0.170723 0.718 0.788 0.765
0.481908 -0.157724 0.170406 0.706 0.776 0.753
0.483603 -0.155903 0.170428 0.690 0.761 0.737
0.485299 -0.154083 0.170449 0.686 0.757 0.733
0.486406 -0.151499 0.170132 0.686 0.757 0.733
0.488103 -0.149677 0.170153 0.686 0.757 0.733
0.489800 -0.147855 0.170174 0.686 0.757 0.733
0.491497 -0.146033 0.170196 0.686 0.757 0.733
0.493194 -0.144210 0.170217 0.678 0.749 0.725
0.494312 -0.141615 0.169900 0.671 0.741 0.718
0.495433 -0.139016 0.169583 0.643 0.714 0.690
0.496558 -0.136414 0.169266 0.608 0.678 0.663
0.497686 -0.133807 0.168949 0.580 0.639 0.627
0.499390 -0.131977 0.168971 0.537 0.596 0.584
0.501095 -0.130147 0.168992 0.518 0.576 0.557
0.502799 -0.128318 0.169013 0.510 0.569 0.549
0.505070 -0.127274 0.169373 0.510 0.569 0.549
0.431867 -0.201999 0.164896 0.576 0.655 0.635
0.434854 -0.201578 0.165600 0.510 0.588 0.569
0.437833 -0.201166 0.166304 0.533 0.612 0.584
0.440171 -0.200049 0.166667 0.533 0.612 0.584
0.443138 -0.199649 0.167370 0.549 0.631 0.588
0.446098 -0.199257 0.168074 0.569 0.651 0.608
0.449051 -0.198873 0.168778 0.573 0.655 0.612
0.451997 -0.198496 0.169482 0.565 0.655 0.624
0.454936 -0.198127 0.170185 0.565 0.655 0.624
0.457243 -0.197043 0.170547 0.569 0.659 0.627
0.459547 -0.195962 0.170910 0.569 0.659 0.627
0.461847 -0.194885 0.171272 0.573 0.663 0.631
0.463525 -0.193084 0.171293 0.576 0.667 0.635
0.465202 -0.191283 0.171314 0.576 0.667 0.643
0.466880 -0.189481 0.171335 0.596 0.686 0.663
0.468558 -0.187680 0.171356 0.616 0.706 0.682
0.469623 -0.185143 0.171036 0.631 0.722 0.698
0.471303 -0.183339 0.171057 0.659 0.749 0.725
0.472373 -0.180796 0.170737 0.678 0.769 0.745
0.473448 -0.178249 0.170417 0.678 0.769 0.745
0.475131 -0.176442 0.170439 0.682 0.773 0.749
0.476211 -0.173890 0.170119 0.702 0.780 0.761
0.477294 -0.171333 0.169799 0.706 0.784 0.765
0.478381 -0.168773 0.169479 0.702 0.780 0.761
0.479471 -0.166209 0.169160 0.702 0.780 0.761
0.480565 -0.163642 0.168840 0.702 0.780 0.761
0.482257 -0.161825 0.168861 0.690 0.769 0.749
0.483949 -0.160008 0.168883 0.690 0.769 0.741
0.485640 -0.158192 0.168904 0.682 0.761 0.733
0.487332 -0.156375 0.168925 0.682 0.761 0.733
0.488437 -0.153796 0.168606 0.678 0.757 0.729
0.490130 -0.151978 0.168627 0.651 0.729 0.702
0.491824 -0.150159 0.168648 0.627 0.706 0.686
0.492935 -0.147573 0.168329 0.612 0.690 0.671
0.494631 -0.145752 0.168350 0.604 0.682 0.663
0.495747 -0.143160 0.168031 0.612 0.682 0.659
0.496868 -0.140564 0.167712 0.576 0.647 0.624
0.497992 -0.137963 0.167392 0.557 0.627 0.604
0.499119 -0.135360 0.167073 0.541 0.612 0.588
0.500822 -0.133532 0.167094 0.525 0.596 0.573
0.502524 -0.131704 0.167116 0.518 0.576 0.557
0.504226 -0.129876 0.167137 0.506 0.565 0.545
0.505929 -0.128048 0.167159 0.518 0.569 0.549
0.432729 -0.202776 0.162672 0.639 0.729 0.714
0.435714 -0.202354 0.163381 0.478 0.569 0.553
0.438692 -0.201939 0.164090 0.533 0.612 0.584
0.441663 -0.201533 0.164798 0.525 0.604 0.576
0.444626 -0.201133 0.165507 0.537 0.616 0.588
0.447583 -0.200742 0.166215 0.545 0.624 0.596
0.450532 -0.200358 0.166923 0.553 0.631 0.604
0.453475 -0.199981 0.167631 0.569 0.647 0.620
0.456410 -0.199612 0.168340 0.573 0.651 0.624
0.458715 -0.198529 0.168704 0.573 0.655 0.612
0.461016 -0.197450 0.169069 0.573 0.655 0.612
0.463313 -0.196374 0.169433 0.573 0.655 0.612
0.464989 -0.194574 0.169454 0.569 0.651 0.608
0.466665 -0.192775 0.169475 0.561 0.651 0.620
0.468341 -0.190975 0.169496 0.549 0.639 0.608
0.470017 -0.189176 0.169517 0.549 0.639 0.608
0.471082 -0.186641 0.169195 0.545 0.635 0.604
0.472759 -0.184840 0.169216 0.545 0.635 0.604
0.473829 -0.182300 0.168894 0.541 0.631 0.600
0.475509 -0.180496 0.168915 0.549 0.639 0.608
0.477188 -0.178693 0.168936 0.545 0.635 0.604
0.478265 -0.176145 0.168614 0.541 0.631 0.600
0.479346 -0.173593 0.168292 0.545 0.635 0.612
0.480430 -0.171038 0.167970 0.541 0.631 0.616
0.481518 -0.168478 0.167648 0.541 0.631 0.608
0.482609 -0.165915 0.167326 0.541 0.631 0.608
0.484297 -0.164103 0.167347 0.537 0.627 0.604
0.485985 -0.162290 0.167368 0.541 0.631 0.608
0.487084 -0.159719 0.167046 0.537 0.627 0.604
0.488774 -0.157904 0.167068 0.537 0.627 0.604
0.490464 -0.156090 0.167089 0.537 0.627 0.596
0.491569 -0.153511 0.166767 0.525 0.616 0.584
0.493261 -0.151695 0.166788 0.529 0.620 0.596
0.494953 -0.149878 0.166810 0.541 0.620 0.592
0.496065 -0.147292 0.166488 0.545 0.624 0.596
0.497181 -0.144703 0.166166 0.549 0.620 0.596
0.498301 -0.142109 0.165845 0.545 0.616 0.592
0.499424 -0.139512 0.165523 0.537 0.608 0.584
0.500550 -0.136911 0.165202 0.518 0.588 0.565
0.502251 -0.135085 0.165223 0.510 0.580 0.557
0.503952 -0.133259 0.165244 0.498 0.557 0.537
0.505085 -0.130650 0.164923 0.506 0.557 0.537
0.506788 -0.128822 0.164944 0.518 0.569 0.549
0.434230 -0.204257 0.160795 0.573 0.663 0.647
0.437212 -0.203835 0.161508 0.631 0.722 0.706
0.440186 -0.203421 0.162221 0.525 0.620 0.573
0.442520 -0.202305 0.162588 0.522 0.600 0.573
0.445482 -0.201904 0.163301 0.525 0.600 0.561
0.448436 -0.201511 0.164014 0.529 0.604 0.565
0.451384 -0.201125 0.164727 0.529 0.604 0.565
0.454951 -0.201464 0.165786 0.537 0.620 0.576
0.457258 -0.200377 0.166153 0.545 0.627 0.584
0.459562 -0.199293 0.166520 0.553 0.635 0.592
0.461862 -0.198212 0.166887 0.569 0.651 0.608
0.464159 -0.197136 0.167253 0.565 0.647 0.604
0.466452 -0.196063 0.167620 0.569 0.651 0.608
0.468126 -0.194266 0.167641 0.569 0.651 0.608
0.469800 -0.192468 0.167662 0.557 0.651 0.604
0.471474 -0.190671 0.167683 0.549 0.643 0.596
0.473148 -0.188873 0.167704 0.545 0.639 0.592
0.474214 -0.186339 0.167379 0.541 0.635 0.588
0.475283 -0.183801 0.167055 0.537 0.631 0.584
0.476961 -0.182000 0.167076 0.541 0.635 0.588
0.478639 -0.180199 0.167097 0.537 0.631 0.584
0.479715 -0.177653 0.166773 0.529 0.620 0.588
0.480795 -0.175104 0.166448 0.533 0.624 0.592
0.481878 -0.172551 0.166124 0.533 0.624 0.592
0.482965 -0.169995 0.165800 0.529 0.620 0.588
0.484055 -0.167434 0.165475 0.529 0.620 0.588
0.485741 -0.165623 0.165497 0.529 0.620 0.588
0.487428 -0.163813 0.165518 0.529 0.620 0.588
0.489114 -0.162002 0.165539 0.525 0.616 0.584
0.490801 -0.160191 0.165560 0.529 0.620 0.588
0.491902 -0.157619 0.165236 0.525 0.616 0.584
0.493590 -0.155806 0.165257 0.525 0.616 0.584
0.494696 -0.153229 0.164933 0.525 0.616 0.584
0.496386 -0.151414 0.164954 0.537 0.616 0.588
0.497498 -0.148831 0.164630 0.541 0.620 0.592
0.498613 -0.146244 0.164306 0.541 0.616 0.576
0.499732 -0.143653 0.163982 0.537 0.612 0.573
0.500854 -0.141058 0.163659 0.525 0.588 0.553
0.501980 -0.138460 0.163335 0.502 0.561 0.541
0.503679 -0.136636 0.163356 0.494 0.553 0.533
0.504810 -0.134032 0.163032 0.490 0.549 0.529
0.506510 -0.132206 0.163054 0.502 0.557 0.522
0.508211 -0.130380 0.163075 0.525 0.576 0.557
0.435092 -0.205034 0.158573 0.498 0.576 0.557
0.438071 -0.204610 0.159291 0.498 0.576 0.557
0.441044 -0.204194 0.160009 0.596 0.686 0.663
0.444009 -0.203786 0.160727 0.525 0.608 0.565
0.446337 -0.202675 0.161096 0.518 0.600 0.557
0.449290 -0.202280 0.161814 0.522 0.596 0.557
0.452236 -0.201893 0.162531 0.522 0.596 0.557
0.455800 -0.202230 0.163597 0.525 0.600 0.561
0.458106 -0.201141 0.163966 0.525 0.600 0.553
0.461031 -0.200776 0.164683 0.529 0.604 0.557
0.463328 -0.199697 0.165052 0.537 0.612 0.565
0.465623 -0.198622 0.165421 0.541 0.616 0.569
0.467913 -0.197550 0.165790 0.541 0.616 0.569
0.469585 -0.195755 0.165811 0.541 0.616 0.569
0.471258 -0.193959 0.165832 0.545 0.620 0.573
0.472930 -0.192163 0.165853 0.549 0.624 0.576
0.473993 -0.189634 0.165527 0.545 0.627 0.576
0.475667 -0.187836 0.165548 0.549 0.631 0.580
0.476735 -0.185301 0.165221 0.549 0.631 0.580
0.478411 -0.183502 0.165242 0.545 0.627 0.576
0.480087 -0.181703 0.165263 0.549 0.631 0.580
0.481163 -0.179160 0.164936 0.541 0.624 0.573
0.482840 -0.177359 0.164957 0.545 0.627 0.584
0.483921 -0.174810 0.164630 0.541 0.624 0.580
0.485005 -0.172258 0.164304 0.541 0.624 0.580
0.486093 -0.169702 0.163977 0.537 0.620 0.576
0.487776 -0.167895 0.163998 0.537 0.620 0.576
0.488869 -0.165334 0.163672 0.537 0.620 0.576
0.490553 -0.163525 0.163693 0.537 0.620 0.576
0.492238 -0.161716 0.163714 0.537 0.620 0.576
0.493338 -0.159147 0.163388 0.533 0.616 0.573
0.495025 -0.157336 0.163409 0.525 0.600 0.561
0.496130 -0.154761 0.163082 0.522 0.596 0.557
0.497818 -0.152948 0.163104 0.514 0.588 0.549
0.498929 -0.150368 0.162777 0.514 0.588 0.549
0.500043 -0.147783 0.162451 0.502 0.576 0.537
0.501161 -0.145195 0.162125 0.498 0.561 0.525
0.502282 -0.142603 0.161799 0.494 0.557 0.522
0.503407 -0.140008 0.161472 0.482 0.545 0.510
0.504536 -0.137408 0.161146 0.478 0.541 0.506
0.505667 -0.134805 0.160820 0.490 0.545 0.510
0.507368 -0.132979 0.160842 0.498 0.553 0.510
0.435954 -0.205810 0.156352 0.494 0.573 0.553
0.438931 -0.205385 0.157075 0.498 0.576 0.557
0.441902 -0.204968 0.157797 0.525 0.616 0.592
0.444865 -0.204558 0.158519 0.549 0.639 0.608
0.447192 -0.203446 0.158891 0.518 0.600 0.557
0.450143 -0.203049 0.159613 0.518 0.600 0.557
0.453087 -0.202660 0.160335 0.518 0.592 0.553
0.456649 -0.202995 0.161408 0.522 0.596 0.549
0.458954 -0.201905 0.161779 0.522 0.596 0.549
0.461877 -0.201539 0.162501 0.525 0.600 0.553
0.464174 -0.200459 0.162873 0.525 0.600 0.553
0.466467 -0.199383 0.163244 0.525 0.600 0.553
0.468757 -0.198311 0.163615 0.525 0.600 0.553
0.470429 -0.196515 0.163636 0.529 0.604 0.557
0.472101 -0.194719 0.163657 0.529 0.604 0.557
0.473774 -0.192924 0.163678 0.537 0.612 0.565
0.475446 -0.191128 0.163699 0.529 0.604 0.557
0.477118 -0.189332 0.163720 0.529 0.604 0.557
0.478186 -0.186800 0.163391 0.529 0.604 0.557
0.479860 -0.185002 0.163412 0.529 0.604 0.557
0.481534 -0.183205 0.163433 0.529 0.604 0.557
0.482609 -0.180665 0.163104 0.529 0.604 0.557
0.484284 -0.178866 0.163125 0.537 0.612 0.565
0.485364 -0.176320 0.162796 0.529 0.604 0.557
0.486448 -0.173771 0.162467 0.525 0.600 0.553
0.488127 -0.171967 0.162488 0.525 0.600 0.553
0.489216 -0.169412 0.162159 0.529 0.604 0.557
0.490897 -0.167607 0.162180 0.525 0.600 0.553
0.491991 -0.165046 0.161851 0.522 0.596 0.549
0.493674 -0.163239 0.161873 0.522 0.596 0.549
0.494773 -0.160673 0.161544 0.518 0.592 0.545
0.496457 -0.158864 0.161565 0.502 0.576 0.529
0.497562 -0.156292 0.161236 0.498 0.573 0.525
0.498670 -0.153716 0.160908 0.498 0.573 0.525
0.500358 -0.151903 0.160929 0.486 0.561 0.514
0.501472 -0.149322 0.160600 0.475 0.549 0.502
0.502589 -0.146736 0.160272 0.478 0.541 0.498
0.503709 -0.144147 0.159943 0.478 0.541 0.498
0.504263 -0.140779 0.159265 0.471 0.533 0.490
0.505393 -0.138181 0.158937 0.475 0.537 0.494
0.507092 -0.136356 0.158958 0.486 0.541 0.498
0.508226 -0.133752 0.158630 0.498 0.553 0.510
0.509927 -0.131926 0.158651 0.510 0.565 0.529
0.436179 -0.205885 0.153778 0.502 0.565 0.529
0.439157 -0.205456 0.154505 0.494 0.569 0.529
0.442760 -0.205741 0.155585 0.506 0.584 0.557
0.445722 -0.205329 0.156312 0.506 0.584 0.565
0.448047 -0.204216 0.156686 0.518 0.596 0.569
0.450997 -0.203818 0.157413 0.541 0.620 0.592
0.453939 -0.203428 0.158140 0.525 0.608 0.565
0.457498 -0.203760 0.159219 0.514 0.596 0.545
0.459803 -0.202670 0.159593 0.518 0.592 0.545
0.462724 -0.202302 0.160319 0.518 0.592 0.545
0.465019 -0.201221 0.160693 0.518 0.592 0.545
0.467312 -0.200144 0.161066 0.518 0.592 0.545
0.469600 -0.199071 0.161440 0.518 0.592 0.545
0.471273 -0.197275 0.161461 0.514 0.588 0.541
0.472945 -0.195480 0.161482 0.518 0.592 0.545
0.474618 -0.193684 0.161503 0.514 0.588 0.541
0.476290 -0.191888 0.161524 0.510 0.584 0.537
0.477962 -0.190093 0.161545 0.514 0.588 0.541
0.479635 -0.188297 0.161566 0.510 0.584 0.537
0.481307 -0.186501 0.161587 0.510 0.584 0.537
0.482979 -0.184706 0.161608 0.510 0.584 0.537
0.484053 -0.182168 0.161277 0.510 0.584 0.537
0.485727 -0.180371 0.161298 0.518 0.580 0.537
0.486806 -0.177828 0.160966 0.506 0.569 0.525
0.487888 -0.175281 0.160635 0.510 0.573 0.529
0.489566 -0.173480 0.160656 0.506 0.569 0.525
0.490654 -0.170928 0.160325 0.506 0.569 0.525
0.492333 -0.169124 0.160346 0.502 0.565 0.522
0.493426 -0.166566 0.160015 0.502 0.565 0.522
0.495107 -0.164761 0.160036 0.502 0.565 0.522
0.496206 -0.162197 0.159705 0.494 0.569 0.522
0.497307 -0.159630 0.159374 0.490 0.565 0.518
0.498413 -0.157059 0.159043 0.486 0.561 0.514
0.500099 -0.155248 0.159064 0.482 0.557 0.510
0.501210 -0.152671 0.158733 0.475 0.549 0.502
0.502324 -0.150090 0.158402 0.478 0.545 0.490
0.502870 -0.146735 0.157719 0.475 0.541 0.486
0.503993 -0.144145 0.157388 0.471 0.533 0.490
0.505120 -0.141551 0.157058 0.467 0.529 0.486
0.506250 -0.138953 0.156727 0.471 0.533 0.490
0.507383 -0.136351 0.156396 0.490 0.553 0.510
0.508521 -0.133746 0.156066 0.490 0.545 0.502
0.437042 -0.206662 0.151555 0.486 0.541 0.506
0.440018 -0.206232 0.152286 0.494 0.569 0.529
0.442986 -0.205809 0.153018 0.498 0.576 0.549
0.446578 -0.206101 0.154105 0.498 0.576 0.549
0.448903 -0.204987 0.154481 0.506 0.584 0.557
0.451850 -0.204588 0.155212 0.506 0.584 0.557
0.454791 -0.204195 0.155944 0.522 0.592 0.569
0.458347 -0.204525 0.157030 0.537 0.620 0.576
0.460651 -0.203434 0.157406 0.518 0.600 0.549
0.463570 -0.203065 0.158137 0.514 0.588 0.541
0.465865 -0.201983 0.158513 0.514 0.588 0.541
0.468156 -0.200905 0.158889 0.518 0.592 0.545
0.470444 -0.199831 0.159265 0.514 0.588 0.541
0.472117 -0.198036 0.159286 0.510 0.584 0.537
0.473789 -0.196240 0.159307 0.510 0.584 0.537
0.475461 -0.194444 0.159328 0.510 0.584 0.537
0.477134 -0.192649 0.159349 0.502 0.576 0.529
0.478806 -0.190853 0.159370 0.502 0.576 0.529
0.480478 -0.189057 0.159391 0.498 0.573 0.525
0.482151 -0.187262 0.159412 0.498 0.573 0.525
0.483823 -0.185466 0.159433 0.502 0.576 0.529
0.485495 -0.183670 0.159454 0.498 0.573 0.525
0.486571 -0.181132 0.159120 0.494 0.569 0.522
0.488246 -0.179334 0.159141 0.490 0.565 0.518
0.489327 -0.176790 0.158807 0.490 0.565 0.518
0.490412 -0.174243 0.158474 0.494 0.569 0.522
0.492090 -0.172441 0.158495 0.490 0.565 0.518
0.493180 -0.169888 0.158161 0.490 0.565 0.518
0.494274 -0.167331 0.157828 0.490 0.565 0.518
0.495955 -0.165526 0.157849 0.490 0.565 0.518
0.497055 -0.162963 0.157516 0.490 0.565 0.518
0.498157 -0.160396 0.157182 0.494 0.557 0.514
0.499264 -0.157825 0.156849 0.482 0.545 0.502
0.500374 -0.155251 0.156516 0.478 0.541 0.498
0.501487 -0.152673 0.156182 0.475 0.537 0.494
0.502604 -0.150091 0.155849 0.471 0.537 0.482
0.503724 -0.147505 0.155516 0.467 0.533 0.478
0.504279 -0.144145 0.154829 0.463 0.529 0.475
0.505408 -0.141549 0.154496 0.467 0.533 0.478
0.506541 -0.138950 0.154163 0.471 0.537 0.482
0.507677 -0.136348 0.153830 0.463 0.529 0.475
0.508817 -0.133741 0.153497 0.463 0.525 0.482
0.437270 -0.206739 0.148974 0.431 0.467 0.431
0.440246 -0.206306 0.149710 0.541 0.549 0.514
0.443215 -0.205880 0.150446 0.506 0.569 0.525
0.446805 -0.206167 0.151540 0.498 0.573 0.525
0.449758 -0.205758 0.152276 0.498 0.573 0.533
0.452704 -0.205357 0.153012 0.498 0.573 0.533
0.455643 -0.204963 0.153748 0.498 0.573 0.533
0.459196 -0.205290 0.154841 0.502 0.573 0.549
0.461499 -0.204198 0.155219 0.506 0.588 0.545
0.464416 -0.203827 0.155955 0.510 0.592 0.549
0.467327 -0.203464 0.156690 0.510 0.592 0.549
0.469616 -0.202387 0.157068 0.510 0.592 0.541
0.471901 -0.201314 0.157447 0.510 0.592 0.541
0.473571 -0.199521 0.157468 0.510 0.584 0.537
0.475242 -0.197727 0.157489 0.502 0.576 0.529
0.476912 -0.195933 0.157510 0.502 0.576 0.529
0.478583 -0.194139 0.157531 0.498 0.573 0.525
0.480254 -0.192346 0.157552 0.498 0.573 0.525
0.481924 -0.190552 0.157572 0.498 0.573 0.525
0.482994 -0.188022 0.157236 0.498 0.573 0.525
0.484667 -0.186226 0.157257 0.494 0.569 0.522
0.486339 -0.184431 0.157278 0.494 0.569 0.522
0.487416 -0.181893 0.156942 0.490 0.565 0.518
0.489090 -0.180096 0.156963 0.486 0.561 0.514
0.490173 -0.177552 0.156628 0.490 0.565 0.518
0.491259 -0.175005 0.156292 0.490 0.565 0.518
0.492936 -0.173204 0.156313 0.490 0.565 0.518
0.493441 -0.169900 0.155620 0.486 0.561 0.514
0.495122 -0.168095 0.155641 0.486 0.561 0.514
0.496221 -0.165535 0.155305 0.486 0.561 0.514
0.497323 -0.162971 0.154970 0.490 0.553 0.510
0.498428 -0.160403 0.154634 0.482 0.545 0.502
0.499537 -0.157831 0.154299 0.478 0.541 0.498
0.500649 -0.155256 0.153963 0.475 0.537 0.494
0.501766 -0.152677 0.153628 0.471 0.533 0.490
0.502885 -0.150094 0.153292 0.467 0.533 0.478
0.503438 -0.146738 0.152600 0.463 0.529 0.475
0.504566 -0.144146 0.152265 0.463 0.529 0.475
0.505698 -0.141550 0.151929 0.455 0.522 0.467
0.506834 -0.138950 0.151594 0.455 0.522 0.467
0.507973 -0.136346 0.151259 0.451 0.518 0.463
0.509115 -0.133738 0.150924 0.463 0.525 0.482
0.436867 -0.206119 0.146028 0.431 0.451 0.412
0.440476 -0.206381 0.147129 0.439 0.388 0.345
0.444074 -0.206654 0.148230 0.592 0.541 0.498
0.447034 -0.206234 0.148970 0.518 0.569 0.502
0.449987 -0.205822 0.149711 0.502 0.565 0.522
0.453557 -0.206126 0.150811 0.502 0.565 0.522
0.456494 -0.205731 0.151552 0.490 0.565 0.525
0.460045 -0.206055 0.152652 0.498 0.573 0.533
0.462347 -0.204963 0.153032 0.498 0.573 0.533
0.465880 -0.205306 0.154132 0.494 0.576 0.533
0.468171 -0.204225 0.154513 0.498 0.580 0.537
0.470459 -0.203148 0.154893 0.494 0.576 0.533
0.473356 -0.202796 0.155633 0.494 0.576 0.533
0.475024 -0.201004 0.155654 0.502 0.576 0.537
0.476693 -0.199212 0.155675 0.498 0.573 0.533
0.478362 -0.197420 0.155696 0.502 0.576 0.537
0.480031 -0.195628 0.155717 0.502 0.576 0.537
0.481700 -0.193837 0.155738 0.502 0.576 0.529
0.483368 -0.192045 0.155759 0.502 0.576 0.529
0.484438 -0.189518 0.155421 0.502 0.576 0.529
0.486108 -0.187724 0.155441 0.502 0.576 0.529
0.487183 -0.185191 0.155103 0.502 0.576 0.529
0.488261 -0.182654 0.154765 0.502 0.576 0.529
0.489935 -0.180857 0.154786 0.510 0.584 0.537
0.491018 -0.178314 0.154448 0.490 0.565 0.518
0.492105 -0.175768 0.154110 0.490 0.565 0.518
0.493195 -0.173218 0.153771 0.490 0.565 0.518
0.494289 -0.170665 0.153433 0.490 0.565 0.518
0.495387 -0.168107 0.153095 0.498 0.561 0.518
0.496488 -0.165546 0.152757 0.498 0.561 0.518
0.497592 -0.162981 0.152419 0.494 0.557 0.514
0.498700 -0.160412 0.152081 0.482 0.545 0.502
0.499812 -0.157839 0.151744 0.475 0.537 0.494
0.500927 -0.155262 0.151406 0.471 0.533 0.490
0.501473 -0.151918 0.150709 0.467 0.529 0.486
0.502597 -0.149332 0.150371 0.455 0.518 0.475
0.503155 -0.145975 0.149675 0.455 0.518 0.475
0.504288 -0.143379 0.149337 0.451 0.514 0.471
0.505424 -0.140780 0.149000 0.451 0.514 0.471
0.506564 -0.138177 0.148662 0.451 0.514 0.471
0.507707 -0.135570 0.148325 0.451 0.514 0.471
0.509415 -0.133737 0.148346 0.463 0.518 0.475
0.433481 -0.205953 0.142328 0.498 0.518 0.471
0.437100 -0.206200 0.143436 0.459 0.478 0.431
0.440708 -0.206458 0.144543 0.447 0.392 0.333
0.444305 -0.206727 0.145651 0.482 0.369 0.322
0.447265 -0.206303 0.146396 0.529 0.494 0.427
0.450843 -0.206594 0.147504 0.510 0.561 0.494
0.454411 -0.206895 0.148611 0.510 0.561 0.494
0.457346 -0.206498 0.149356 0.498 0.561 0.518
0.460894 -0.206820 0.150463 0.494 0.569 0.522
0.463195 -0.205727 0.150846 0.494 0.569 0.529
0.466725 -0.206068 0.151952 0.494 0.569 0.529
0.469631 -0.205704 0.152697 0.494 0.569 0.529
0.471916 -0.204627 0.153080 0.498 0.573 0.533
0.474197 -0.203555 0.153463 0.494 0.569 0.529
0.476476 -0.202486 0.153845 0.498 0.573 0.533
0.478143 -0.200696 0.153866 0.494 0.569 0.529
0.479810 -0.198906 0.153887 0.494 0.569 0.529
0.481477 -0.197116 0.153908 0.494 0.569 0.529
0.483144 -0.195326 0.153929 0.494 0.569 0.522
0.484811 -0.193536 0.153950 0.494 0.569 0.522
0.485879 -0.191012 0.153609 0.494 0.569 0.522
0.486951 -0.188483 0.153269 0.498 0.573 0.525
0.488026 -0.185951 0.152928 0.494 0.569 0.522
0.489105 -0.183415 0.152587 0.490 0.565 0.518
0.490779 -0.181618 0.152608 0.490 0.565 0.518
0.491864 -0.179076 0.152268 0.490 0.565 0.518
0.492951 -0.176531 0.151927 0.486 0.561 0.514
0.494043 -0.173982 0.151587 0.490 0.565 0.518
0.494553 -0.170679 0.150885 0.486 0.561 0.514
0.495653 -0.168121 0.150545 0.494 0.557 0.514
0.496757 -0.165558 0.150205 0.494 0.557 0.514
0.497864 -0.162992 0.149864 0.482 0.545 0.502
0.498975 -0.160422 0.149524 0.475 0.537 0.494
0.500089 -0.157848 0.149184 0.475 0.537 0.494
0.500633 -0.154509 0.148483 0.463 0.525 0.482
0.501756 -0.151926 0.148143 0.463 0.525 0.482
0.502312 -0.148574 0.147441 0.447 0.510 0.467
0.502875 -0.145215 0.146740 0.451 0.514 0.471
0.504013 -0.142616 0.146400 0.447 0.510 0.467
0.505154 -0.140014 0.146061 0.455 0.510 0.467
0.506298 -0.137408 0.145721 0.455 0.510 0.467
0.507446 -0.134798 0.145381 0.455 0.510 0.467
0.509157 -0.132960 0.145403 0.463 0.510 0.471
0.433083 -0.205345 0.139360 0.467 0.478 0.416
0.436703 -0.205585 0.140474 0.447 0.459 0.396
0.440312 -0.205837 0.141589 0.545 0.471 0.404
0.443910 -0.206100 0.142703 0.467 0.349 0.286
0.447498 -0.206374 0.143818 0.482 0.341 0.259
0.451075 -0.206660 0.144932 0.498 0.373 0.278
0.454642 -0.206957 0.146046 0.549 0.424 0.329
0.458198 -0.207266 0.147160 0.576 0.541 0.467
0.461124 -0.206875 0.147909 0.514 0.553 0.490
0.464043 -0.206491 0.148659 0.494 0.561 0.506
0.467571 -0.206830 0.149772 0.498 0.565 0.510
0.470474 -0.206464 0.150522 0.498 0.565 0.510
0.472759 -0.205387 0.150907 0.502 0.565 0.522
0.475039 -0.204313 0.151292 0.490 0.565 0.518
0.477317 -0.203244 0.151677 0.490 0.565 0.518
0.479590 -0.202178 0.152062 0.490 0.565 0.518
0.481256 -0.200390 0.152083 0.490 0.565 0.518
0.482921 -0.198602 0.152104 0.486 0.561 0.514
0.484586 -0.196814 0.152125 0.486 0.561 0.514
0.485652 -0.194294 0.151782 0.486 0.561 0.514
0.486721 -0.191770 0.151439 0.486 0.561 0.514
0.487794 -0.189243 0.151096 0.490 0.565 0.518
0.488870 -0.186712 0.150753 0.490 0.565 0.518
0.489950 -0.184177 0.150410 0.482 0.557 0.510
0.491624 -0.182379 0.150431 0.475 0.549 0.502
0.492709 -0.179838 0.150088 0.475 0.549 0.502
0.493798 -0.177294 0.149745 0.475 0.549 0.502
0.494304 -0.173998 0.149039 0.475 0.549 0.502
0.494818 -0.170695 0.148332 0.475 0.549 0.502
0.495921 -0.168136 0.147990 0.471 0.545 0.498
0.497027 -0.165572 0.147647 0.475 0.549 0.502
0.498137 -0.163005 0.147305 0.478 0.541 0.498
0.498674 -0.159677 0.146599 0.471 0.533 0.490
0.499793 -0.157101 0.146256 0.467 0.529 0.486
0.500342 -0.153760 0.145550 0.463 0.525 0.482
0.500898 -0.150411 0.144844 0.455 0.518 0.475
0.502031 -0.147819 0.144502 0.455 0.510 0.467
0.502600 -0.144458 0.143796 0.455 0.510 0.467
0.503741 -0.141856 0.143454 0.451 0.506 0.463
0.504887 -0.139251 0.143112 0.447 0.502 0.459
0.506035 -0.136642 0.142770 0.463 0.502 0.455
0.507188 -0.134029 0.142428 0.435 0.400 0.365
0.508902 -0.132188 0.142450 0.431 0.396 0.369
0.432689 -0.204740 0.136382 0.471 0.467 0.400
0.436310 -0.204974 0.137504 0.443 0.439 0.373
0.439919 -0.205219 0.138625 0.565 0.475 0.392
0.444146 -0.206176 0.140113 0.545 0.439 0.353
0.447733 -0.206446 0.141234 0.525 0.392 0.298
0.451932 -0.207432 0.142722 0.506 0.349 0.247
0.454874 -0.207021 0.143477 0.514 0.357 0.255
0.458430 -0.207325 0.144597 0.482 0.341 0.251
0.461974 -0.207641 0.145718 0.592 0.518 0.467
0.464891 -0.207256 0.146472 0.549 0.561 0.498
0.467802 -0.206878 0.147226 0.510 0.561 0.494
0.471318 -0.207224 0.148347 0.510 0.561 0.494
0.473601 -0.206146 0.148734 0.506 0.565 0.510
0.475881 -0.205072 0.149121 0.494 0.557 0.514
0.478158 -0.204002 0.149509 0.498 0.561 0.518
0.480430 -0.202935 0.149896 0.498 0.561 0.518
0.482096 -0.201147 0.149917 0.498 0.561 0.518
0.483761 -0.199359 0.149938 0.494 0.557 0.514
0.485426 -0.197571 0.149959 0.490 0.553 0.510
0.486493 -0.195052 0.149613 0.490 0.553 0.510
0.487563 -0.192529 0.149268 0.490 0.553 0.510
0.488637 -0.190002 0.148923 0.494 0.557 0.514
0.489714 -0.187472 0.148577 0.482 0.557 0.510
0.490794 -0.184938 0.148232 0.475 0.549 0.502
0.491879 -0.182400 0.147887 0.475 0.549 0.502
0.492966 -0.179858 0.147542 0.475 0.549 0.502
0.494058 -0.177312 0.147197 0.471 0.545 0.498
0.494568 -0.174017 0.146486 0.475 0.549 0.502
0.495085 -0.170713 0.145775 0.467 0.541 0.494
0.496191 -0.168153 0.145430 0.467 0.541 0.494
0.497300 -0.165588 0.145085 0.471 0.545 0.498
0.498412 -0.163020 0.144740 0.471 0.533 0.490
0.498953 -0.159692 0.144030 0.471 0.525 0.482
0.499500 -0.156356 0.143319 0.475 0.525 0.475
0.500055 -0.153013 0.142609 0.471 0.510 0.463
0.501187 -0.150424 0.142264 0.471 0.510 0.463
0.501754 -0.147068 0.141554 0.467 0.498 0.447
0.502327 -0.143704 0.140843 0.494 0.502 0.439
0.503474 -0.141099 0.140499 0.494 0.420 0.369
0.504623 -0.138491 0.140155 0.412 0.337 0.286
0.505776 -0.135879 0.139811 0.455 0.325 0.267
0.506933 -0.133263 0.139466 0.486 0.341 0.278
0.508651 -0.131418 0.139488 0.459 0.388 0.353
0.432930 -0.204831 0.133764 0.463 0.443 0.373
0.436550 -0.205061 0.134893 0.443 0.424 0.353
0.440158 -0.205302 0.136021 0.494 0.369 0.275
0.444383 -0.206255 0.137518 0.549 0.427 0.322
0.447969 -0.206520 0.138647 0.627 0.498 0.392
0.452167 -0.207501 0.140144 0.498 0.306 0.188
0.455730 -0.207791 0.141271 0.514 0.322 0.204
0.459282 -0.208093 0.142399 0.498 0.302 0.169
0.462824 -0.208407 0.143527 0.498 0.286 0.184
0.465740 -0.208020 0.144285 0.498 0.282 0.208
0.468648 -0.207641 0.145044 0.451 0.286 0.239
0.471550 -0.207270 0.145803 0.463 0.298 0.251
0.474444 -0.206906 0.146561 0.518 0.443 0.392
0.476723 -0.205831 0.146951 0.553 0.549 0.490
0.478999 -0.204760 0.147340 0.529 0.561 0.502
0.481271 -0.203692 0.147730 0.506 0.557 0.490
0.482936 -0.201904 0.147751 0.506 0.557 0.490
0.484601 -0.200116 0.147772 0.498 0.557 0.486
0.486266 -0.198328 0.147793 0.498 0.557 0.494
0.487334 -0.195810 0.147445 0.498 0.557 0.494
0.488405 -0.193288 0.147097 0.498 0.557 0.494
0.489479 -0.190762 0.146750 0.498 0.557 0.494
0.490557 -0.188232 0.146402 0.482 0.549 0.486
0.491639 -0.185699 0.146055 0.482 0.549 0.486
0.492724 -0.183162 0.145707 0.478 0.545 0.482
0.493226 -0.179879 0.144991 0.478 0.545 0.482
0.494320 -0.177332 0.144644 0.475 0.541 0.478
0.494833 -0.174036 0.143928 0.475 0.541 0.478
0.495936 -0.171480 0.143581 0.475 0.541 0.478
0.495882 -0.167422 0.142497 0.475 0.541 0.478
0.496996 -0.164854 0.142150 0.475 0.541 0.478
0.498113 -0.162283 0.141803 0.471 0.529 0.467
0.498658 -0.158953 0.141088 0.475 0.514 0.459
0.499211 -0.155615 0.140373 0.486 0.506 0.459
0.499771 -0.152270 0.139658 0.522 0.506 0.463
0.500338 -0.148917 0.138943 0.518 0.502 0.459
0.500912 -0.145557 0.138228 0.447 0.376 0.333
0.501493 -0.142189 0.137513 0.424 0.290 0.243
0.502645 -0.139579 0.137167 0.424 0.259 0.204
0.503801 -0.136966 0.136820 0.439 0.275 0.220
0.504960 -0.134349 0.136474 0.482 0.310 0.239
0.506682 -0.132500 0.136495 0.494 0.341 0.263
0.508404 -0.130652 0.136517 0.459 0.380 0.341
0.433173 -0.204925 0.131142 0.467 0.439 0.365
0.436791 -0.205150 0.132277 0.451 0.424 0.349
0.440399 -0.205387 0.133413 0.494 0.376 0.251
0.444622 -0.206334 0.134919 0.522 0.388 0.259
0.448830 -0.207297 0.136425 0.565 0.384 0.271
0.452403 -0.207571 0.137560 0.502 0.294 0.165
0.456585 -0.208562 0.139066 0.514 0.306 0.176
0.460135 -0.208862 0.140201 0.498 0.286 0.137
0.463674 -0.209172 0.141335 0.498 0.263 0.141
0.466588 -0.208784 0.142099 0.498 0.259 0.165
0.469495 -0.208404 0.142862 0.463 0.259 0.173
0.472394 -0.208031 0.143625 0.471 0.259 0.157
0.475287 -0.207665 0.144388 0.408 0.271 0.169
0.477565 -0.206589 0.144780 0.325 0.278 0.173
0.479840 -0.205518 0.145172 0.298 0.290 0.200
0.482111 -0.204449 0.145564 0.286 0.314 0.227
0.483776 -0.202661 0.145585 0.282 0.310 0.224
0.485441 -0.200873 0.145606 0.322 0.349 0.263
0.487106 -0.199085 0.145626 0.412 0.427 0.337
0.488175 -0.196568 0.145277 0.439 0.404 0.322
0.489247 -0.194046 0.144927 0.463 0.388 0.322
0.490322 -0.191521 0.144577 0.478 0.404 0.337
0.491401 -0.188993 0.144227 0.529 0.447 0.380
0.492484 -0.186460 0.143877 0.533 0.459 0.400
0.492982 -0.183185 0.143157 0.549 0.475 0.416
0.493487 -0.179902 0.142436 0.537 0.463 0.404
0.494583 -0.177354 0.142087 0.510 0.443 0.380
0.495101 -0.174058 0.141366 0.486 0.420 0.357
0.496206 -0.171500 0.141017 0.478 0.412 0.349
0.496157 -0.167443 0.139926 0.459 0.357 0.298
0.497273 -0.164874 0.139577 0.455 0.353 0.294
0.497817 -0.161549 0.138857 0.416 0.278 0.212
0.498368 -0.158217 0.138137 0.435 0.251 0.200
0.498926 -0.154877 0.137418 0.451 0.247 0.212
0.499491 -0.151530 0.136698 0.455 0.247 0.196
0.500063 -0.148175 0.135978 0.451 0.243 0.192
0.500642 -0.144812 0.135259 0.455 0.239 0.157
0.501229 -0.141442 0.134540 0.455 0.239 0.157
0.502385 -0.138830 0.134191 0.455 0.239 0.157
0.503546 -0.136213 0.133842 0.471 0.255 0.173
0.504709 -0.133593 0.133493 0.486 0.314 0.204
0.506435 -0.131741 0.133515 0.502 0.353 0.247
0.508160 -0.129888 0.133536 0.455 0.404 0.353
0.433417 -0.205020 0.128515 0.467 0.443 0.349
0.437035 -0.205241 0.129657 0.451 0.427 0.333
0.441268 -0.206170 0.131173 0.490 0.384 0.239
0.444863 -0.206416 0.132315 0.486 0.337 0.188
0.449069 -0.207373 0.133831 0.506 0.298 0.169
0.452641 -0.207643 0.134973 0.506 0.275 0.133
0.456821 -0.208629 0.136488 0.518 0.286 0.145
0.460370 -0.208924 0.137629 0.498 0.259 0.114
0.463908 -0.209231 0.138771 0.502 0.247 0.125
0.466822 -0.208839 0.139539 0.494 0.251 0.141
0.469729 -0.208455 0.140306 0.463 0.243 0.141
0.472629 -0.208078 0.141074 0.471 0.251 0.149
0.474913 -0.206994 0.141469 0.404 0.255 0.149
0.477800 -0.206631 0.142236 0.302 0.263 0.145
0.480076 -0.205556 0.142630 0.243 0.271 0.169
0.482348 -0.204485 0.143025 0.227 0.294 0.184
0.484015 -0.202695 0.143045 0.235 0.302 0.192
0.485682 -0.200906 0.143066 0.251 0.318 0.208
0.487349 -0.199116 0.143087 0.278 0.322 0.204
0.488420 -0.196597 0.142735 0.353 0.337 0.231
0.489494 -0.194075 0.142383 0.392 0.294 0.216
0.490572 -0.191548 0.142031 0.392 0.294 0.216
0.491654 -0.189019 0.141679 0.435 0.282 0.212
0.492739 -0.186485 0.141327 0.467 0.278 0.212
0.493241 -0.183209 0.140602 0.463 0.275 0.208
0.494335 -0.180666 0.140250 0.459 0.271 0.204
0.494849 -0.177377 0.139525 0.467 0.286 0.216
0.495951 -0.174824 0.139173 0.467 0.294 0.224
0.496478 -0.171522 0.138448 0.459 0.286 0.224
0.496433 -0.167465 0.137351 0.475 0.294 0.224
0.496975 -0.164146 0.136626 0.482 0.302 0.231
0.498099 -0.161570 0.136274 0.467 0.271 0.180
0.498080 -0.157485 0.135177 0.482 0.251 0.173
0.498644 -0.154142 0.134453 0.471 0.239 0.169
0.499214 -0.150793 0.133729 0.475 0.231 0.157
0.499792 -0.147436 0.133005 0.471 0.227 0.153
0.500376 -0.144071 0.132281 0.471 0.231 0.145
0.500968 -0.140699 0.131557 0.467 0.227 0.141
0.502129 -0.138083 0.131206 0.451 0.239 0.137
0.503294 -0.135464 0.130855 0.486 0.275 0.173
0.504462 -0.132841 0.130504 0.486 0.314 0.196
0.506191 -0.130985 0.130525 0.490 0.361 0.255
0.507920 -0.129128 0.130547 0.455 0.439 0.396
0.434292 -0.205809 0.126259 0.455 0.427 0.353
0.437907 -0.206027 0.127408 0.451 0.424 0.349
0.442137 -0.206953 0.128933 0.510 0.431 0.290
0.445729 -0.207196 0.130082 0.525 0.400 0.259
0.449310 -0.207451 0.131231 0.510 0.349 0.204
0.452881 -0.207717 0.132380 0.490 0.298 0.145
0.456441 -0.207995 0.133529 0.475 0.282 0.129
0.459991 -0.208283 0.134677 0.482 0.243 0.098
0.463530 -0.208584 0.135826 0.506 0.251 0.137
0.466446 -0.208187 0.136598 0.490 0.231 0.153
0.469354 -0.207797 0.137371 0.498 0.278 0.184
0.472256 -0.207415 0.138143 0.490 0.271 0.176
0.475150 -0.207041 0.138915 0.467 0.263 0.176
0.477432 -0.205958 0.139312 0.349 0.239 0.129
0.479710 -0.204879 0.139709 0.243 0.278 0.145
0.482587 -0.204523 0.140481 0.204 0.294 0.153
0.484255 -0.202731 0.140502 0.196 0.286 0.145
0.485924 -0.200939 0.140522 0.200 0.298 0.161
0.487593 -0.199148 0.140543 0.204 0.302 0.157
0.489262 -0.197356 0.140564 0.224 0.302 0.165
0.490337 -0.194834 0.140210 0.255 0.290 0.157
0.491416 -0.192309 0.139855 0.259 0.294 0.161
0.492499 -0.189780 0.139501 0.345 0.271 0.157
0.492997 -0.186511 0.138771 0.424 0.251 0.141
0.493502 -0.183236 0.138042 0.482 0.243 0.141
0.494598 -0.180691 0.137688 0.494 0.255 0.153
0.495116 -0.177402 0.136958 0.494 0.255 0.153
0.496221 -0.174848 0.136604 0.498 0.263 0.149
0.496751 -0.171546 0.135875 0.494 0.278 0.157
0.496711 -0.167489 0.134770 0.494 0.278 0.149
0.497256 -0.164169 0.134041 0.498 0.282 0.153
0.498383 -0.161593 0.133687 0.475 0.239 0.110
0.498369 -0.157508 0.132583 0.486 0.220 0.110
0.498936 -0.154165 0.131854 0.490 0.224 0.122
0.499510 -0.150815 0.131125 0.490 0.224 0.122
0.500091 -0.147458 0.130397 0.486 0.220 0.118
0.500679 -0.144093 0.129668 0.463 0.204 0.110
0.501274 -0.140720 0.128940 0.463 0.216 0.118
0.501877 -0.137340 0.128211 0.451 0.271 0.157
0.503046 -0.134718 0.127858 0.498 0.318 0.204
0.504218 -0.132092 0.127505 0.459 0.357 0.243
0.505951 -0.130232 0.127526 0.455 0.443 0.388
0.507683 -0.128371 0.127548 0.486 0.522 0.494
0.434539 -0.205906 0.123625 0.435 0.443 0.373
0.438779 -0.206813 0.125160 0.459 0.467 0.396
0.442381 -0.207041 0.126316 0.486 0.463 0.369
0.445972 -0.207280 0.127472 0.482 0.416 0.302
0.449553 -0.207530 0.128627 0.502 0.376 0.235
0.453123 -0.207792 0.129783 0.537 0.376 0.224
0.456682 -0.208065 0.130939 0.502 0.341 0.188
0.459615 -0.207646 0.131716 0.467 0.243 0.110
0.463155 -0.207940 0.132871 0.475 0.216 0.122
0.466685 -0.208245 0.134027 0.463 0.200 0.141
0.469593 -0.207852 0.134804 0.529 0.314 0.239
0.472495 -0.207467 0.135581 0.502 0.286 0.212
0.475389 -0.207089 0.136358 0.471 0.267 0.180
0.477671 -0.206003 0.136757 0.400 0.231 0.141
0.479950 -0.204921 0.137155 0.282 0.263 0.133
0.482226 -0.203843 0.137554 0.212 0.294 0.145
0.484498 -0.202769 0.137953 0.204 0.286 0.137
0.486168 -0.200975 0.137974 0.192 0.294 0.137
0.487839 -0.199181 0.137995 0.192 0.290 0.145
0.489509 -0.197387 0.138016 0.200 0.298 0.153
0.490588 -0.194865 0.137659 0.212 0.294 0.145
0.491669 -0.192338 0.137303 0.212 0.294 0.145
0.492754 -0.189808 0.136946 0.271 0.278 0.145
0.493256 -0.186540 0.136212 0.357 0.247 0.129
0.493764 -0.183263 0.135477 0.463 0.243 0.133
0.494864 -0.180718 0.135121 0.471 0.251 0.141
0.495385 -0.177429 0.134387 0.498 0.255 0.137
0.496493 -0.174874 0.134030 0.498 0.263 0.133
0.497026 -0.171571 0.133297 0.498 0.275 0.141
0.496990 -0.167515 0.132185 0.498 0.278 0.133
0.497539 -0.164195 0.131452 0.494 0.275 0.129
0.498669 -0.161617 0.131095 0.471 0.227 0.102
0.498659 -0.157532 0.129984 0.482 0.216 0.106
0.499230 -0.154190 0.129251 0.486 0.220 0.110
0.499807 -0.150840 0.128518 0.490 0.224 0.114
0.500392 -0.147482 0.127784 0.475 0.220 0.114
0.500419 -0.143357 0.126674 0.463 0.204 0.110
0.501020 -0.139982 0.125941 0.384 0.271 0.216
0.502188 -0.137363 0.125585 0.471 0.451 0.380
0.503360 -0.134740 0.125230 0.490 0.471 0.400
0.504535 -0.132113 0.124874 0.467 0.490 0.424
0.505714 -0.129482 0.124519 0.467 0.498 0.455
0.507450 -0.127618 0.124540 0.486 0.537 0.518
0.435415 -0.206695 0.121367 0.275 0.322 0.290
0.439026 -0.206907 0.122530 0.255 0.302 0.271
0.442627 -0.207131 0.123693 0.224 0.290 0.302
0.446217 -0.207365 0.124856 0.220 0.306 0.345
0.449797 -0.207612 0.126019 0.325 0.380 0.396
0.453366 -0.207869 0.127182 0.478 0.416 0.325
0.456308 -0.207436 0.127964 0.455 0.392 0.302
0.459858 -0.207715 0.129126 0.502 0.357 0.239
0.462784 -0.207299 0.129908 0.514 0.333 0.220
0.466314 -0.207599 0.131070 0.478 0.235 0.161
0.469225 -0.207200 0.131852 0.463 0.231 0.161
0.472128 -0.206809 0.132633 0.486 0.255 0.184
0.475024 -0.206426 0.133415 0.490 0.267 0.192
0.477309 -0.205336 0.133816 0.486 0.275 0.180
0.479591 -0.204249 0.134218 0.420 0.275 0.157
0.481869 -0.203166 0.134619 0.267 0.255 0.122
0.484143 -0.202087 0.135020 0.267 0.255 0.122
0.485817 -0.200290 0.135041 0.196 0.290 0.129
0.488087 -0.199216 0.135442 0.192 0.294 0.129
0.489759 -0.197421 0.135463 0.184 0.286 0.129
0.490840 -0.194897 0.135104 0.180 0.282 0.125
0.491924 -0.192370 0.134745 0.180 0.282 0.125
0.493012 -0.189838 0.134386 0.184 0.286 0.122
0.494103 -0.187303 0.134027 0.231 0.267 0.118
0.494614 -0.184029 0.133288 0.345 0.247 0.106
0.495714 -0.181484 0.132930 0.373 0.275 0.133
0.496236 -0.178196 0.132191 0.486 0.275 0.125
0.496766 -0.174901 0.131452 0.502 0.275 0.114
0.497303 -0.171598 0.130714 0.502 0.275 0.114
0.497847 -0.168287 0.129975 0.498 0.271 0.110
0.497824 -0.164222 0.128857 0.478 0.251 0.090
0.498956 -0.161643 0.128499 0.455 0.212 0.086
0.499522 -0.158310 0.127761 0.447 0.227 0.133
0.499525 -0.154216 0.126643 0.420 0.239 0.161
0.500106 -0.150865 0.125905 0.408 0.227 0.149
0.500695 -0.147507 0.125167 0.467 0.341 0.263
0.500727 -0.143383 0.124050 0.541 0.486 0.420
0.501331 -0.140008 0.123312 0.506 0.494 0.431
0.501942 -0.136625 0.122575 0.455 0.467 0.396
0.503118 -0.133999 0.122217 0.467 0.478 0.408
0.504298 -0.131369 0.121859 0.463 0.494 0.435
0.505481 -0.128735 0.121501 0.463 0.502 0.455
0.507221 -0.126868 0.121523 0.478 0.529 0.510
0.436291 -0.207485 0.119109 0.392 0.447 0.412
0.439899 -0.207694 0.120279 0.510 0.565 0.529
0.443498 -0.207915 0.121449 0.424 0.502 0.482
0.446464 -0.207452 0.122236 0.365 0.451 0.463
0.450043 -0.207694 0.123406 0.208 0.294 0.333
0.453611 -0.207947 0.124575 0.290 0.318 0.333
0.456553 -0.207511 0.125362 0.408 0.435 0.451
0.460102 -0.207785 0.126531 0.451 0.361 0.278
0.463028 -0.207366 0.127318 0.506 0.353 0.239
0.465947 -0.206955 0.128104 0.518 0.294 0.212
0.468860 -0.206551 0.128891 0.455 0.224 0.153
0.471158 -0.205445 0.129295 0.482 0.251 0.180
0.474058 -0.205054 0.130081 0.494 0.271 0.196
0.476950 -0.204671 0.130867 0.498 0.286 0.192
0.479234 -0.203580 0.131271 0.475 0.302 0.176
0.481515 -0.202493 0.131674 0.329 0.247 0.118
0.483792 -0.201409 0.132078 0.306 0.224 0.094
0.486066 -0.200329 0.132481 0.227 0.275 0.122
0.487742 -0.198530 0.132502 0.196 0.290 0.129
0.489418 -0.196730 0.132523 0.184 0.286 0.122
0.491094 -0.194931 0.132544 0.165 0.278 0.110
0.492180 -0.192402 0.132183 0.157 0.271 0.102
0.493271 -0.189870 0.131822 0.165 0.278 0.110
0.494365 -0.187334 0.131460 0.180 0.275 0.106
0.494879 -0.184059 0.130717 0.239 0.263 0.106
0.495982 -0.181513 0.130356 0.259 0.282 0.125
0.497088 -0.178964 0.129995 0.443 0.302 0.141
0.497620 -0.175670 0.129252 0.482 0.282 0.098
0.498159 -0.172368 0.128509 0.494 0.267 0.090
0.498704 -0.169059 0.127766 0.478 0.247 0.106
0.498684 -0.164997 0.126641 0.451 0.220 0.078
0.499246 -0.161671 0.125898 0.596 0.486 0.412
0.499815 -0.158337 0.125155 0.494 0.494 0.416
0.500390 -0.154996 0.124413 0.478 0.490 0.420
0.500407 -0.150893 0.123288 0.478 0.490 0.420
0.500999 -0.147534 0.122546 0.459 0.482 0.416
0.501035 -0.143411 0.121421 0.471 0.490 0.435
0.501643 -0.140035 0.120679 0.471 0.490 0.443
0.502258 -0.136652 0.119937 0.408 0.443 0.416
0.503437 -0.134025 0.119577 0.318 0.353 0.325
0.504619 -0.131394 0.119217 0.412 0.443 0.439
0.505805 -0.128759 0.118857 0.447 0.490 0.475
0.507546 -0.126889 0.118879 0.467 0.525 0.514
0.437166 -0.208274 0.116851 0.333 0.408 0.369
0.440773 -0.208481 0.118028 0.471 0.545 0.506
0.443746 -0.208007 0.118820 0.478 0.557 0.529
0.447333 -0.208235 0.119997 0.471 0.541 0.518
0.450291 -0.207779 0.120788 0.467 0.537 0.514
0.453858 -0.208028 0.121965 0.459 0.529 0.514
0.456800 -0.207588 0.122756 0.290 0.361 0.345
0.459735 -0.207156 0.123547 0.208 0.235 0.251
0.462663 -0.206732 0.124338 0.435 0.388 0.380
0.465584 -0.206315 0.125130 0.424 0.243 0.180
0.468498 -0.205905 0.125921 0.459 0.216 0.149
0.470799 -0.204794 0.126327 0.490 0.247 0.180
0.473701 -0.204399 0.127118 0.510 0.267 0.192
0.475993 -0.203297 0.127524 0.506 0.306 0.200
0.478882 -0.202914 0.128314 0.506 0.329 0.188
0.481165 -0.201822 0.128720 0.482 0.318 0.153
0.483445 -0.200734 0.129126 0.435 0.271 0.106
0.485721 -0.199650 0.129532 0.349 0.227 0.075
0.487994 -0.198569 0.129938 0.282 0.271 0.110
0.489672 -0.196768 0.129959 0.216 0.286 0.114
0.490759 -0.194240 0.129595 0.176 0.278 0.106
0.492439 -0.192437 0.129616 0.165 0.267 0.094
0.493532 -0.189903 0.129253 0.173 0.275 0.110
0.494629 -0.187366 0.128889 0.176 0.278 0.106
0.495146 -0.184091 0.128141 0.216 0.271 0.114
0.496252 -0.181544 0.127778 0.231 0.286 0.129
0.497361 -0.178993 0.127415 0.447 0.365 0.184
0.497896 -0.175699 0.126667 0.486 0.322 0.106
0.498438 -0.172398 0.125919 0.482 0.278 0.075
0.498987 -0.169088 0.125172 0.467 0.251 0.114
0.499544 -0.165771 0.124424 0.427 0.212 0.075
0.500107 -0.162447 0.123677 0.529 0.482 0.412
0.500109 -0.158366 0.122545 0.478 0.502 0.427
0.500689 -0.155024 0.121798 0.478 0.498 0.443
0.501275 -0.151675 0.121051 0.475 0.494 0.439
0.501869 -0.148318 0.120304 0.463 0.494 0.435
0.501908 -0.144197 0.119173 0.471 0.510 0.455
0.501957 -0.140064 0.118042 0.439 0.482 0.467
0.502576 -0.136681 0.117295 0.322 0.369 0.337
0.503757 -0.134053 0.116932 0.380 0.427 0.396
0.504942 -0.131420 0.116570 0.427 0.471 0.455
0.506131 -0.128784 0.116208 0.443 0.494 0.475
0.507874 -0.126913 0.116230 0.490 0.549 0.537
0.437418 -0.208375 0.114206 0.353 0.427 0.388
0.441646 -0.209268 0.115777 0.475 0.549 0.510
0.443997 -0.208101 0.116186 0.486 0.561 0.522
0.446964 -0.207631 0.116982 0.482 0.545 0.510
0.450541 -0.207865 0.118166 0.482 0.545 0.510
0.453492 -0.207412 0.118962 0.475 0.537 0.494
0.456436 -0.206967 0.119758 0.467 0.529 0.486
0.459372 -0.206530 0.120554 0.510 0.565 0.522
0.462302 -0.206100 0.121350 0.388 0.439 0.427
0.465225 -0.205678 0.122145 0.259 0.255 0.263
0.468140 -0.205263 0.122941 0.404 0.216 0.157
0.470444 -0.204147 0.123350 0.451 0.263 0.204
0.472744 -0.203036 0.123758 0.514 0.267 0.184
0.475642 -0.202640 0.124553 0.522 0.302 0.192
0.478533 -0.202252 0.125349 0.518 0.325 0.173
0.480819 -0.201155 0.125757 0.506 0.325 0.141
0.483101 -0.200062 0.126165 0.506 0.325 0.141
0.485380 -0.198973 0.126573 0.490 0.333 0.122
0.487655 -0.197888 0.126981 0.459 0.337 0.133
0.489337 -0.196083 0.127003 0.427 0.337 0.141
0.491018 -0.194278 0.127024 0.392 0.365 0.180
0.492112 -0.191745 0.126658 0.294 0.267 0.082
0.493795 -0.189938 0.126679 0.220 0.263 0.082
0.494894 -0.187400 0.126313 0.192 0.271 0.094
0.495415 -0.184124 0.125561 0.204 0.275 0.102
0.496523 -0.181576 0.125195 0.224 0.294 0.122
0.497635 -0.179025 0.124829 0.420 0.392 0.192
0.498750 -0.176469 0.124464 0.502 0.380 0.106
0.499294 -0.173169 0.123712 0.522 0.380 0.114
0.499845 -0.169861 0.122960 0.467 0.318 0.169
0.499832 -0.165802 0.121821 0.400 0.251 0.102
0.500399 -0.162477 0.121069 0.506 0.498 0.424
0.500974 -0.159144 0.120317 0.475 0.506 0.447
0.500989 -0.155054 0.119179 0.475 0.506 0.455
0.501579 -0.151705 0.118427 0.471 0.502 0.451
0.502176 -0.148348 0.117675 0.463 0.502 0.455
0.502219 -0.144227 0.116537 0.306 0.365 0.353
0.502273 -0.140095 0.115399 0.420 0.482 0.447
0.502895 -0.136711 0.114648 0.435 0.490 0.447
0.504079 -0.134082 0.114283 0.369 0.424 0.380
0.505267 -0.131448 0.113919 0.424 0.482 0.463
0.506458 -0.128811 0.113554 0.424 0.482 0.463
0.508203 -0.126938 0.113576 0.506 0.565 0.545
0.437671 -0.208479 0.111556 0.408 0.478 0.455
0.442519 -0.210055 0.113526 0.490 0.561 0.537
0.444869 -0.208887 0.113937 0.490 0.565 0.525
0.447834 -0.208416 0.114738 0.490 0.553 0.518
0.450176 -0.207258 0.115149 0.482 0.545 0.510
0.453129 -0.206800 0.115950 0.478 0.541 0.498
0.456687 -0.207048 0.117140 0.475 0.537 0.494
0.459013 -0.205906 0.117551 0.498 0.553 0.510
0.461944 -0.205471 0.118352 0.416 0.475 0.471
0.464869 -0.205044 0.119152 0.259 0.271 0.275
0.467786 -0.204624 0.119952 0.529 0.396 0.349
0.470092 -0.203503 0.120363 0.392 0.259 0.212
0.472395 -0.202387 0.120774 0.510 0.263 0.180
0.475295 -0.201986 0.121574 0.525 0.290 0.176
0.478187 -0.201593 0.122374 0.514 0.310 0.161
0.480476 -0.200491 0.122785 0.510 0.322 0.133
0.482761 -0.199394 0.123195 0.522 0.333 0.145
0.485042 -0.198300 0.123606 0.522 0.365 0.145
0.487320 -0.197210 0.124016 0.514 0.384 0.165
0.489005 -0.195401 0.124037 0.490 0.384 0.176
0.490690 -0.193593 0.124058 0.482 0.376 0.169
0.492375 -0.191784 0.124080 0.478 0.392 0.184
0.494059 -0.189975 0.124101 0.345 0.294 0.086
0.495161 -0.187435 0.123733 0.247 0.255 0.071
0.495686 -0.184159 0.122976 0.216 0.267 0.094
0.496797 -0.181610 0.122608 0.235 0.286 0.114
0.497911 -0.179058 0.122240 0.427 0.400 0.200
0.499029 -0.176501 0.121872 0.494 0.384 0.106
0.499577 -0.173201 0.121115 0.518 0.392 0.110
0.500131 -0.169893 0.120358 0.486 0.369 0.188
0.500693 -0.166577 0.119602 0.427 0.310 0.129
0.500693 -0.162508 0.118456 0.502 0.502 0.424
0.501271 -0.159176 0.117700 0.475 0.506 0.447
0.501291 -0.155086 0.116555 0.471 0.510 0.455
0.501884 -0.151736 0.115798 0.475 0.514 0.459
0.502485 -0.148379 0.115042 0.278 0.329 0.318
0.502533 -0.144259 0.113897 0.427 0.486 0.475
0.502591 -0.140127 0.112752 0.424 0.486 0.443
0.503217 -0.136743 0.111997 0.416 0.478 0.443
0.504403 -0.134113 0.111630 0.325 0.388 0.353
0.505594 -0.131478 0.111263 0.427 0.490 0.455
0.506237 -0.128075 0.110507 0.424 0.482 0.463
0.438549 -0.209270 0.109293 0.420 0.490 0.467
0.442151 -0.209466 0.110491 0.482 0.553 0.529
0.445742 -0.209673 0.111688 0.490 0.561 0.537
0.448088 -0.208508 0.112102 0.486 0.561 0.522
0.450430 -0.207348 0.112515 0.482 0.545 0.510
0.453383 -0.206886 0.113321 0.478 0.541 0.506
0.456328 -0.206432 0.114126 0.510 0.573 0.537
0.459267 -0.205986 0.114931 0.153 0.220 0.231
0.462198 -0.205547 0.115736 0.459 0.525 0.545
0.464516 -0.204413 0.116150 0.510 0.557 0.525
0.467435 -0.203987 0.116955 0.522 0.451 0.408
0.469744 -0.202863 0.117368 0.369 0.298 0.255
0.472050 -0.201742 0.117781 0.494 0.255 0.169
0.474951 -0.201335 0.118586 0.510 0.255 0.133
0.477845 -0.200936 0.119390 0.522 0.294 0.125
0.480136 -0.199831 0.119803 0.525 0.322 0.118
0.482424 -0.198729 0.120216 0.537 0.333 0.129
0.484708 -0.197630 0.120629 0.537 0.376 0.141
0.486989 -0.196536 0.121042 0.529 0.416 0.165
0.488677 -0.194723 0.121063 0.522 0.420 0.192
0.490366 -0.192910 0.121084 0.518 0.416 0.188
0.492054 -0.191098 0.121105 0.490 0.400 0.169
0.493742 -0.189285 0.121126 0.471 0.341 0.114
0.495430 -0.187472 0.121148 0.471 0.337 0.102
0.495959 -0.184196 0.120386 0.451 0.337 0.129
0.497072 -0.181646 0.120016 0.408 0.294 0.086
0.498189 -0.179092 0.119646 0.455 0.333 0.129
0.499310 -0.176535 0.119276 0.506 0.365 0.106
0.499861 -0.173234 0.118514 0.522 0.396 0.114
0.500419 -0.169926 0.117753 0.490 0.392 0.208
0.500984 -0.166610 0.116992 0.482 0.384 0.200
0.500989 -0.162541 0.115839 0.490 0.506 0.424
0.501570 -0.159208 0.115078 0.471 0.510 0.447
0.501594 -0.155119 0.113926 0.443 0.498 0.463
0.502191 -0.151769 0.113165 0.373 0.427 0.392
0.502795 -0.148411 0.112404 0.282 0.349 0.369
0.502848 -0.144292 0.111253 0.431 0.506 0.506
0.502911 -0.140161 0.110101 0.275 0.329 0.337
0.503540 -0.136777 0.109341 0.290 0.357 0.369
0.504729 -0.134145 0.108971 0.310 0.376 0.388
0.505371 -0.130747 0.108211 0.439 0.502 0.467
0.506019 -0.127342 0.107451 0.416 0.478 0.443
0.441291 -0.212116 0.108213 0.380 0.451 0.435
0.443645 -0.210941 0.108629 0.333 0.404 0.388
0.445996 -0.209770 0.109045 0.400 0.490 0.475
0.448959 -0.209294 0.109855 0.424 0.502 0.482
0.451301 -0.208132 0.110271 0.482 0.553 0.529
0.453639 -0.206974 0.110687 0.478 0.537 0.518
0.456584 -0.206517 0.111497 0.482 0.541 0.522
0.459523 -0.206067 0.112307 0.251 0.325 0.341
0.461847 -0.204924 0.112722 0.427 0.494 0.514
0.464773 -0.204488 0.113532 0.518 0.573 0.529
0.467088 -0.203355 0.113948 0.612 0.545 0.490
0.469400 -0.202225 0.114363 0.345 0.278 0.224
0.472308 -0.201808 0.115173 0.494 0.235 0.157
0.474611 -0.200688 0.115588 0.514 0.247 0.129
0.477507 -0.200283 0.116397 0.525 0.290 0.125
0.479801 -0.199173 0.116812 0.529 0.294 0.129
0.482091 -0.198066 0.117228 0.541 0.337 0.133
0.484378 -0.196964 0.117643 0.545 0.373 0.141
0.486661 -0.195865 0.118058 0.529 0.396 0.153
0.488353 -0.194048 0.118079 0.529 0.424 0.176
0.490045 -0.192232 0.118100 0.525 0.420 0.173
0.491737 -0.190415 0.118122 0.498 0.396 0.161
0.493428 -0.188598 0.118143 0.478 0.345 0.110
0.495120 -0.186782 0.118164 0.490 0.337 0.106
0.496233 -0.184234 0.117792 0.486 0.329 0.118
0.497349 -0.181683 0.117419 0.459 0.302 0.090
0.498469 -0.179128 0.117047 0.471 0.302 0.106
0.499592 -0.176570 0.116674 0.502 0.329 0.098
0.500147 -0.173269 0.115908 0.533 0.384 0.125
0.500708 -0.169960 0.115143 0.490 0.388 0.224
0.501277 -0.166644 0.114377 0.518 0.420 0.286
0.501286 -0.162576 0.113217 0.482 0.506 0.431
0.501306 -0.158497 0.112058 0.463 0.514 0.455
0.501900 -0.155154 0.111293 0.443 0.514 0.506
0.502500 -0.151804 0.110527 0.267 0.337 0.329
0.503108 -0.148446 0.109762 0.282 0.365 0.388
0.503165 -0.144327 0.108603 0.239 0.337 0.357
0.503232 -0.140196 0.107445 0.192 0.278 0.282
0.503865 -0.136812 0.106680 0.416 0.475 0.463
0.505057 -0.134179 0.106308 0.412 0.471 0.459
0.505702 -0.130781 0.105544 0.447 0.502 0.467
0.505805 -0.126613 0.104385 0.424 0.486 0.451
0.442166 -0.212905 0.105958 0.376 0.447 0.439
0.444519 -0.211729 0.106376 0.267 0.337 0.329
0.447486 -0.211245 0.107191 0.149 0.231 0.263
0.449215 -0.209389 0.107212 0.376 0.463 0.510
0.452171 -0.208916 0.108027 0.173 0.255 0.278
0.453896 -0.207064 0.108049 0.486 0.569 0.592
0.456842 -0.206603 0.108863 0.129 0.212 0.235
0.459780 -0.206150 0.109678 0.361 0.455 0.494
0.462105 -0.205004 0.110096 0.231 0.306 0.306
0.465031 -0.204564 0.110910 0.478 0.537 0.475
0.467347 -0.203428 0.111328 0.490 0.549 0.486
0.469059 -0.201591 0.111349 0.325 0.212 0.173
0.471969 -0.201168 0.112163 0.490 0.216 0.141
0.474872 -0.200753 0.112977 0.502 0.235 0.098
0.477172 -0.199634 0.113395 0.522 0.286 0.114
0.479469 -0.198519 0.113813 0.529 0.294 0.122
0.481762 -0.197408 0.114230 0.541 0.341 0.125
0.484051 -0.196300 0.114648 0.533 0.365 0.114
0.486337 -0.195197 0.115065 0.537 0.380 0.125
0.488620 -0.194097 0.115483 0.533 0.388 0.141
0.490313 -0.192278 0.115504 0.533 0.388 0.141
0.492007 -0.190460 0.115525 0.514 0.369 0.129
0.493700 -0.188641 0.115546 0.498 0.337 0.094
0.495394 -0.186823 0.115568 0.506 0.333 0.094
0.496509 -0.184274 0.115193 0.502 0.329 0.106
0.497628 -0.181722 0.114818 0.475 0.302 0.078
0.498750 -0.179166 0.114443 0.482 0.286 0.090
0.499876 -0.176606 0.114069 0.498 0.294 0.098
0.500434 -0.173305 0.113298 0.502 0.302 0.118
0.501000 -0.169996 0.112528 0.416 0.314 0.200
0.501572 -0.166680 0.111757 0.565 0.463 0.349
0.501586 -0.162612 0.110591 0.475 0.510 0.439
0.501610 -0.158534 0.109425 0.459 0.510 0.459
0.502207 -0.155191 0.108655 0.384 0.459 0.467
0.502811 -0.151840 0.107885 0.176 0.251 0.259
0.503422 -0.148482 0.107115 0.235 0.318 0.349
0.503484 -0.144363 0.105950 0.227 0.325 0.345
0.503556 -0.140233 0.104784 0.349 0.439 0.416
0.504192 -0.136848 0.104015 0.412 0.482 0.467
0.504835 -0.133456 0.103245 0.404 0.475 0.459
0.505485 -0.130056 0.102476 0.447 0.502 0.467
0.505594 -0.125886 0.101311 0.396 0.455 0.435
0.444281 -0.215060 0.104500 0.384 0.451 0.455
0.446011 -0.213202 0.104521 0.239 0.306 0.310
0.448358 -0.212031 0.104942 0.141 0.220 0.263
0.450087 -0.210175 0.104964 0.369 0.463 0.518
0.453042 -0.209701 0.105783 0.376 0.463 0.475
0.454767 -0.207848 0.105804 0.341 0.427 0.439
0.457101 -0.206691 0.106225 0.094 0.180 0.220
0.460040 -0.206234 0.107044 0.255 0.349 0.396
0.462366 -0.205086 0.107464 0.459 0.529 0.506
0.465292 -0.204642 0.108283 0.486 0.537 0.478
0.467609 -0.203504 0.108703 0.514 0.565 0.506
0.469322 -0.201664 0.108725 0.357 0.216 0.176
0.472232 -0.201238 0.109543 0.498 0.204 0.137
0.474538 -0.200111 0.109964 0.498 0.231 0.094
0.476841 -0.198987 0.110384 0.514 0.278 0.106
0.479140 -0.197868 0.110803 0.533 0.298 0.125
0.481436 -0.196752 0.111223 0.529 0.337 0.122
0.483728 -0.195640 0.111643 0.522 0.353 0.102
0.486016 -0.194532 0.112063 0.525 0.357 0.106
0.488301 -0.193427 0.112483 0.529 0.361 0.110
0.489999 -0.191605 0.112504 0.525 0.357 0.106
0.491696 -0.189783 0.112525 0.514 0.345 0.094
0.493393 -0.187961 0.112547 0.506 0.329 0.082
0.495090 -0.186138 0.112568 0.510 0.329 0.094
0.496787 -0.184316 0.112589 0.506 0.325 0.106
0.497908 -0.181763 0.112212 0.478 0.298 0.078
0.499033 -0.179205 0.111835 0.490 0.286 0.090
0.500162 -0.176645 0.111458 0.494 0.282 0.090
0.500724 -0.173343 0.110683 0.490 0.290 0.106
0.501293 -0.170034 0.109908 0.400 0.314 0.212
0.501869 -0.166717 0.109133 0.588 0.502 0.400
0.501887 -0.162650 0.107960 0.471 0.510 0.447
0.501915 -0.158572 0.106787 0.451 0.506 0.463
0.502516 -0.155229 0.106013 0.290 0.365 0.380
0.503124 -0.151878 0.105238 0.129 0.204 0.220
0.503738 -0.148519 0.104464 0.192 0.275 0.306
0.503804 -0.144401 0.103291 0.310 0.400 0.427
0.503880 -0.140272 0.102119 0.196 0.251 0.267
0.503967 -0.136131 0.100947 0.247 0.267 0.294
0.504616 -0.132736 0.100173 0.251 0.271 0.298
0.505271 -0.129334 0.099399 0.373 0.424 0.412
0.505387 -0.125163 0.098227 0.294 0.365 0.357
0.445154 -0.215847 0.102248 0.333 0.400 0.404
0.447502 -0.214674 0.102671 0.263 0.329 0.333
0.449231 -0.212817 0.102693 0.133 0.224 0.251
0.450959 -0.210961 0.102715 0.239 0.341 0.412
0.453912 -0.210485 0.103539 0.486 0.576 0.596
0.455637 -0.208633 0.103560 0.227 0.318 0.337
0.457971 -0.207474 0.103983 0.082 0.188 0.239
0.460301 -0.206320 0.104406 0.451 0.545 0.545
0.462628 -0.205169 0.104828 0.467 0.541 0.494
0.465554 -0.204722 0.105652 0.510 0.529 0.482
0.467872 -0.203581 0.106074 0.522 0.541 0.494
0.469586 -0.201739 0.106096 0.392 0.184 0.161
0.472497 -0.201309 0.106919 0.486 0.180 0.118
0.474804 -0.200180 0.107341 0.498 0.212 0.090
0.477107 -0.199053 0.107764 0.510 0.282 0.106
0.479407 -0.197931 0.108186 0.533 0.306 0.129
0.481704 -0.196813 0.108608 0.529 0.337 0.122
0.483997 -0.195698 0.109030 0.525 0.349 0.102
0.486286 -0.194587 0.109453 0.522 0.353 0.102
0.487987 -0.192761 0.109474 0.518 0.349 0.098
0.489688 -0.190935 0.109495 0.518 0.349 0.098
0.491388 -0.189109 0.109517 0.510 0.333 0.086
0.493089 -0.187283 0.109538 0.506 0.329 0.082
0.494790 -0.185457 0.109559 0.510 0.329 0.094
0.496490 -0.183631 0.109581 0.502 0.322 0.102
0.498191 -0.181805 0.109602 0.478 0.298 0.078
0.499318 -0.179246 0.109223 0.490 0.286 0.090
0.499878 -0.175950 0.108443 0.494 0.282 0.090
0.501015 -0.173383 0.108064 0.486 0.286 0.110
0.501587 -0.170073 0.107284 0.498 0.298 0.122
0.502167 -0.166756 0.106505 0.561 0.486 0.388
0.502189 -0.162690 0.105325 0.471 0.510 0.447
0.502222 -0.158612 0.104145 0.482 0.533 0.514
0.502827 -0.155268 0.103366 0.153 0.220 0.231
0.503438 -0.151917 0.102587 0.408 0.475 0.486
0.503499 -0.147809 0.101407 0.212 0.278 0.298
0.503571 -0.143690 0.100228 0.255 0.318 0.357
0.503654 -0.139559 0.099049 0.243 0.239 0.275
0.504299 -0.136172 0.098270 0.263 0.263 0.263
0.504401 -0.132020 0.097091 0.439 0.439 0.439
0.505061 -0.128615 0.096313 0.369 0.424 0.388
0.505183 -0.124443 0.095134 0.337 0.408 0.400
0.446027 -0.216634 0.099997 0.275 0.329 0.337
0.448374 -0.215460 0.100423 0.455 0.510 0.518
0.450103 -0.213603 0.100444 0.275 0.341 0.353
0.451832 -0.211747 0.100466 0.282 0.365 0.396
0.454782 -0.211270 0.101294 0.376 0.459 0.490
0.457117 -0.210109 0.101719 0.298 0.380 0.412
0.458841 -0.208258 0.101741 0.145 0.243 0.271
0.461170 -0.207103 0.102166 0.435 0.541 0.522
0.463496 -0.205951 0.102591 0.463 0.525 0.482
0.465818 -0.204803 0.103016 0.545 0.537 0.490
0.468136 -0.203659 0.103441 0.361 0.353 0.306
0.469853 -0.201816 0.103462 0.416 0.161 0.153
0.472763 -0.201383 0.104290 0.486 0.169 0.110
0.475071 -0.200250 0.104715 0.486 0.184 0.078
0.477376 -0.199121 0.105139 0.510 0.275 0.102
0.479677 -0.197996 0.105564 0.537 0.302 0.129
0.481974 -0.196875 0.105988 0.529 0.337 0.122
0.483680 -0.195043 0.106010 0.518 0.341 0.094
0.485972 -0.193928 0.106434 0.518 0.341 0.094
0.487676 -0.192098 0.106456 0.518 0.329 0.086
0.489380 -0.190268 0.106477 0.518 0.329 0.086
0.491084 -0.188438 0.106499 0.510 0.322 0.078
0.492789 -0.186608 0.106520 0.510 0.322 0.078
0.494493 -0.184779 0.106541 0.506 0.329 0.082
0.496197 -0.182949 0.106563 0.498 0.318 0.098
0.497901 -0.181119 0.106584 0.475 0.294 0.075
0.499033 -0.178558 0.106203 0.490 0.278 0.086
0.500169 -0.175993 0.105821 0.494 0.282 0.090
0.500739 -0.172689 0.105037 0.490 0.302 0.114
0.501317 -0.169377 0.104253 0.502 0.314 0.125
0.501902 -0.166058 0.103469 0.561 0.494 0.396
0.502494 -0.162731 0.102685 0.467 0.506 0.443
0.502531 -0.158654 0.101498 0.416 0.451 0.416
0.502580 -0.154565 0.100311 0.439 0.471 0.467
0.503196 -0.151212 0.099528 0.302 0.333 0.329
0.503264 -0.147102 0.098341 0.314 0.314 0.329
0.503342 -0.142981 0.097155 0.314 0.290 0.306
0.503983 -0.139601 0.096372 0.490 0.482 0.443
0.504081 -0.135460 0.095186 0.459 0.451 0.412
0.504189 -0.131307 0.094000 0.455 0.459 0.416
0.504855 -0.127900 0.093217 0.388 0.424 0.388
0.505528 -0.124486 0.092434 0.392 0.443 0.431
0.446900 -0.217421 0.097746 0.212 0.282 0.275
0.449246 -0.216246 0.098174 0.490 0.561 0.553
0.450975 -0.214389 0.098195 0.471 0.541 0.533
0.453316 -0.213220 0.098623 0.431 0.506 0.506
0.455653 -0.212054 0.099050 0.275 0.349 0.357
0.457378 -0.210202 0.099072 0.467 0.541 0.549
0.459710 -0.209042 0.099499 0.165 0.267 0.275
0.462039 -0.207885 0.099926 0.412 0.514 0.506
0.463760 -0.206037 0.099948 0.392 0.455 0.412
0.466083 -0.204886 0.100375 0.584 0.557 0.518
0.468403 -0.203739 0.100802 0.310 0.282 0.243
0.470719 -0.202597 0.101229 0.420 0.149 0.137
0.473031 -0.201457 0.101656 0.482 0.165 0.106
0.475340 -0.200322 0.102083 0.490 0.176 0.075
0.477646 -0.199191 0.102510 0.510 0.263 0.094
0.479947 -0.198063 0.102937 0.541 0.294 0.125
0.482246 -0.196939 0.103364 0.525 0.325 0.110
0.483953 -0.195105 0.103386 0.514 0.325 0.082
0.486246 -0.193987 0.103812 0.514 0.325 0.082
0.487952 -0.192155 0.103834 0.514 0.325 0.082
0.489658 -0.190324 0.103855 0.514 0.325 0.082
0.491364 -0.188492 0.103877 0.506 0.318 0.075
0.493070 -0.186660 0.103898 0.510 0.322 0.078
0.494776 -0.184828 0.103919 0.510 0.318 0.086
0.496482 -0.182997 0.103941 0.498 0.318 0.098
0.497615 -0.180436 0.103557 0.475 0.294 0.075
0.499323 -0.178603 0.103578 0.490 0.278 0.078
0.500461 -0.176036 0.103195 0.490 0.286 0.090
0.501035 -0.172732 0.102406 0.486 0.318 0.122
0.501616 -0.169420 0.101617 0.494 0.325 0.129
0.502205 -0.166101 0.100829 0.561 0.498 0.408
0.502238 -0.162034 0.099635 0.467 0.506 0.443
0.502282 -0.157955 0.098441 0.478 0.506 0.475
0.502336 -0.153865 0.097248 0.275 0.239 0.259
0.502958 -0.150509 0.096460 0.255 0.220 0.239
0.503032 -0.146399 0.095267 0.384 0.345 0.345
0.503670 -0.143026 0.094479 0.463 0.455 0.416
0.503763 -0.138894 0.093286 0.459 0.463 0.412
0.503867 -0.134751 0.092093 0.443 0.447 0.396
0.504529 -0.131352 0.091305 0.420 0.404 0.376
0.505199 -0.127945 0.090518 0.396 0.424 0.392
0.505331 -0.123771 0.089325 0.388 0.439 0.420
0.447773 -0.218208 0.095495 0.357 0.427 0.412
0.449504 -0.216349 0.095517 0.486 0.557 0.541
0.451847 -0.215175 0.095947 0.471 0.541 0.518
0.454187 -0.214005 0.096376 0.471 0.541 0.518
0.456523 -0.212839 0.096806 0.463 0.537 0.498
0.458249 -0.210986 0.096828 0.463 0.537 0.498
0.460580 -0.209825 0.097257 0.439 0.510 0.486
0.462303 -0.207975 0.097279 0.463 0.533 0.510
0.464629 -0.206819 0.097708 0.475 0.533 0.478
0.466351 -0.204971 0.097730 0.490 0.408 0.388
0.468671 -0.203821 0.098159 0.247 0.165 0.145
0.470988 -0.202676 0.098589 0.384 0.122 0.118
0.473301 -0.201534 0.099018 0.443 0.153 0.094
0.475611 -0.200396 0.099448 0.475 0.173 0.067
0.477917 -0.199262 0.099877 0.506 0.231 0.078
0.480220 -0.198131 0.100306 0.533 0.259 0.106
0.482519 -0.197005 0.100735 0.522 0.290 0.098
0.484229 -0.195169 0.100757 0.522 0.302 0.086
0.486523 -0.194048 0.101186 0.514 0.310 0.071
0.488230 -0.192214 0.101207 0.518 0.314 0.075
0.489938 -0.190381 0.101229 0.518 0.314 0.075
0.491646 -0.188547 0.101250 0.518 0.314 0.075
0.493353 -0.186714 0.101272 0.514 0.318 0.075
0.495061 -0.184880 0.101293 0.510 0.322 0.078
0.496769 -0.183046 0.101314 0.514 0.325 0.082
0.497904 -0.180485 0.100928 0.510 0.322 0.078
0.499044 -0.177919 0.100542 0.506 0.329 0.082
0.500186 -0.175350 0.100156 0.502 0.329 0.090
0.500766 -0.172044 0.099363 0.490 0.333 0.122
0.501917 -0.169465 0.098977 0.490 0.333 0.122
0.501946 -0.165408 0.097776 0.518 0.482 0.408
0.501986 -0.161339 0.096576 0.388 0.420 0.369
0.502595 -0.158001 0.095783 0.271 0.212 0.208
0.502654 -0.153911 0.094583 0.459 0.416 0.388
0.502723 -0.149810 0.093382 0.467 0.424 0.396
0.502803 -0.145698 0.092183 0.424 0.388 0.361
0.503446 -0.142323 0.091390 0.420 0.384 0.357
0.503546 -0.138190 0.090190 0.408 0.373 0.353
0.503656 -0.134046 0.088991 0.424 0.388 0.369
0.504324 -0.130644 0.088198 0.420 0.404 0.376
0.504999 -0.127235 0.087406 0.396 0.424 0.392
0.505137 -0.123060 0.086207 0.380 0.431 0.412
0.450377 -0.217136 0.093266 0.420 0.506 0.502
0.452719 -0.215961 0.093698 0.471 0.565 0.557
0.455058 -0.214790 0.094130 0.467 0.545 0.518
0.456786 -0.212936 0.094151 0.463 0.545 0.502
0.458513 -0.211081 0.094173 0.463 0.545 0.502
0.460845 -0.209918 0.094605 0.459 0.533 0.494
0.463173 -0.208758 0.095037 0.475 0.537 0.494
0.464896 -0.206907 0.095059 0.478 0.537 0.482
0.467220 -0.205753 0.095490 0.369 0.271 0.243
0.468941 -0.203905 0.095512 0.271 0.173 0.145
0.471259 -0.202756 0.095944 0.369 0.114 0.106
0.473573 -0.201612 0.096375 0.424 0.149 0.094
0.475884 -0.200471 0.096807 0.459 0.169 0.075
0.478191 -0.199334 0.097239 0.498 0.212 0.082
0.480495 -0.198201 0.097670 0.518 0.231 0.102
0.482795 -0.197072 0.098102 0.522 0.267 0.090
0.484506 -0.195234 0.098123 0.510 0.282 0.078
0.486801 -0.194111 0.098555 0.514 0.286 0.067
0.488510 -0.192275 0.098576 0.518 0.302 0.067
0.490220 -0.190440 0.098597 0.518 0.302 0.067
0.491929 -0.188604 0.098619 0.514 0.310 0.071
0.493639 -0.186769 0.098640 0.514 0.318 0.075
0.495348 -0.184933 0.098662 0.506 0.318 0.075
0.497057 -0.183097 0.098683 0.510 0.333 0.078
0.498196 -0.180535 0.098295 0.510 0.333 0.078
0.499338 -0.177968 0.097907 0.510 0.337 0.071
0.500483 -0.175398 0.097518 0.506 0.337 0.078
0.501066 -0.172091 0.096720 0.482 0.329 0.145
0.502220 -0.169512 0.096332 0.478 0.325 0.141
0.502253 -0.165455 0.095125 0.502 0.494 0.420
0.502297 -0.161387 0.093917 0.329 0.349 0.302
0.502910 -0.158048 0.093120 0.486 0.478 0.439
0.502974 -0.153959 0.091913 0.475 0.482 0.431
0.503047 -0.149859 0.090706 0.463 0.471 0.420
0.503132 -0.145747 0.089499 0.463 0.471 0.420
0.503227 -0.141624 0.088292 0.451 0.471 0.416
0.503332 -0.137489 0.087085 0.435 0.443 0.400
0.503449 -0.133343 0.085879 0.451 0.459 0.416
0.504122 -0.129940 0.085082 0.451 0.471 0.424
0.504802 -0.126529 0.084285 0.404 0.439 0.404
0.504947 -0.122352 0.083079 0.420 0.463 0.447
0.450637 -0.217242 0.090602 0.267 0.329 0.361
0.452981 -0.216065 0.091036 0.118 0.243 0.329
0.455321 -0.214891 0.091471 0.137 0.235 0.325
0.457049 -0.213035 0.091492 0.475 0.561 0.557
0.459384 -0.211867 0.091927 0.475 0.561 0.557
0.461715 -0.210702 0.092361 0.463 0.545 0.502
0.463440 -0.208850 0.092382 0.475 0.537 0.494
0.465766 -0.207691 0.092817 0.494 0.533 0.478
0.467490 -0.205840 0.092838 0.282 0.129 0.122
0.469213 -0.203990 0.092860 0.310 0.157 0.149
0.471532 -0.202839 0.093294 0.349 0.106 0.094
0.473847 -0.201691 0.093728 0.369 0.122 0.082
0.476158 -0.200548 0.094162 0.396 0.133 0.075
0.478466 -0.199408 0.094596 0.455 0.184 0.075
0.480771 -0.198273 0.095030 0.471 0.200 0.090
0.483072 -0.197141 0.095464 0.506 0.243 0.086
0.484785 -0.195301 0.095485 0.514 0.259 0.075
0.487080 -0.194175 0.095919 0.514 0.275 0.067
0.488792 -0.192337 0.095940 0.514 0.275 0.059
0.490503 -0.190500 0.095962 0.514 0.275 0.059
0.492214 -0.188663 0.095983 0.522 0.294 0.075
0.493925 -0.186825 0.096005 0.514 0.306 0.078
0.495637 -0.184988 0.096026 0.518 0.322 0.078
0.497348 -0.183150 0.096048 0.518 0.345 0.078
0.498489 -0.180587 0.095657 0.518 0.345 0.078
0.499633 -0.178019 0.095266 0.506 0.341 0.071
0.500781 -0.175448 0.094876 0.502 0.333 0.075
0.501368 -0.172141 0.094073 0.482 0.325 0.153
0.502525 -0.169560 0.093683 0.475 0.318 0.145
0.502562 -0.165504 0.092469 0.506 0.498 0.424
0.502611 -0.161436 0.091254 0.467 0.498 0.439
0.503227 -0.158097 0.090452 0.478 0.486 0.443
0.503295 -0.154008 0.089238 0.471 0.490 0.443
0.503373 -0.149909 0.088024 0.467 0.486 0.439
0.503462 -0.145797 0.086810 0.451 0.482 0.431
0.503562 -0.141675 0.085597 0.447 0.478 0.427
0.503672 -0.137541 0.084383 0.439 0.471 0.420
0.503792 -0.133395 0.083170 0.443 0.475 0.424
0.503924 -0.129239 0.081957 0.443 0.475 0.424
0.504609 -0.125825 0.081156 0.427 0.463 0.427
0.505302 -0.122404 0.080354 0.443 0.475 0.463
0.447325 -0.217178 0.086667 0.384 0.424 0.376
0.450288 -0.216670 0.087519 0.298 0.298 0.314
0.453244 -0.216170 0.088370 0.180 0.243 0.325
0.455585 -0.214993 0.088807 0.137 0.231 0.341
0.457922 -0.213821 0.089244 0.145 0.235 0.310
0.459651 -0.211964 0.089265 0.376 0.467 0.541
0.461982 -0.210797 0.089702 0.459 0.549 0.525
0.463710 -0.208943 0.089723 0.459 0.541 0.498
0.466036 -0.207781 0.090160 0.541 0.549 0.506
0.467762 -0.205929 0.090182 0.318 0.122 0.102
0.470083 -0.204773 0.090618 0.329 0.133 0.114
0.471806 -0.202923 0.090640 0.345 0.106 0.082
0.474122 -0.201773 0.091076 0.357 0.106 0.078
0.476435 -0.200627 0.091512 0.361 0.114 0.075
0.478744 -0.199484 0.091948 0.396 0.133 0.067
0.481049 -0.198346 0.092385 0.424 0.161 0.094
0.483351 -0.197211 0.092821 0.471 0.204 0.094
0.485066 -0.195370 0.092842 0.490 0.224 0.086
0.486780 -0.193529 0.092864 0.498 0.235 0.078
0.489075 -0.192401 0.093300 0.502 0.239 0.075
0.490788 -0.190562 0.093321 0.514 0.251 0.086
0.492501 -0.188723 0.093343 0.510 0.251 0.086
0.494214 -0.186883 0.093364 0.447 0.180 0.051
0.495927 -0.185044 0.093386 0.431 0.176 0.055
0.497069 -0.182481 0.092993 0.518 0.325 0.102
0.498784 -0.180640 0.093014 0.514 0.322 0.098
0.499931 -0.178071 0.092622 0.498 0.329 0.071
0.501082 -0.175499 0.092229 0.502 0.329 0.090
0.501672 -0.172191 0.091422 0.475 0.314 0.161
0.502831 -0.169610 0.091029 0.431 0.271 0.118
0.502873 -0.165554 0.089808 0.502 0.502 0.424
0.502926 -0.161487 0.088587 0.467 0.510 0.435
0.503546 -0.158147 0.087780 0.463 0.502 0.439
0.503618 -0.154059 0.086559 0.463 0.502 0.447
0.503701 -0.149960 0.085338 0.459 0.498 0.443
0.503794 -0.145849 0.084118 0.455 0.494 0.439
0.503898 -0.141727 0.082897 0.447 0.486 0.431
0.504013 -0.137594 0.081677 0.439 0.478 0.424
0.504138 -0.133449 0.080457 0.431 0.471 0.416
0.504274 -0.129293 0.079236 0.420 0.427 0.384
0.504963 -0.125879 0.078431 0.427 0.431 0.396
0.505118 -0.121702 0.077211 0.463 0.498 0.471
0.446977 -0.216615 0.083570 0.416 0.435 0.388
0.449942 -0.216101 0.084426 0.439 0.380 0.341
0.452900 -0.215595 0.085282 0.380 0.271 0.259
0.455243 -0.214414 0.085721 0.275 0.200 0.267
0.457583 -0.213237 0.086160 0.231 0.275 0.357
0.459919 -0.212064 0.086599 0.231 0.275 0.357
0.462252 -0.210894 0.087038 0.145 0.235 0.302
0.463981 -0.209037 0.087060 0.478 0.565 0.576
0.466308 -0.207873 0.087499 0.553 0.545 0.498
0.468035 -0.206019 0.087520 0.365 0.153 0.122
0.470357 -0.204861 0.087959 0.329 0.118 0.086
0.472083 -0.203008 0.087981 0.353 0.102 0.075
0.474400 -0.201855 0.088419 0.357 0.106 0.078
0.476713 -0.200707 0.088858 0.369 0.114 0.078
0.479023 -0.199562 0.089296 0.396 0.133 0.067
0.481329 -0.198420 0.089735 0.420 0.157 0.090
0.483631 -0.197283 0.090173 0.463 0.192 0.090
0.485348 -0.195440 0.090195 0.471 0.188 0.082
0.487065 -0.193597 0.090217 0.478 0.188 0.078
0.489360 -0.192467 0.090655 0.475 0.176 0.059
0.491075 -0.190626 0.090676 0.475 0.176 0.059
0.492790 -0.188784 0.090698 0.447 0.173 0.027
0.494504 -0.186943 0.090719 0.435 0.169 0.031
0.496219 -0.185102 0.090741 0.439 0.169 0.059
0.497364 -0.182538 0.090346 0.435 0.165 0.055
0.499080 -0.180695 0.090367 0.533 0.302 0.153
0.500230 -0.178125 0.089972 0.502 0.322 0.086
0.501383 -0.175552 0.089577 0.490 0.318 0.086
0.501977 -0.172244 0.088765 0.471 0.310 0.173
0.502578 -0.168929 0.087954 0.439 0.278 0.141
0.503186 -0.165606 0.087142 0.502 0.498 0.431
0.503243 -0.161539 0.085914 0.467 0.506 0.443
0.503867 -0.158199 0.085103 0.463 0.502 0.447
0.503943 -0.154112 0.083875 0.459 0.498 0.443
0.504030 -0.150013 0.082648 0.459 0.498 0.443
0.504128 -0.145903 0.081420 0.455 0.494 0.439
0.504237 -0.141781 0.080193 0.451 0.482 0.431
0.504356 -0.137648 0.078965 0.424 0.431 0.396
0.504485 -0.133504 0.077738 0.412 0.420 0.384
0.504625 -0.129348 0.076511 0.424 0.408 0.373
0.505318 -0.125934 0.075701 0.431 0.424 0.392
0.505478 -0.121758 0.074474 0.463 0.498 0.471
0.446021 -0.215378 0.080044 0.424 0.400 0.341
0.448989 -0.214857 0.080905 0.459 0.322 0.263
0.451951 -0.214344 0.081766 0.459 0.310 0.267
0.454905 -0.213839 0.082627 0.443 0.310 0.271
0.457247 -0.212657 0.083068 0.404 0.294 0.298
0.459586 -0.211479 0.083509 0.361 0.251 0.255
0.462523 -0.210992 0.084370 0.208 0.184 0.251
0.464254 -0.209134 0.084392 0.090 0.133 0.216
0.466582 -0.207967 0.084833 0.380 0.306 0.298
0.468311 -0.206111 0.084854 0.404 0.176 0.122
0.470634 -0.204950 0.085295 0.431 0.204 0.149
0.472361 -0.203095 0.085317 0.361 0.114 0.059
0.474679 -0.201940 0.085758 0.376 0.110 0.071
0.476993 -0.200788 0.086199 0.447 0.157 0.106
0.479303 -0.199641 0.086640 0.451 0.157 0.082
0.481610 -0.198497 0.087081 0.451 0.157 0.082
0.483914 -0.197357 0.087521 0.467 0.200 0.071
0.485632 -0.195512 0.087543 0.482 0.263 0.055
0.487351 -0.193667 0.087565 0.545 0.357 0.114
0.489647 -0.192534 0.088005 0.522 0.357 0.078
0.491364 -0.190691 0.088027 0.525 0.361 0.082
0.493080 -0.188848 0.088048 0.518 0.357 0.059
0.494797 -0.187005 0.088070 0.514 0.349 0.071
0.496513 -0.185161 0.088092 0.553 0.314 0.169
0.497660 -0.182596 0.087694 0.408 0.169 0.024
0.498811 -0.180027 0.087297 0.431 0.161 0.071
0.500531 -0.178181 0.087318 0.510 0.306 0.110
0.501687 -0.175606 0.086921 0.490 0.306 0.098
0.502285 -0.172298 0.086105 0.459 0.314 0.180
0.502889 -0.168982 0.085288 0.447 0.302 0.169
0.503500 -0.165659 0.084472 0.502 0.490 0.427
0.503562 -0.161593 0.083237 0.475 0.506 0.447
0.504189 -0.158253 0.082421 0.467 0.486 0.447
0.504270 -0.154166 0.081187 0.384 0.384 0.361
0.504362 -0.150068 0.079952 0.329 0.329 0.306
0.504464 -0.145958 0.078718 0.396 0.388 0.357
0.504577 -0.141837 0.077484 0.400 0.384 0.357
0.504700 -0.137705 0.076250 0.357 0.337 0.322
0.504834 -0.133561 0.075016 0.361 0.341 0.325
0.505522 -0.130156 0.074201 0.416 0.396 0.380
0.505675 -0.125991 0.072967 0.420 0.408 0.388
0.445070 -0.214146 0.076504 0.431 0.404 0.337
0.448042 -0.213618 0.077370 0.471 0.337 0.251
0.451007 -0.213097 0.078235 0.463 0.302 0.227
0.453965 -0.212585 0.079101 0.459 0.302 0.243
0.456916 -0.212080 0.079966 0.435 0.294 0.263
0.459257 -0.210897 0.080410 0.431 0.290 0.259
0.462195 -0.210405 0.081275 0.267 0.149 0.196
0.464528 -0.209232 0.081719 0.173 0.137 0.220
0.466857 -0.208062 0.082162 0.286 0.161 0.180
0.468588 -0.206204 0.082184 0.384 0.149 0.098
0.470912 -0.205040 0.082627 0.388 0.153 0.102
0.472641 -0.203184 0.082649 0.369 0.118 0.055
0.474959 -0.202026 0.083092 0.424 0.149 0.086
0.477274 -0.200872 0.083535 0.447 0.173 0.090
0.479586 -0.199721 0.083979 0.435 0.173 0.035
0.481310 -0.197871 0.084000 0.498 0.235 0.098
0.483616 -0.196726 0.084443 0.565 0.365 0.141
0.485918 -0.195585 0.084887 0.529 0.365 0.078
0.487638 -0.193738 0.084908 0.522 0.380 0.075
0.489936 -0.192603 0.085351 0.514 0.384 0.059
0.491654 -0.190758 0.085373 0.510 0.380 0.055
0.493372 -0.188913 0.085394 0.506 0.376 0.051
0.495091 -0.187068 0.085416 0.533 0.365 0.106
0.496809 -0.185223 0.085437 0.400 0.157 0.047
0.497959 -0.182656 0.085038 0.396 0.153 0.043
0.499112 -0.180086 0.084638 0.408 0.137 0.055
0.500834 -0.178238 0.084660 0.514 0.298 0.118
0.501993 -0.175662 0.084260 0.490 0.310 0.090
0.502594 -0.172354 0.083439 0.451 0.318 0.180
0.503202 -0.169038 0.082618 0.455 0.322 0.184
0.503816 -0.165714 0.081798 0.475 0.435 0.380
0.504439 -0.162383 0.080977 0.416 0.400 0.365
0.504513 -0.158308 0.079735 0.306 0.294 0.282
0.504599 -0.154222 0.078494 0.325 0.302 0.310
0.504695 -0.150124 0.077253 0.333 0.310 0.318
0.505350 -0.146757 0.076432 0.337 0.314 0.322
0.504919 -0.141894 0.074770 0.329 0.306 0.314
0.505047 -0.137763 0.073529 0.329 0.306 0.314
0.505729 -0.134367 0.072709 0.337 0.314 0.322
0.505876 -0.130214 0.071469 0.369 0.349 0.341
0.506034 -0.126050 0.070228 0.416 0.396 0.388
0.444125 -0.212919 0.072951 0.455 0.420 0.337
0.447101 -0.212383 0.073821 0.490 0.376 0.224
0.450675 -0.212534 0.075115 0.467 0.318 0.161
0.453030 -0.211336 0.075561 0.451 0.278 0.161
0.456587 -0.211506 0.076856 0.463 0.267 0.184
0.458932 -0.210318 0.077302 0.447 0.251 0.169
0.461872 -0.209821 0.078171 0.380 0.145 0.129
0.464207 -0.208643 0.078617 0.369 0.129 0.149
0.466539 -0.207469 0.079063 0.349 0.133 0.129
0.468867 -0.206299 0.079509 0.380 0.133 0.094
0.470600 -0.204439 0.079531 0.384 0.137 0.098
0.472922 -0.203274 0.079976 0.494 0.247 0.157
0.475242 -0.202114 0.080422 0.482 0.255 0.086
0.477558 -0.200957 0.080867 0.537 0.349 0.098
0.479870 -0.199803 0.081313 0.529 0.388 0.075
0.481596 -0.197951 0.081335 0.533 0.392 0.078
0.483903 -0.196803 0.081780 0.537 0.400 0.067
0.486206 -0.195660 0.082225 0.529 0.400 0.059
0.487928 -0.193811 0.082247 0.522 0.404 0.059
0.490226 -0.192673 0.082692 0.522 0.404 0.059
0.491946 -0.190826 0.082714 0.529 0.412 0.067
0.493666 -0.188979 0.082736 0.388 0.239 0.000
0.495386 -0.187132 0.082757 0.333 0.125 0.004
0.497107 -0.185285 0.082779 0.369 0.137 0.059
0.498259 -0.182718 0.082377 0.369 0.137 0.059
0.499415 -0.180147 0.081975 0.400 0.141 0.063
0.500575 -0.177572 0.081573 0.510 0.302 0.118
0.501738 -0.174993 0.081171 0.490 0.318 0.094
0.502904 -0.172411 0.080769 0.447 0.322 0.180
0.503516 -0.169095 0.079944 0.478 0.353 0.212
0.504134 -0.165771 0.079118 0.451 0.404 0.341
0.504760 -0.162440 0.078293 0.439 0.384 0.361
0.505393 -0.159101 0.077468 0.349 0.318 0.314
0.505481 -0.155017 0.076220 0.314 0.290 0.298
0.505580 -0.150921 0.074972 0.325 0.302 0.310
0.505689 -0.146815 0.073723 0.333 0.310 0.318
0.505809 -0.142697 0.072475 0.318 0.294 0.302
0.505939 -0.138567 0.071227 0.325 0.302 0.310
0.505538 -0.133679 0.069556 0.333 0.310 0.318
0.505691 -0.129525 0.068309 0.376 0.341 0.353
0.506395 -0.126110 0.067485 0.416 0.396 0.380
0.442576 -0.211022 0.068957 0.451 0.427 0.333
0.446164 -0.211154 0.070258 0.498 0.384 0.216
0.449136 -0.210619 0.071133 0.502 0.361 0.165
0.452705 -0.210771 0.072435 0.467 0.290 0.141
0.456263 -0.210935 0.073736 0.475 0.267 0.145
0.458609 -0.209743 0.074184 0.463 0.255 0.133
0.461551 -0.209240 0.075058 0.392 0.149 0.075
0.464486 -0.208745 0.075933 0.396 0.141 0.106
0.466224 -0.206879 0.075955 0.384 0.125 0.110
0.468555 -0.205704 0.076403 0.384 0.129 0.086
0.470882 -0.204533 0.076851 0.392 0.137 0.094
0.473206 -0.203366 0.077299 0.506 0.275 0.133
0.475526 -0.202203 0.077747 0.518 0.329 0.086
0.477843 -0.201043 0.078195 0.533 0.396 0.071
0.480156 -0.199887 0.078643 0.529 0.400 0.067
0.481883 -0.198033 0.078664 0.529 0.400 0.067
0.484191 -0.196883 0.079112 0.533 0.404 0.063
0.486496 -0.195736 0.079560 0.525 0.408 0.063
0.488219 -0.193886 0.079581 0.525 0.408 0.071
0.490519 -0.192745 0.080029 0.467 0.314 0.075
0.492240 -0.190896 0.080051 0.392 0.239 0.000
0.493962 -0.189047 0.080072 0.333 0.153 0.000
0.495684 -0.187199 0.080094 0.341 0.129 0.020
0.497406 -0.185350 0.080115 0.388 0.180 0.043
0.498561 -0.182781 0.079711 0.514 0.306 0.169
0.499720 -0.180209 0.079307 0.463 0.255 0.078
0.500882 -0.177633 0.078903 0.510 0.306 0.110
0.502048 -0.175053 0.078498 0.490 0.318 0.094
0.503217 -0.172470 0.078094 0.439 0.322 0.180
0.503832 -0.169153 0.077264 0.475 0.357 0.216
0.504454 -0.165829 0.076435 0.451 0.404 0.341
0.505083 -0.162498 0.075605 0.443 0.392 0.349
0.505720 -0.159158 0.074775 0.353 0.314 0.314
0.505812 -0.155075 0.073520 0.325 0.286 0.286
0.506464 -0.151719 0.072690 0.322 0.286 0.306
0.506576 -0.147614 0.071435 0.333 0.298 0.318
0.506153 -0.142756 0.069755 0.318 0.294 0.310
0.506288 -0.138627 0.068500 0.318 0.294 0.302
0.505892 -0.133741 0.066820 0.333 0.310 0.318
0.506050 -0.129587 0.065565 0.392 0.361 0.357
0.506757 -0.126172 0.064737 0.408 0.396 0.376
0.441643 -0.209805 0.065373 0.463 0.455 0.365
0.445233 -0.209929 0.066682 0.494 0.404 0.216
0.448813 -0.210064 0.067990 0.510 0.396 0.145
0.451780 -0.209531 0.068870 0.506 0.361 0.129
0.455340 -0.209686 0.070178 0.475 0.286 0.098
0.458291 -0.209171 0.071057 0.475 0.286 0.098
0.461235 -0.208663 0.071936 0.471 0.263 0.086
0.464171 -0.208162 0.072815 0.490 0.259 0.118
0.466506 -0.206981 0.073266 0.384 0.129 0.078
0.468838 -0.205803 0.073716 0.369 0.129 0.043
0.471166 -0.204630 0.074167 0.533 0.294 0.208
0.473491 -0.203460 0.074617 0.533 0.376 0.122
0.475812 -0.202294 0.075067 0.529 0.400 0.075
0.478130 -0.201131 0.075517 0.533 0.404 0.063
0.480444 -0.199973 0.075968 0.533 0.404 0.063
0.482173 -0.198116 0.075989 0.533 0.404 0.063
0.484482 -0.196964 0.076439 0.533 0.404 0.063
0.486787 -0.195814 0.076889 0.525 0.408 0.071
0.488513 -0.193962 0.076911 0.494 0.341 0.102
0.490813 -0.192819 0.077361 0.345 0.192 0.000
0.492536 -0.190968 0.077383 0.467 0.275 0.122
0.494260 -0.189117 0.077404 0.412 0.212 0.035
0.495983 -0.187266 0.077426 0.447 0.247 0.071
0.497707 -0.185416 0.077448 0.498 0.314 0.114
0.498865 -0.182846 0.077041 0.482 0.298 0.098
0.500026 -0.180273 0.076634 0.459 0.263 0.067
0.501191 -0.177696 0.076228 0.498 0.294 0.090
0.502360 -0.175115 0.075822 0.490 0.318 0.094
0.503532 -0.172530 0.075415 0.439 0.322 0.180
0.504150 -0.169214 0.074581 0.490 0.373 0.231
0.504776 -0.165889 0.073746 0.451 0.404 0.341
0.505408 -0.162557 0.072912 0.443 0.388 0.357
0.506048 -0.159218 0.072078 0.345 0.306 0.306
0.506145 -0.155135 0.070815 0.325 0.286 0.286
0.506801 -0.151778 0.069981 0.318 0.282 0.302
0.506917 -0.147674 0.068720 0.333 0.298 0.318
0.506500 -0.142818 0.067030 0.322 0.286 0.306
0.506639 -0.138689 0.065768 0.337 0.306 0.302
0.506248 -0.133804 0.064079 0.361 0.329 0.325
0.506411 -0.129651 0.062817 0.400 0.373 0.349
0.507121 -0.126235 0.061984 0.396 0.396 0.373
0.440107 -0.207921 0.061345 0.486 0.482 0.416
0.444308 -0.208709 0.063092 0.486 0.420 0.267
0.447890 -0.208836 0.064407 0.510 0.412 0.165
0.451462 -0.208974 0.065722 0.514 0.392 0.118
0.454424 -0.208443 0.066606 0.490 0.329 0.086
0.457976 -0.208602 0.067921 0.486 0.325 0.082
0.460921 -0.208088 0.068805 0.494 0.314 0.086
0.463860 -0.207582 0.069689 0.494 0.314 0.086
0.466198 -0.206397 0.070141 0.420 0.208 0.059
0.469124 -0.205904 0.071025 0.467 0.278 0.090
0.471453 -0.204728 0.071478 0.529 0.341 0.153
0.473778 -0.203555 0.071930 0.533 0.404 0.078
0.476100 -0.202386 0.072383 0.525 0.408 0.071
0.478419 -0.201221 0.072836 0.529 0.412 0.067
0.480734 -0.200060 0.073288 0.529 0.412 0.067
0.482465 -0.198202 0.073310 0.529 0.412 0.067
0.484774 -0.197046 0.073762 0.502 0.380 0.063
0.487080 -0.195894 0.074215 0.333 0.169 0.000
0.489383 -0.194746 0.074667 0.333 0.141 0.039
0.491108 -0.192894 0.074689 0.333 0.141 0.039
0.492834 -0.191041 0.074710 0.380 0.149 0.071
0.494559 -0.189188 0.074732 0.478 0.235 0.118
0.496285 -0.187336 0.074753 0.482 0.282 0.067
0.498010 -0.185483 0.074775 0.482 0.290 0.075
0.499170 -0.182913 0.074366 0.482 0.290 0.075
0.500334 -0.180338 0.073957 0.471 0.278 0.063
0.501502 -0.177760 0.073549 0.486 0.286 0.071
0.502673 -0.175178 0.073140 0.494 0.314 0.094
0.503848 -0.172592 0.072731 0.439 0.322 0.180
0.504470 -0.169275 0.071892 0.494 0.376 0.235
0.505099 -0.165951 0.071053 0.451 0.396 0.329
0.505735 -0.162619 0.070214 0.447 0.384 0.357
0.506379 -0.159279 0.069376 0.349 0.302 0.302
0.506480 -0.155196 0.068106 0.333 0.286 0.286
0.507139 -0.151839 0.067268 0.337 0.294 0.310
0.507260 -0.147736 0.065999 0.365 0.325 0.325
0.506848 -0.142881 0.064300 0.376 0.337 0.329
0.506450 -0.138010 0.062601 0.396 0.361 0.341
0.506606 -0.133869 0.061333 0.404 0.369 0.349
0.506235 -0.128970 0.059635 0.408 0.392 0.365
0.507487 -0.126300 0.059227 0.400 0.416 0.396
0.439185 -0.206715 0.057732 0.478 0.486 0.416
0.443387 -0.207494 0.059488 0.478 0.431 0.310
0.446973 -0.207612 0.060810 0.498 0.424 0.196
0.451148 -0.208419 0.062565 0.514 0.412 0.129
0.454111 -0.207883 0.063454 0.486 0.345 0.086
0.457665 -0.208036 0.064776 0.482 0.341 0.082
0.460612 -0.207517 0.065664 0.502 0.329 0.090
0.463552 -0.207006 0.066553 0.502 0.333 0.082
0.466485 -0.206502 0.067441 0.522 0.341 0.122
0.468820 -0.205317 0.067896 0.490 0.341 0.082
0.471741 -0.204827 0.068784 0.522 0.373 0.114
0.474067 -0.203652 0.069239 0.525 0.408 0.071
0.476390 -0.202480 0.069694 0.525 0.408 0.071
0.478709 -0.201312 0.070149 0.529 0.412 0.067
0.481025 -0.200149 0.070604 0.533 0.416 0.078
0.482758 -0.198288 0.070626 0.545 0.427 0.090
0.485068 -0.197130 0.071080 0.333 0.149 0.000
0.487375 -0.195976 0.071535 0.325 0.145 0.031
0.489679 -0.194825 0.071990 0.318 0.133 0.047
0.491406 -0.192970 0.072011 0.322 0.137 0.051
0.493133 -0.191116 0.072033 0.369 0.141 0.078
0.494860 -0.189261 0.072055 0.431 0.192 0.090
0.496587 -0.187407 0.072076 0.482 0.278 0.075
0.498315 -0.185552 0.072098 0.490 0.290 0.067
0.499478 -0.182981 0.071687 0.494 0.294 0.071
0.500644 -0.180405 0.071276 0.482 0.282 0.059
0.501815 -0.177826 0.070865 0.486 0.286 0.071
0.502988 -0.175243 0.070454 0.478 0.298 0.078
0.504166 -0.172656 0.070043 0.443 0.325 0.200
0.504791 -0.169339 0.069199 0.494 0.376 0.251
0.505424 -0.166014 0.068356 0.459 0.392 0.337
0.506064 -0.162681 0.067512 0.443 0.380 0.353
0.506161 -0.158609 0.066236 0.349 0.302 0.294
0.506817 -0.155259 0.065393 0.333 0.286 0.278
0.506933 -0.151166 0.064117 0.373 0.333 0.333
0.507060 -0.147061 0.062841 0.380 0.341 0.333
0.506655 -0.142205 0.061133 0.384 0.345 0.337
0.506264 -0.137334 0.059425 0.380 0.349 0.337
0.506427 -0.133192 0.058150 0.408 0.376 0.365
0.506600 -0.129037 0.056875 0.400 0.400 0.376
0.506783 -0.124872 0.055600 0.392 0.424 0.412
0.438268 -0.205513 0.054105 0.478 0.486 0.416
0.442472 -0.206283 0.055870 0.510 0.467 0.369
0.446662 -0.207068 0.057635 0.514 0.459 0.322
0.450238 -0.207192 0.058964 0.498 0.435 0.247
0.453803 -0.207327 0.060293 0.533 0.416 0.192
0.457954 -0.208154 0.062057 0.478 0.361 0.137
0.460901 -0.207632 0.062950 0.494 0.341 0.094
0.463248 -0.206433 0.063408 0.506 0.337 0.086
0.466182 -0.205924 0.064301 0.502 0.333 0.082
0.469110 -0.205422 0.065193 0.514 0.380 0.075
0.472030 -0.204928 0.066086 0.525 0.392 0.086
0.474358 -0.203750 0.066544 0.525 0.408 0.071
0.476682 -0.202576 0.067001 0.522 0.412 0.071
0.479002 -0.201405 0.067458 0.529 0.396 0.145
0.481319 -0.200239 0.067915 0.322 0.188 0.000
0.483632 -0.199076 0.068372 0.345 0.173 0.047
0.485942 -0.197917 0.068829 0.373 0.141 0.063
0.488248 -0.196762 0.069286 0.333 0.129 0.051
0.489977 -0.194905 0.069308 0.318 0.118 0.055
0.491705 -0.193049 0.069330 0.322 0.122 0.059
0.493434 -0.191192 0.069351 0.341 0.122 0.067
0.495163 -0.189336 0.069373 0.388 0.145 0.078
0.496892 -0.187480 0.069395 0.482 0.275 0.090
0.498621 -0.185623 0.069416 0.510 0.310 0.078
0.499787 -0.183050 0.069003 0.498 0.298 0.067
0.500956 -0.180474 0.068590 0.482 0.282 0.051
0.502129 -0.177893 0.068176 0.486 0.286 0.063
0.503306 -0.175309 0.067763 0.475 0.290 0.082
0.504485 -0.172721 0.067350 0.447 0.353 0.255
0.505115 -0.169404 0.066501 0.463 0.369 0.271
0.505751 -0.166079 0.065653 0.439 0.384 0.325
0.506394 -0.162746 0.064805 0.373 0.318 0.294
0.506496 -0.158674 0.063522 0.345 0.298 0.290
0.507155 -0.155324 0.062675 0.345 0.298 0.290
0.506731 -0.150496 0.060957 0.369 0.329 0.329
0.506864 -0.146390 0.059674 0.373 0.353 0.337
0.506466 -0.141533 0.057957 0.392 0.396 0.373
0.506082 -0.136661 0.056240 0.369 0.396 0.365
0.506251 -0.132517 0.054958 0.376 0.404 0.373
0.506430 -0.128362 0.053676 0.376 0.412 0.384
0.506620 -0.124195 0.052394 0.380 0.424 0.408
0.437961 -0.204987 0.050902 0.467 0.475 0.404
0.442166 -0.205750 0.052676 0.506 0.459 0.353
0.446355 -0.206528 0.054450 0.502 0.443 0.325
0.449932 -0.206645 0.055786 0.518 0.463 0.325
0.454095 -0.207452 0.057560 0.565 0.467 0.282
0.457649 -0.207594 0.058896 0.463 0.365 0.180
0.460597 -0.207066 0.059793 0.490 0.337 0.090
0.463539 -0.206546 0.060691 0.506 0.325 0.090
0.466474 -0.206033 0.061589 0.498 0.329 0.078
0.469401 -0.205528 0.062486 0.522 0.388 0.075
0.472322 -0.205031 0.063384 0.525 0.392 0.078
0.474650 -0.203850 0.063843 0.529 0.412 0.075
0.476975 -0.202673 0.064303 0.553 0.427 0.137
0.479296 -0.201500 0.064762 0.275 0.125 0.000
0.481614 -0.200331 0.065222 0.290 0.141 0.000
0.483928 -0.199165 0.065681 0.310 0.137 0.059
0.486238 -0.198003 0.066140 0.369 0.141 0.078
0.488545 -0.196845 0.066600 0.341 0.122 0.059
0.490276 -0.194987 0.066622 0.322 0.114 0.055
0.492007 -0.193129 0.066643 0.325 0.118 0.059
0.493737 -0.191271 0.066665 0.341 0.122 0.075
0.495468 -0.189412 0.066687 0.404 0.169 0.118
0.497199 -0.187554 0.066708 0.482 0.271 0.114
0.498929 -0.185696 0.066730 0.510 0.318 0.086
0.500098 -0.183122 0.066314 0.498 0.306 0.075
0.501270 -0.180544 0.065899 0.482 0.282 0.051
0.502445 -0.177963 0.065483 0.486 0.286 0.063
0.503624 -0.175377 0.065068 0.475 0.290 0.090
0.504807 -0.172788 0.064652 0.459 0.369 0.286
0.505440 -0.169470 0.063799 0.471 0.380 0.298
0.506080 -0.166145 0.062947 0.439 0.388 0.345
0.506727 -0.162812 0.062094 0.416 0.384 0.373
0.506832 -0.158740 0.060804 0.361 0.341 0.333
0.506949 -0.154658 0.059514 0.361 0.341 0.333
0.507076 -0.150563 0.058225 0.341 0.318 0.325
0.506671 -0.145721 0.056498 0.369 0.392 0.384
0.506280 -0.140864 0.054772 0.369 0.412 0.396
0.505903 -0.135992 0.053046 0.341 0.392 0.380
0.506078 -0.131846 0.051757 0.345 0.396 0.384
0.505728 -0.126946 0.050031 0.361 0.412 0.408
0.505926 -0.122776 0.048742 0.376 0.420 0.404
0.437055 -0.203794 0.047250 0.471 0.463 0.380
0.441862 -0.205219 0.049473 0.502 0.443 0.333
0.445452 -0.205317 0.050816 0.494 0.435 0.318
0.449630 -0.206102 0.052600 0.506 0.443 0.318
0.453793 -0.206901 0.054383 0.498 0.435 0.310
0.457347 -0.207037 0.055725 0.455 0.361 0.200
0.460298 -0.206504 0.056628 0.486 0.325 0.098
0.463241 -0.205978 0.057530 0.502 0.310 0.078
0.466178 -0.205460 0.058432 0.498 0.306 0.082
0.469107 -0.204950 0.059334 0.486 0.294 0.071
0.472029 -0.204447 0.060236 0.557 0.384 0.153
0.474944 -0.203952 0.061138 0.376 0.196 0.004
0.477270 -0.202772 0.061600 0.357 0.161 0.078
0.479592 -0.201596 0.062062 0.294 0.133 0.067
0.481910 -0.200424 0.062524 0.278 0.118 0.051
0.484225 -0.199256 0.062985 0.278 0.114 0.067
0.486537 -0.198091 0.063447 0.357 0.133 0.098
0.488845 -0.196931 0.063909 0.345 0.118 0.071
0.490577 -0.195071 0.063931 0.322 0.102 0.055
0.492310 -0.193210 0.063952 0.329 0.110 0.063
0.494042 -0.191350 0.063974 0.357 0.133 0.098
0.495775 -0.189490 0.063996 0.439 0.208 0.180
0.497507 -0.187630 0.064018 0.471 0.247 0.173
0.499239 -0.185770 0.064039 0.482 0.294 0.114
0.500410 -0.183195 0.063621 0.482 0.294 0.114
0.501585 -0.180616 0.063203 0.490 0.310 0.075
0.502763 -0.178033 0.062785 0.490 0.314 0.067
0.503945 -0.175447 0.062368 0.478 0.302 0.098
0.505130 -0.172857 0.061950 0.459 0.365 0.302
0.505767 -0.169539 0.061092 0.443 0.349 0.286
0.506410 -0.166213 0.060235 0.361 0.329 0.318
0.507061 -0.162879 0.059378 0.314 0.302 0.290
0.507171 -0.158809 0.058081 0.361 0.361 0.345
0.506746 -0.153995 0.056345 0.369 0.369 0.353
0.506880 -0.149899 0.055049 0.392 0.408 0.388
0.506482 -0.145056 0.053313 0.365 0.408 0.392
0.506098 -0.140199 0.051578 0.353 0.404 0.384
0.505728 -0.135326 0.049842 0.333 0.392 0.388
0.505373 -0.130437 0.048107 0.329 0.388 0.384
0.505032 -0.125534 0.046372 0.353 0.404 0.400
0.505237 -0.121361 0.045077 0.373 0.424 0.404
0.436756 -0.203275 0.044026 0.475 0.455 0.369
0.440962 -0.204022 0.045819 0.561 0.514 0.392
0.445153 -0.204784 0.047611 0.502 0.443 0.325
0.449331 -0.205561 0.049404 0.510 0.443 0.329
0.453494 -0.206354 0.051196 0.514 0.447 0.333
0.457049 -0.206483 0.052546 0.451 0.353 0.204
0.460594 -0.206625 0.053895 0.486 0.322 0.106
0.463537 -0.206095 0.054802 0.502 0.310 0.086
0.466474 -0.205574 0.055709 0.498 0.306 0.090
0.469403 -0.205060 0.056615 0.447 0.255 0.039
0.472325 -0.204554 0.057522 0.475 0.212 0.145
0.475240 -0.204055 0.058429 0.424 0.157 0.125
0.477567 -0.202873 0.058893 0.380 0.141 0.118
0.479890 -0.201694 0.059357 0.318 0.114 0.078
0.482209 -0.200519 0.059821 0.306 0.102 0.067
0.484525 -0.199348 0.060285 0.282 0.106 0.063
0.486837 -0.198181 0.060749 0.329 0.125 0.090
0.489146 -0.197018 0.061213 0.333 0.110 0.075
0.490880 -0.195156 0.061235 0.329 0.106 0.071
0.492614 -0.193294 0.061257 0.341 0.118 0.082
0.494349 -0.191431 0.061278 0.400 0.165 0.157
0.496083 -0.189569 0.061300 0.459 0.204 0.212
0.497817 -0.187707 0.061322 0.467 0.227 0.204
0.498989 -0.185133 0.060902 0.455 0.247 0.125
0.500725 -0.183269 0.060924 0.510 0.302 0.180
0.501902 -0.180689 0.060503 0.494 0.337 0.082
0.503083 -0.178106 0.060083 0.486 0.329 0.067
0.504268 -0.175518 0.059663 0.478 0.318 0.118
0.505455 -0.172927 0.059243 0.459 0.404 0.337
0.506095 -0.169608 0.058381 0.451 0.396 0.329
0.506742 -0.166282 0.057519 0.365 0.400 0.373
0.506848 -0.162222 0.056215 0.365 0.416 0.396
0.506965 -0.158149 0.054912 0.333 0.392 0.380
0.506548 -0.153335 0.053167 0.329 0.388 0.376
0.506687 -0.149238 0.051864 0.345 0.404 0.392
0.506296 -0.144394 0.050119 0.345 0.404 0.392
0.505920 -0.139536 0.048374 0.341 0.400 0.388
0.505557 -0.134663 0.046629 0.341 0.400 0.388
0.504673 -0.129033 0.044443 0.333 0.392 0.388
0.504874 -0.124870 0.043141 0.353 0.412 0.408
0.505086 -0.120695 0.041839 0.388 0.443 0.408
0.435859 -0.202091 0.040348 0.475 0.451 0.349
0.440066 -0.202829 0.042150 0.494 0.431 0.306
0.444260 -0.203582 0.043952 0.514 0.447 0.333
0.449035 -0.205024 0.046199 0.514 0.455 0.353
0.453199 -0.205809 0.048000 0.490 0.431 0.329
0.456755 -0.205933 0.049357 0.459 0.353 0.208
0.460300 -0.206068 0.050713 0.494 0.337 0.118
0.463835 -0.206214 0.052069 0.494 0.337 0.082
0.466771 -0.205689 0.052981 0.482 0.275 0.090
0.469701 -0.205172 0.053892 0.431 0.224 0.039
0.472623 -0.204662 0.054803 0.471 0.192 0.149
0.475538 -0.204160 0.055715 0.439 0.161 0.133
0.477865 -0.202975 0.056181 0.400 0.137 0.133
0.480189 -0.201793 0.056648 0.337 0.110 0.094
0.482509 -0.200616 0.057114 0.329 0.102 0.086
0.484826 -0.199442 0.057580 0.294 0.102 0.063
0.487139 -0.198272 0.058047 0.314 0.122 0.082
0.488877 -0.196407 0.058069 0.322 0.110 0.078
0.491185 -0.195242 0.058535 0.349 0.114 0.098
0.492921 -0.193378 0.058557 0.369 0.133 0.118
0.494657 -0.191514 0.058578 0.412 0.169 0.165
0.495828 -0.188943 0.058156 0.443 0.188 0.196
0.497566 -0.187077 0.058178 0.471 0.216 0.208
0.499304 -0.185211 0.058199 0.443 0.235 0.114
0.501041 -0.183345 0.058221 0.510 0.302 0.180
0.501663 -0.180049 0.057354 0.494 0.337 0.082
0.502849 -0.177463 0.056932 0.486 0.329 0.067
0.504038 -0.174872 0.056510 0.478 0.318 0.125
0.505230 -0.172278 0.056087 0.459 0.424 0.357
0.505875 -0.168957 0.055221 0.431 0.396 0.329
0.506527 -0.165629 0.054354 0.357 0.400 0.384
0.506640 -0.161567 0.053044 0.357 0.416 0.404
0.506762 -0.157493 0.051733 0.333 0.404 0.396
0.506352 -0.152678 0.049979 0.337 0.408 0.400
0.506498 -0.148580 0.048669 0.345 0.416 0.400
0.506114 -0.143736 0.046915 0.337 0.408 0.392
0.505745 -0.138877 0.045161 0.329 0.400 0.384
0.504853 -0.133265 0.042963 0.329 0.400 0.384
0.504513 -0.128374 0.041210 0.325 0.396 0.388
0.504188 -0.123467 0.039457 0.365 0.424 0.412
0.504408 -0.119289 0.038148 0.388 0.443 0.408
0.434366 -0.200245 0.036210 0.475 0.471 0.369
0.439776 -0.202310 0.038915 0.482 0.420 0.286
0.443969 -0.203056 0.040726 0.506 0.435 0.302
0.448148 -0.203817 0.042537 0.506 0.459 0.345
0.452907 -0.205268 0.044795 0.502 0.455 0.341
0.456464 -0.205386 0.046158 0.451 0.373 0.231
0.460010 -0.205515 0.047522 0.502 0.365 0.192
0.463546 -0.205655 0.048885 0.494 0.341 0.110
0.467071 -0.205806 0.050248 0.514 0.314 0.145
0.470000 -0.205285 0.051164 0.443 0.243 0.075
0.472922 -0.204772 0.052080 0.475 0.220 0.184
0.475838 -0.204266 0.052996 0.471 0.200 0.188
0.478166 -0.203078 0.053465 0.455 0.180 0.180
0.480490 -0.201894 0.053933 0.427 0.141 0.145
0.482812 -0.200714 0.054402 0.388 0.102 0.106
0.485129 -0.199538 0.054871 0.329 0.098 0.071
0.487443 -0.198365 0.055340 0.310 0.106 0.071
0.489183 -0.196498 0.055361 0.322 0.110 0.078
0.490922 -0.194630 0.055383 0.392 0.129 0.133
0.492662 -0.192762 0.055405 0.416 0.153 0.157
0.494401 -0.190894 0.055427 0.447 0.184 0.188
0.496141 -0.189026 0.055449 0.455 0.192 0.196
0.497880 -0.187159 0.055471 0.463 0.227 0.176
0.499620 -0.185291 0.055492 0.482 0.294 0.122
0.500801 -0.182711 0.055068 0.506 0.318 0.145
0.501985 -0.180127 0.054643 0.490 0.333 0.078
0.503173 -0.177539 0.054218 0.482 0.325 0.071
0.504365 -0.174947 0.053794 0.459 0.302 0.137
0.505008 -0.171632 0.052922 0.447 0.290 0.125
0.505658 -0.168309 0.052051 0.388 0.392 0.349
0.506316 -0.164979 0.051180 0.345 0.416 0.400
0.506434 -0.160915 0.049863 0.341 0.420 0.408
0.506563 -0.156840 0.048546 0.333 0.412 0.400
0.506160 -0.152024 0.046782 0.329 0.408 0.396
0.505771 -0.147193 0.045019 0.329 0.408 0.396
0.505396 -0.142347 0.043256 0.325 0.404 0.392
0.505036 -0.137486 0.041493 0.322 0.400 0.388
0.504689 -0.132609 0.039730 0.322 0.400 0.388
0.503823 -0.126978 0.037521 0.329 0.400 0.392
0.504038 -0.122810 0.036205 0.325 0.396 0.380
0.433481 -0.199072 0.032502 0.486 0.463 0.361
0.438890 -0.201126 0.035222 0.482 0.420 0.294
0.443682 -0.202533 0.037491 0.486 0.404 0.275
0.447861 -0.203288 0.039311 0.506 0.435 0.310
0.452619 -0.204731 0.041581 0.490 0.420 0.294
0.456177 -0.204842 0.042951 0.443 0.361 0.231
0.460313 -0.205642 0.044771 0.525 0.404 0.251
0.463848 -0.205777 0.046141 0.486 0.341 0.165
0.466786 -0.205244 0.047062 0.518 0.329 0.184
0.469717 -0.204717 0.047982 0.451 0.263 0.118
0.472641 -0.204198 0.048903 0.467 0.231 0.173
0.475558 -0.203687 0.049823 0.467 0.208 0.192
0.477889 -0.202495 0.050294 0.455 0.192 0.188
0.480216 -0.201306 0.050766 0.451 0.165 0.169
0.482540 -0.200122 0.051237 0.416 0.129 0.133
0.484860 -0.198941 0.051708 0.345 0.082 0.078
0.487177 -0.197764 0.052179 0.294 0.098 0.071
0.488920 -0.195892 0.052201 0.314 0.098 0.078
0.490663 -0.194020 0.052222 0.420 0.145 0.153
0.492406 -0.192149 0.052244 0.431 0.157 0.165
0.494149 -0.190277 0.052266 0.467 0.180 0.192
0.495892 -0.188406 0.052288 0.475 0.224 0.196
0.497635 -0.186534 0.052310 0.482 0.263 0.153
0.499378 -0.184662 0.052332 0.490 0.302 0.114
0.500564 -0.182079 0.051905 0.502 0.314 0.125
0.501752 -0.179492 0.051478 0.486 0.325 0.082
0.502945 -0.176902 0.051051 0.482 0.325 0.071
0.504141 -0.174307 0.050624 0.431 0.302 0.137
0.504790 -0.170990 0.049748 0.412 0.282 0.118
0.505445 -0.167665 0.048873 0.376 0.396 0.357
0.506108 -0.164332 0.047997 0.349 0.420 0.404
0.506233 -0.160267 0.046673 0.341 0.420 0.400
0.505824 -0.155464 0.044900 0.329 0.408 0.396
0.505972 -0.151374 0.043576 0.325 0.404 0.392
0.505590 -0.146542 0.041804 0.329 0.408 0.396
0.505222 -0.141696 0.040031 0.329 0.408 0.396
0.504332 -0.136099 0.037811 0.322 0.400 0.388
0.503995 -0.131220 0.036039 0.318 0.396 0.384
0.503138 -0.125588 0.033818 0.278 0.349 0.341
0.503362 -0.121417 0.032495 0.192 0.259 0.263
0.427771 -0.196546 0.026499 0.424 0.455 0.396
0.432600 -0.197904 0.028781 0.490 0.424 0.310
0.438607 -0.200614 0.031966 0.525 0.443 0.314
0.442802 -0.201344 0.033795 0.475 0.404 0.271
0.447577 -0.202761 0.036076 0.486 0.400 0.263
0.452334 -0.204196 0.038357 0.486 0.400 0.263
0.455893 -0.204301 0.039735 0.565 0.467 0.325
0.460030 -0.205094 0.041564 0.506 0.416 0.290
0.463565 -0.205223 0.042941 0.443 0.345 0.212
0.467090 -0.205365 0.044318 0.482 0.322 0.169
0.470021 -0.204835 0.045243 0.482 0.322 0.169
0.472945 -0.204312 0.046168 0.471 0.263 0.141
0.475862 -0.203798 0.047093 0.455 0.200 0.157
0.478194 -0.202603 0.047567 0.459 0.173 0.176
0.480522 -0.201411 0.048040 0.455 0.153 0.161
0.482272 -0.199532 0.048062 0.455 0.153 0.161
0.484595 -0.198347 0.048535 0.427 0.137 0.141
0.486914 -0.197165 0.049009 0.380 0.106 0.106
0.488661 -0.195290 0.049031 0.400 0.125 0.133
0.490408 -0.193414 0.049053 0.451 0.165 0.176
0.492154 -0.191539 0.049074 0.455 0.169 0.180
0.493901 -0.189663 0.049096 0.463 0.173 0.184
0.495647 -0.187788 0.049118 0.463 0.196 0.165
0.497394 -0.185913 0.049140 0.490 0.275 0.137
0.499140 -0.184037 0.049162 0.498 0.302 0.098
0.500330 -0.181451 0.048733 0.502 0.306 0.102
0.501523 -0.178861 0.048304 0.490 0.310 0.082
0.502720 -0.176267 0.047874 0.482 0.325 0.071
0.503921 -0.173670 0.047445 0.435 0.333 0.161
0.504575 -0.170350 0.046565 0.412 0.310 0.137
0.505236 -0.167023 0.045685 0.349 0.400 0.349
0.505358 -0.162966 0.044354 0.341 0.420 0.408
0.505490 -0.158898 0.043023 0.345 0.424 0.412
0.505634 -0.154818 0.041692 0.329 0.408 0.396
0.505246 -0.149999 0.039910 0.325 0.404 0.392
0.504873 -0.145165 0.038128 0.322 0.400 0.388
0.504514 -0.140316 0.036347 0.329 0.408 0.396
0.503634 -0.134718 0.034115 0.325 0.404 0.392
0.503305 -0.129836 0.032334 0.298 0.376 0.365
0.502459 -0.124202 0.030102 0.243 0.310 0.322
0.502690 -0.120028 0.028772 0.196 0.263 0.275
0.425695 -0.194067 0.021844 0.431 0.451 0.396
0.431127 -0.196076 0.024592 0.494 0.424 0.298
0.438328 -0.200105 0.028701 0.514 0.416 0.275
0.443118 -0.201497 0.030994 0.494 0.416 0.275
0.447890 -0.202907 0.033286 0.463 0.396 0.251
0.452053 -0.203665 0.035125 0.490 0.424 0.278
0.455613 -0.203763 0.036509 0.494 0.396 0.247
0.459749 -0.204549 0.038347 0.541 0.443 0.302
0.463286 -0.204673 0.039731 0.553 0.455 0.314
0.466812 -0.204808 0.041115 0.478 0.322 0.157
0.470327 -0.204954 0.042499 0.486 0.329 0.165
0.472670 -0.203745 0.042975 0.463 0.255 0.118
0.475589 -0.203224 0.043904 0.459 0.192 0.153
0.477923 -0.202025 0.044380 0.463 0.173 0.176
0.480254 -0.200829 0.044856 0.463 0.161 0.169
0.482581 -0.199637 0.045332 0.467 0.165 0.173
0.484333 -0.197756 0.045354 0.467 0.176 0.188
0.486655 -0.196569 0.045829 0.451 0.176 0.184
0.488405 -0.194690 0.045851 0.443 0.169 0.176
0.490156 -0.192811 0.045873 0.459 0.173 0.184
0.491906 -0.190932 0.045895 0.463 0.176 0.188
0.493656 -0.189053 0.045917 0.455 0.169 0.180
0.495406 -0.187174 0.045939 0.455 0.188 0.149
0.497156 -0.185294 0.045961 0.451 0.239 0.082
0.498906 -0.183415 0.045983 0.498 0.325 0.086
0.500100 -0.180826 0.045552 0.494 0.322 0.082
0.501298 -0.178233 0.045120 0.471 0.298 0.059
0.502499 -0.175636 0.044689 0.471 0.298 0.067
0.503704 -0.173036 0.044257 0.424 0.341 0.176
0.504363 -0.169714 0.043373 0.447 0.365 0.200
0.504483 -0.165665 0.042034 0.341 0.404 0.361
0.505158 -0.162326 0.041150 0.333 0.412 0.400
0.505297 -0.158257 0.039812 0.349 0.427 0.416
0.505446 -0.154176 0.038474 0.333 0.412 0.400
0.505066 -0.149356 0.036683 0.341 0.420 0.408
0.504700 -0.144521 0.034892 0.263 0.337 0.345
0.503812 -0.138941 0.032649 0.180 0.263 0.286
0.502941 -0.133341 0.030405 0.204 0.294 0.314
0.502088 -0.127722 0.028161 0.220 0.310 0.329
0.501784 -0.122821 0.026371 0.180 0.271 0.298
0.501494 -0.117905 0.024582 0.192 0.267 0.282
0.424227 -0.192258 0.017623 0.424 0.435 0.373
0.429064 -0.193590 0.019928 0.471 0.361 0.243
0.438649 -0.200265 0.025883 0.506 0.376 0.220
0.443436 -0.201651 0.028187 0.486 0.384 0.227
0.447613 -0.202386 0.030035 0.498 0.435 0.310
0.451776 -0.203137 0.031883 0.537 0.475 0.349
0.455925 -0.203902 0.033730 0.506 0.439 0.286
0.459473 -0.204008 0.035121 0.490 0.388 0.231
0.463010 -0.204125 0.036512 0.482 0.353 0.188
0.466537 -0.204254 0.037903 0.502 0.341 0.141
0.470053 -0.204394 0.039294 0.486 0.325 0.125
0.472399 -0.203180 0.039772 0.455 0.271 0.071
0.475319 -0.202654 0.040707 0.451 0.200 0.129
0.477656 -0.201450 0.041185 0.463 0.180 0.173
0.479990 -0.200250 0.041663 0.467 0.176 0.180
0.482320 -0.199053 0.042141 0.475 0.184 0.188
0.484075 -0.197168 0.042163 0.482 0.196 0.200
0.486400 -0.195977 0.042641 0.471 0.196 0.196
0.488153 -0.194094 0.042663 0.455 0.196 0.180
0.489907 -0.192211 0.042685 0.522 0.302 0.200
0.491661 -0.190328 0.042707 0.537 0.318 0.216
0.493414 -0.188445 0.042729 0.427 0.216 0.106
0.495168 -0.186562 0.042751 0.439 0.224 0.102
0.496922 -0.184679 0.042773 0.494 0.329 0.114
0.498675 -0.182796 0.042795 0.506 0.357 0.098
0.499874 -0.180204 0.042361 0.502 0.353 0.094
0.501076 -0.177608 0.041928 0.467 0.294 0.055
0.502282 -0.175009 0.041494 0.471 0.290 0.071
0.502941 -0.171690 0.040604 0.424 0.325 0.176
0.503608 -0.168364 0.039715 0.467 0.369 0.220
0.504281 -0.165031 0.038826 0.353 0.412 0.357
0.504417 -0.160969 0.037481 0.341 0.420 0.408
0.504564 -0.156896 0.036136 0.345 0.424 0.412
0.504722 -0.152812 0.034792 0.286 0.361 0.369
0.504350 -0.147990 0.032992 0.227 0.302 0.310
0.503993 -0.143153 0.031192 0.204 0.290 0.302
0.503115 -0.137571 0.028936 0.180 0.263 0.294
0.502254 -0.131969 0.026681 0.184 0.278 0.325
0.501411 -0.126349 0.024427 0.145 0.239 0.286
0.500585 -0.120710 0.022172 0.161 0.255 0.302
0.500306 -0.115789 0.020373 0.188 0.259 0.286
0.422766 -0.190455 0.013383 0.431 0.439 0.369
0.427606 -0.191776 0.015699 0.478 0.361 0.235
0.438376 -0.199762 0.022602 0.498 0.361 0.188
0.443162 -0.201140 0.024918 0.486 0.384 0.220
0.447339 -0.201868 0.026775 0.514 0.451 0.318
0.452092 -0.203282 0.029090 0.498 0.435 0.302
0.455651 -0.203370 0.030489 0.482 0.373 0.192
0.459200 -0.203470 0.031887 0.502 0.369 0.161
0.462738 -0.203581 0.033284 0.498 0.349 0.137
0.466266 -0.203703 0.034682 0.475 0.322 0.090
0.469783 -0.203837 0.036080 0.490 0.337 0.106
0.472710 -0.203300 0.037019 0.518 0.357 0.114
0.475053 -0.202088 0.037500 0.518 0.361 0.106
0.477393 -0.200879 0.037980 0.525 0.361 0.153
0.479729 -0.199674 0.038461 0.533 0.365 0.176
0.482062 -0.198473 0.038941 0.518 0.349 0.161
0.483821 -0.196584 0.038963 0.541 0.373 0.184
0.486148 -0.195388 0.039443 0.541 0.380 0.188
0.487905 -0.193502 0.039466 0.522 0.373 0.153
0.489662 -0.191615 0.039488 0.514 0.384 0.114
0.491419 -0.189728 0.039510 0.506 0.376 0.106
0.493177 -0.187841 0.039532 0.502 0.376 0.094
0.494934 -0.185954 0.039554 0.510 0.388 0.114
0.496691 -0.184068 0.039576 0.514 0.388 0.133
0.498448 -0.182181 0.039598 0.490 0.365 0.110
0.499651 -0.179586 0.039162 0.475 0.341 0.098
0.500858 -0.176987 0.038726 0.455 0.310 0.071
0.501517 -0.173672 0.037832 0.455 0.294 0.059
0.502733 -0.171064 0.037396 0.376 0.286 0.169
0.503404 -0.167736 0.036502 0.290 0.200 0.082
0.503538 -0.163682 0.035150 0.251 0.302 0.298
0.503682 -0.159617 0.033798 0.235 0.310 0.325
0.503837 -0.155541 0.032447 0.227 0.318 0.337
0.504002 -0.151453 0.031095 0.224 0.310 0.349
0.503640 -0.146629 0.029286 0.137 0.224 0.263
0.503292 -0.141789 0.027477 0.161 0.247 0.302
0.502423 -0.136205 0.025210 0.149 0.235 0.290
0.501572 -0.130602 0.022944 0.125 0.216 0.282
0.500207 -0.124247 0.020220 0.133 0.224 0.290
0.499923 -0.119339 0.018412 0.157 0.251 0.306
0.499125 -0.113679 0.016146 0.192 0.263 0.290
0.421910 -0.189319 0.009585 0.431 0.431 0.353
0.426750 -0.190630 0.011914 0.482 0.357 0.216
0.438700 -0.199926 0.019773 0.502 0.357 0.180
0.442892 -0.200632 0.021639 0.510 0.400 0.220
0.447069 -0.201354 0.023505 0.522 0.416 0.271
0.451821 -0.202759 0.025832 0.498 0.392 0.247
0.455381 -0.202841 0.027238 0.490 0.369 0.165
0.458930 -0.202935 0.028643 0.502 0.365 0.141
0.462469 -0.203040 0.030047 0.494 0.349 0.118
0.465998 -0.203156 0.031452 0.463 0.290 0.067
0.469516 -0.203283 0.032857 0.404 0.231 0.008
0.472445 -0.202741 0.033800 0.557 0.361 0.157
0.474791 -0.201524 0.034283 0.525 0.369 0.114
0.477133 -0.200311 0.034766 0.522 0.380 0.122
0.479472 -0.199101 0.035249 0.525 0.380 0.133
0.481807 -0.197895 0.035732 0.525 0.380 0.133
0.483570 -0.196003 0.035754 0.522 0.392 0.129
0.485900 -0.194803 0.036237 0.522 0.392 0.129
0.487660 -0.192912 0.036259 0.514 0.392 0.118
0.489421 -0.191021 0.036281 0.510 0.392 0.098
0.491182 -0.189131 0.036303 0.502 0.384 0.090
0.492942 -0.187240 0.036325 0.502 0.384 0.082
0.494703 -0.185350 0.036347 0.529 0.400 0.129
0.496464 -0.183459 0.036369 0.471 0.302 0.114
0.498225 -0.181569 0.036391 0.463 0.294 0.106
0.499432 -0.178970 0.035953 0.502 0.345 0.125
0.500643 -0.176369 0.035515 0.478 0.333 0.086
0.501308 -0.173052 0.034616 0.467 0.322 0.082
0.501980 -0.169727 0.033718 0.384 0.298 0.188
0.502658 -0.166395 0.032819 0.271 0.184 0.075
0.502800 -0.162338 0.031461 0.235 0.302 0.314
0.502952 -0.158270 0.030102 0.227 0.310 0.333
0.503115 -0.154190 0.028744 0.180 0.275 0.322
0.503288 -0.150099 0.027385 0.141 0.235 0.282
0.502935 -0.145272 0.025567 0.110 0.216 0.267
0.502595 -0.140430 0.023749 0.137 0.227 0.294
0.501736 -0.134845 0.021471 0.137 0.227 0.302
0.500895 -0.129240 0.019193 0.118 0.208 0.282
0.499541 -0.122884 0.016455 0.129 0.220 0.294
0.498737 -0.117239 0.014177 0.161 0.251 0.318
0.498477 -0.112312 0.012360 0.204 0.278 0.294
0.421656 -0.188847 0.006238 0.451 0.443 0.369
0.426495 -0.190150 0.008577 0.486 0.357 0.208
0.438434 -0.199429 0.016475 0.498 0.357 0.169
0.443216 -0.200793 0.018814 0.506 0.392 0.224
0.446802 -0.200842 0.020227 0.514 0.392 0.224
0.451553 -0.202240 0.022565 0.490 0.369 0.200
0.455700 -0.202987 0.024441 0.494 0.357 0.133
0.459249 -0.203076 0.025852 0.502 0.361 0.102
0.462787 -0.203176 0.027264 0.502 0.353 0.094
0.465734 -0.202612 0.028213 0.490 0.318 0.078
0.469252 -0.202733 0.029624 0.471 0.298 0.059
0.472183 -0.202186 0.030573 0.369 0.169 0.000
0.474532 -0.200964 0.031058 0.373 0.157 0.027
0.476877 -0.199746 0.031543 0.376 0.165 0.016
0.479218 -0.198532 0.032028 0.471 0.286 0.086
0.481556 -0.197321 0.032513 0.502 0.318 0.118
0.483322 -0.195425 0.032536 0.525 0.400 0.118
0.485088 -0.193529 0.032558 0.522 0.404 0.102
0.486854 -0.191632 0.032580 0.514 0.400 0.086
0.489183 -0.190431 0.033065 0.514 0.400 0.078
0.490948 -0.188537 0.033087 0.510 0.396 0.075
0.492712 -0.186643 0.033109 0.447 0.310 0.024
0.494476 -0.184748 0.033131 0.451 0.231 0.086
0.496240 -0.182854 0.033154 0.459 0.239 0.094
0.498005 -0.180959 0.033176 0.475 0.255 0.110
0.499216 -0.178358 0.032735 0.498 0.322 0.110
0.499881 -0.175045 0.031832 0.478 0.337 0.078
0.501102 -0.172434 0.031391 0.463 0.329 0.078
0.501779 -0.169107 0.030488 0.361 0.286 0.188
0.501918 -0.165059 0.029123 0.251 0.176 0.078
0.502611 -0.161715 0.028220 0.153 0.212 0.263
0.502769 -0.157645 0.026854 0.118 0.220 0.282
0.502398 -0.152844 0.025027 0.133 0.235 0.306
0.502580 -0.148750 0.023662 0.137 0.239 0.310
0.502235 -0.143921 0.021834 0.110 0.212 0.282
0.501904 -0.139076 0.020007 0.118 0.216 0.298
0.501055 -0.133489 0.017717 0.122 0.220 0.302
0.500224 -0.127882 0.015428 0.106 0.204 0.286
0.499410 -0.122257 0.013139 0.122 0.220 0.302
0.498086 -0.115879 0.010387 0.153 0.243 0.310
0.497835 -0.110949 0.008561 0.243 0.318 0.325
0.422002 -0.189036 0.003346 0.447 0.439 0.357
0.426838 -0.190334 0.005697 0.482 0.361 0.208
0.433433 -0.193637 0.009445 0.490 0.349 0.161
0.443543 -0.200955 0.015985 0.510 0.388 0.220
0.447128 -0.201000 0.017404 0.502 0.384 0.204
0.451876 -0.202392 0.019754 0.482 0.365 0.184
0.455436 -0.202464 0.021173 0.494 0.361 0.118
0.458986 -0.202546 0.022592 0.510 0.361 0.094
0.462525 -0.202641 0.024011 0.502 0.353 0.086
0.466053 -0.202746 0.025430 0.486 0.329 0.067
0.468993 -0.202186 0.026383 0.478 0.322 0.059
0.471925 -0.201633 0.027336 0.341 0.161 0.000
0.474277 -0.200407 0.027823 0.349 0.141 0.012
0.476624 -0.199184 0.028311 0.373 0.153 0.051
0.478968 -0.197965 0.028798 0.373 0.169 0.020
0.481309 -0.196750 0.029286 0.361 0.157 0.008
0.483078 -0.194850 0.029308 0.533 0.396 0.110
0.484848 -0.192950 0.029330 0.522 0.408 0.086
0.486617 -0.191050 0.029352 0.514 0.400 0.078
0.488949 -0.189844 0.029840 0.518 0.404 0.082
0.490717 -0.187946 0.029862 0.510 0.396 0.075
0.492485 -0.186048 0.029884 0.435 0.282 0.008
0.494253 -0.184150 0.029906 0.447 0.216 0.075
0.496020 -0.182252 0.029929 0.463 0.255 0.078
0.497788 -0.180354 0.029951 0.498 0.290 0.114
0.499004 -0.177749 0.029508 0.494 0.322 0.090
0.499674 -0.174434 0.028600 0.486 0.337 0.071
0.500352 -0.171111 0.027693 0.467 0.337 0.075
0.501036 -0.167780 0.026785 0.322 0.251 0.165
0.501727 -0.164441 0.025877 0.255 0.184 0.098
0.501883 -0.160380 0.024505 0.176 0.235 0.294
0.502049 -0.156307 0.023133 0.133 0.235 0.298
0.502226 -0.152223 0.021761 0.129 0.239 0.306
0.501876 -0.147406 0.019924 0.122 0.231 0.298
0.502076 -0.143297 0.018552 0.102 0.212 0.278
0.501753 -0.138452 0.016716 0.102 0.208 0.286
0.500912 -0.132865 0.014415 0.102 0.208 0.286
0.500088 -0.127259 0.012114 0.106 0.212 0.290
0.499282 -0.121633 0.009813 0.118 0.224 0.302
0.498494 -0.115989 0.007513 0.141 0.235 0.290
0.497198 -0.109592 0.004748 0.341 0.416 0.424
0.421754 -0.188570 -0.000018 0.459 0.439 0.353
0.427775 -0.191178 0.003281 0.482 0.353 0.188
0.433772 -0.193813 0.006579 0.490 0.349 0.153
0.443871 -0.201119 0.013151 0.490 0.349 0.145
0.447455 -0.201159 0.014577 0.498 0.361 0.145
0.452200 -0.202545 0.016939 0.494 0.357 0.141
0.455760 -0.202613 0.018365 0.502 0.357 0.118
0.459308 -0.202691 0.019791 0.506 0.357 0.090
0.462266 -0.202108 0.020749 0.506 0.353 0.078
0.465795 -0.202208 0.022174 0.490 0.337 0.063
0.468737 -0.201642 0.023132 0.486 0.333 0.059
0.471671 -0.201084 0.024089 0.478 0.322 0.059
0.474025 -0.199853 0.024579 0.490 0.329 0.086
0.476375 -0.198626 0.025069 0.349 0.180 0.000
0.478722 -0.197402 0.025559 0.502 0.361 0.102
0.481065 -0.196182 0.026049 0.533 0.392 0.133
0.482838 -0.194279 0.026071 0.525 0.408 0.071
0.484611 -0.192375 0.026094 0.522 0.404 0.059
0.486384 -0.190471 0.026116 0.518 0.408 0.059
0.488157 -0.188567 0.026138 0.514 0.404 0.055
0.489930 -0.186663 0.026160 0.506 0.388 0.051
0.491704 -0.184759 0.026183 0.435 0.259 0.012
0.493477 -0.182855 0.026205 0.475 0.294 0.067
0.495250 -0.180952 0.026227 0.494 0.325 0.067
0.497023 -0.179048 0.026249 0.494 0.325 0.067
0.498245 -0.176439 0.025804 0.490 0.333 0.071
0.499471 -0.173826 0.025359 0.490 0.345 0.067
0.500154 -0.170500 0.024447 0.467 0.337 0.067
0.500843 -0.167167 0.023535 0.239 0.192 0.114
0.500996 -0.163114 0.022156 0.271 0.224 0.145
0.501160 -0.159049 0.020776 0.176 0.255 0.306
0.501334 -0.154973 0.019397 0.137 0.259 0.314
0.501519 -0.150886 0.018018 0.118 0.239 0.302
0.501715 -0.146787 0.016640 0.114 0.235 0.298
0.501921 -0.142676 0.015261 0.094 0.216 0.278
0.501605 -0.137831 0.013415 0.082 0.200 0.275
0.500771 -0.132244 0.011103 0.102 0.208 0.286
0.500485 -0.127366 0.009258 0.102 0.208 0.286
0.499686 -0.121743 0.006946 0.118 0.224 0.302
0.498378 -0.115369 0.004167 0.133 0.227 0.282
0.497615 -0.109706 0.001855 0.376 0.451 0.451
0.422103 -0.188763 -0.002921 0.455 0.439 0.341
0.428121 -0.191364 0.000394 0.482 0.353 0.188
0.434703 -0.194653 0.004178 0.494 0.341 0.141
0.444201 -0.201284 0.010313 0.478 0.341 0.125
0.447784 -0.201320 0.011746 0.494 0.361 0.125
0.452527 -0.202701 0.014119 0.494 0.361 0.125
0.456085 -0.202763 0.015552 0.502 0.357 0.110
0.459633 -0.202838 0.016984 0.502 0.365 0.086
0.462590 -0.202251 0.017947 0.494 0.349 0.063
0.465541 -0.201673 0.018910 0.494 0.318 0.071
0.468484 -0.201101 0.019872 0.482 0.306 0.059
0.471420 -0.200538 0.020834 0.494 0.314 0.078
0.473777 -0.199302 0.021326 0.482 0.325 0.071
0.476129 -0.198070 0.021819 0.510 0.365 0.086
0.478479 -0.196842 0.022311 0.518 0.404 0.090
0.480825 -0.195618 0.022803 0.514 0.400 0.086
0.482601 -0.193710 0.022825 0.522 0.412 0.063
0.484378 -0.191803 0.022848 0.518 0.408 0.059
0.486155 -0.189895 0.022870 0.518 0.408 0.059
0.487931 -0.187987 0.022892 0.514 0.404 0.055
0.489708 -0.186080 0.022915 0.482 0.333 0.031
0.491484 -0.184172 0.022937 0.498 0.322 0.067
0.493261 -0.182264 0.022959 0.494 0.341 0.067
0.495038 -0.180357 0.022981 0.490 0.337 0.047
0.496814 -0.178449 0.023004 0.490 0.337 0.047
0.498041 -0.175837 0.022556 0.490 0.345 0.051
0.498724 -0.172515 0.021640 0.482 0.345 0.051
0.499413 -0.169186 0.020723 0.471 0.349 0.075
0.500110 -0.165848 0.019806 0.200 0.169 0.114
0.500814 -0.162504 0.018889 0.239 0.208 0.153
0.500984 -0.158437 0.017503 0.161 0.247 0.302
0.501164 -0.154360 0.016118 0.114 0.235 0.290
0.501355 -0.150271 0.014732 0.118 0.239 0.302
0.501557 -0.146171 0.013346 0.118 0.239 0.302
0.501769 -0.142059 0.011961 0.086 0.204 0.278
0.501460 -0.137213 0.010106 0.082 0.200 0.275
0.501165 -0.132351 0.008251 0.102 0.208 0.294
0.500884 -0.127475 0.006397 0.102 0.208 0.286
0.500091 -0.121854 0.004073 0.122 0.227 0.306
0.498790 -0.115483 0.001281 0.145 0.239 0.294
0.423048 -0.189614 -0.005356 0.447 0.424 0.322
0.429059 -0.192210 -0.002025 0.486 0.345 0.184
0.436224 -0.196151 0.002250 0.494 0.345 0.133
0.444533 -0.201451 0.007470 0.482 0.337 0.106
0.448115 -0.201483 0.008910 0.502 0.357 0.110
0.452855 -0.202857 0.011294 0.502 0.357 0.110
0.456412 -0.202916 0.012734 0.506 0.365 0.106
0.459959 -0.202986 0.014174 0.506 0.365 0.106
0.462917 -0.202396 0.015141 0.510 0.322 0.141
0.465867 -0.201814 0.016108 0.471 0.231 0.129
0.468235 -0.200564 0.016603 0.467 0.227 0.125
0.471173 -0.199995 0.017570 0.494 0.251 0.133
0.473532 -0.198755 0.018064 0.478 0.306 0.067
0.475887 -0.197518 0.018559 0.514 0.396 0.059
0.478239 -0.196286 0.019053 0.518 0.400 0.063
0.480588 -0.195057 0.019548 0.518 0.408 0.067
0.482368 -0.193145 0.019570 0.522 0.412 0.063
0.484148 -0.191234 0.019593 0.518 0.412 0.051
0.485928 -0.189322 0.019615 0.518 0.400 0.055
0.487709 -0.187411 0.019637 0.498 0.380 0.035
0.489489 -0.185499 0.019660 0.482 0.310 0.043
0.491269 -0.183588 0.019682 0.498 0.322 0.067
0.493049 -0.181676 0.019704 0.490 0.337 0.055
0.494829 -0.179765 0.019727 0.490 0.345 0.051
0.496609 -0.177853 0.019749 0.490 0.345 0.051
0.497841 -0.175239 0.019299 0.490 0.345 0.051
0.498529 -0.171914 0.018378 0.478 0.341 0.047
0.499223 -0.168583 0.017457 0.459 0.325 0.075
0.499925 -0.165243 0.016535 0.180 0.153 0.114
0.500634 -0.161896 0.015614 0.239 0.212 0.173
0.500811 -0.157829 0.014221 0.145 0.239 0.294
0.500997 -0.153750 0.012829 0.114 0.235 0.298
0.501195 -0.149660 0.011436 0.114 0.231 0.306
0.501403 -0.145558 0.010044 0.110 0.227 0.302
0.501621 -0.141445 0.008651 0.086 0.204 0.278
0.501319 -0.136598 0.006787 0.078 0.196 0.278
0.501031 -0.131736 0.004924 0.094 0.200 0.286
0.501285 -0.127585 0.003532 0.102 0.208 0.286
0.500498 -0.121966 0.001197 0.118 0.224 0.302
0.499728 -0.116328 -0.001138 0.169 0.263 0.318
0.423992 -0.190466 -0.007791 0.439 0.412 0.298
0.429997 -0.193055 -0.004444 0.482 0.341 0.180
0.437743 -0.197649 0.000326 0.494 0.345 0.133
0.444279 -0.200958 0.004147 0.482 0.337 0.106
0.449033 -0.202310 0.006544 0.502 0.357 0.125
0.453185 -0.203015 0.008465 0.502 0.361 0.102
0.456741 -0.203070 0.009912 0.486 0.341 0.094
0.460287 -0.203135 0.011358 0.482 0.306 0.165
0.463245 -0.202542 0.012330 0.482 0.263 0.200
0.466195 -0.201956 0.013302 0.463 0.231 0.161
0.468564 -0.200704 0.013799 0.451 0.220 0.149
0.470929 -0.199455 0.014296 0.545 0.357 0.176
0.473291 -0.198210 0.014793 0.522 0.388 0.082
0.475649 -0.196969 0.015290 0.518 0.400 0.055
0.478004 -0.195732 0.015787 0.522 0.404 0.059
0.480355 -0.194499 0.016283 0.518 0.412 0.051
0.482138 -0.192583 0.016306 0.518 0.412 0.051
0.483922 -0.190668 0.016328 0.529 0.400 0.075
0.485706 -0.188753 0.016351 0.486 0.286 0.071
0.487490 -0.186838 0.016373 0.478 0.278 0.063
0.489273 -0.184922 0.016395 0.490 0.298 0.067
0.491057 -0.183007 0.016418 0.506 0.357 0.090
0.492841 -0.181092 0.016440 0.494 0.373 0.098
0.494624 -0.179177 0.016463 0.439 0.341 0.078
0.496408 -0.177261 0.016485 0.420 0.322 0.059
0.497644 -0.174643 0.016033 0.431 0.329 0.047
0.498337 -0.171317 0.015107 0.459 0.341 0.047
0.499037 -0.167983 0.014181 0.447 0.322 0.082
0.499745 -0.164642 0.013256 0.173 0.153 0.145
0.500459 -0.161292 0.012330 0.200 0.180 0.173
0.500641 -0.157224 0.010930 0.106 0.208 0.271
0.500834 -0.153143 0.009530 0.098 0.216 0.290
0.501038 -0.149052 0.008131 0.086 0.204 0.286
0.501252 -0.144948 0.006732 0.078 0.196 0.278
0.501477 -0.140834 0.005332 0.078 0.196 0.278
0.501712 -0.136708 0.003933 0.075 0.180 0.267
0.501429 -0.131847 0.002060 0.090 0.196 0.282
0.501688 -0.127697 0.000662 0.106 0.204 0.286
0.500907 -0.122080 -0.001685 0.133 0.231 0.314
0.500143 -0.116445 -0.004031 0.235 0.322 0.369
0.425528 -0.191971 -0.009749 0.443 0.416 0.302
0.430935 -0.193901 -0.006863 0.486 0.337 0.180
0.439260 -0.199145 -0.001592 0.498 0.349 0.137
0.445202 -0.201789 0.001770 0.478 0.333 0.094
0.449950 -0.203137 0.004177 0.498 0.353 0.114
0.454099 -0.203839 0.006108 0.510 0.365 0.118
0.457653 -0.203891 0.007562 0.486 0.329 0.110
0.461196 -0.203954 0.009015 0.475 0.278 0.188
0.464152 -0.203359 0.009992 0.478 0.259 0.212
0.466525 -0.202100 0.010491 0.463 0.243 0.196
0.468895 -0.200845 0.010990 0.482 0.259 0.176
0.471261 -0.199594 0.011490 0.537 0.376 0.133
0.473623 -0.198346 0.011989 0.518 0.400 0.071
0.475982 -0.197103 0.012488 0.518 0.400 0.055
0.478338 -0.195863 0.012987 0.522 0.404 0.059
0.480690 -0.194627 0.013487 0.518 0.408 0.059
0.482475 -0.192709 0.013509 0.522 0.404 0.059
0.484261 -0.190792 0.013532 0.490 0.290 0.059
0.486046 -0.188875 0.013554 0.471 0.243 0.067
0.487832 -0.186958 0.013576 0.475 0.247 0.071
0.489617 -0.185041 0.013599 0.502 0.318 0.110
0.491403 -0.183124 0.013621 0.380 0.278 0.043
0.493188 -0.181207 0.013644 0.271 0.224 0.000
0.494423 -0.178591 0.013189 0.282 0.239 0.027
0.496210 -0.176672 0.013212 0.294 0.251 0.039
0.497451 -0.174051 0.012758 0.427 0.333 0.059
0.498149 -0.170723 0.011827 0.459 0.341 0.055
0.498855 -0.167387 0.010897 0.447 0.318 0.090
0.499567 -0.164043 0.009966 0.435 0.306 0.078
0.500287 -0.160692 0.009036 0.188 0.173 0.176
0.500475 -0.156621 0.007630 0.094 0.196 0.267
0.500674 -0.152540 0.006223 0.078 0.196 0.278
0.500884 -0.148447 0.004817 0.078 0.196 0.278
0.501105 -0.144342 0.003411 0.078 0.196 0.278
0.501335 -0.140226 0.002005 0.086 0.192 0.286
0.501577 -0.136099 0.000599 0.078 0.184 0.271
0.501829 -0.131961 -0.000807 0.098 0.196 0.278
0.502092 -0.127811 -0.002213 0.110 0.208 0.290
0.501317 -0.122196 -0.004571 0.141 0.231 0.306
0.501082 -0.117291 -0.006452 0.286 0.373 0.420
0.427062 -0.193475 -0.011702 0.443 0.412 0.310
0.433051 -0.196057 -0.008323 0.486 0.341 0.173
0.440188 -0.199981 -0.003986 0.486 0.333 0.141
0.446124 -0.202620 -0.000608 0.471 0.322 0.110
0.450868 -0.203964 0.001811 0.482 0.333 0.122
0.455013 -0.204663 0.003751 0.451 0.239 0.090
0.458564 -0.204713 0.005212 0.482 0.231 0.161
0.462105 -0.204773 0.006672 0.486 0.251 0.208
0.465059 -0.204177 0.007653 0.475 0.251 0.216
0.467431 -0.202917 0.008155 0.482 0.259 0.224
0.469800 -0.201661 0.008656 0.525 0.341 0.176
0.472165 -0.200409 0.009158 0.533 0.388 0.102
0.473958 -0.198484 0.009181 0.525 0.396 0.071
0.476318 -0.197238 0.009682 0.533 0.396 0.063
0.478674 -0.195995 0.010184 0.533 0.396 0.063
0.481027 -0.194756 0.010685 0.467 0.294 0.027
0.482814 -0.192837 0.010708 0.451 0.216 0.051
0.484601 -0.190918 0.010730 0.443 0.208 0.078
0.486389 -0.188999 0.010753 0.373 0.231 0.086
0.488176 -0.187080 0.010775 0.361 0.220 0.075
0.489963 -0.185161 0.010797 0.216 0.224 0.047
0.491750 -0.183242 0.010820 0.184 0.239 0.055
0.493538 -0.181323 0.010842 0.200 0.243 0.063
0.494775 -0.178707 0.010386 0.255 0.227 0.027
0.496016 -0.176086 0.009929 0.357 0.329 0.129
0.497261 -0.173462 0.009473 0.443 0.341 0.067
0.497965 -0.170132 0.008538 0.463 0.337 0.047
0.498675 -0.166793 0.007603 0.439 0.322 0.090
0.499393 -0.163448 0.006668 0.396 0.278 0.047
0.500118 -0.160094 0.005733 0.176 0.173 0.188
0.500313 -0.156022 0.004320 0.082 0.180 0.263
0.500518 -0.151939 0.002907 0.078 0.184 0.271
0.500734 -0.147845 0.001493 0.094 0.200 0.286
0.501493 -0.144455 0.000559 0.086 0.192 0.278
0.501728 -0.140340 -0.000854 0.098 0.204 0.290
0.501974 -0.136213 -0.002267 0.094 0.200 0.278
0.502231 -0.132075 -0.003679 0.110 0.212 0.282
0.503023 -0.128650 -0.004613 0.106 0.208 0.278
0.502253 -0.123039 -0.006983 0.145 0.235 0.310
0.502022 -0.118137 -0.008874 0.369 0.447 0.490
0.428594 -0.194977 -0.013651 0.443 0.412 0.310
0.434575 -0.197556 -0.010256 0.486 0.341 0.173
0.441117 -0.200818 -0.006380 0.486 0.325 0.133
0.447046 -0.203451 -0.002986 0.478 0.318 0.125
0.451786 -0.204791 -0.000555 0.463 0.302 0.110
0.455927 -0.205487 0.001394 0.447 0.208 0.106
0.459476 -0.205534 0.002862 0.478 0.200 0.157
0.463014 -0.205592 0.004329 0.475 0.216 0.192
0.465966 -0.204994 0.005315 0.478 0.247 0.212
0.468337 -0.203734 0.005819 0.482 0.251 0.216
0.470705 -0.202477 0.006323 0.533 0.325 0.204
0.473069 -0.201224 0.006826 0.553 0.361 0.137
0.474862 -0.199299 0.006849 0.537 0.349 0.098
0.476655 -0.197374 0.006871 0.478 0.263 0.027
0.479012 -0.196129 0.007375 0.451 0.235 0.000
0.481366 -0.194888 0.007879 0.463 0.216 0.047
0.483155 -0.192967 0.007902 0.451 0.200 0.067
0.484944 -0.191046 0.007924 0.396 0.200 0.075
0.486733 -0.189125 0.007947 0.247 0.224 0.075
0.488522 -0.187204 0.007969 0.235 0.212 0.063
0.490311 -0.185283 0.007991 0.161 0.227 0.067
0.492100 -0.183362 0.008014 0.165 0.243 0.067
0.493889 -0.181441 0.008036 0.184 0.247 0.059
0.495129 -0.178823 0.007578 0.310 0.255 0.027
0.496373 -0.176202 0.007119 0.396 0.341 0.114
0.497075 -0.172877 0.006179 0.451 0.341 0.063
0.497784 -0.169544 0.005240 0.463 0.337 0.047
0.498500 -0.166203 0.004300 0.431 0.302 0.137
0.499223 -0.162855 0.003361 0.318 0.188 0.024
0.499953 -0.159500 0.002421 0.184 0.180 0.224
0.500691 -0.156136 0.001482 0.106 0.192 0.278
0.500901 -0.152054 0.000062 0.090 0.196 0.282
0.501121 -0.147960 -0.001358 0.102 0.208 0.294
0.501883 -0.144570 -0.002297 0.098 0.204 0.290
0.502123 -0.140455 -0.003717 0.098 0.204 0.290
0.502373 -0.136329 -0.005137 0.098 0.204 0.282
0.502634 -0.132192 -0.006556 0.098 0.200 0.271
0.503430 -0.128766 -0.007495 0.098 0.200 0.271
0.503188 -0.123882 -0.009395 0.149 0.231 0.298
0.431302 -0.197782 -0.014627 0.424 0.439 0.357
0.436684 -0.199707 -0.011700 0.471 0.349 0.188
0.442630 -0.202310 -0.008290 0.486 0.325 0.141
0.447968 -0.204283 -0.005363 0.467 0.282 0.118
0.452704 -0.205618 -0.002921 0.447 0.263 0.098
0.456841 -0.206311 -0.000963 0.447 0.208 0.106
0.460387 -0.206355 0.000512 0.459 0.180 0.137
0.463923 -0.206411 0.001986 0.459 0.173 0.157
0.466873 -0.205812 0.002976 0.467 0.216 0.196
0.469243 -0.204550 0.003482 0.475 0.224 0.204
0.471610 -0.203293 0.003989 0.424 0.176 0.122
0.473974 -0.202039 0.004495 0.408 0.157 0.086
0.475766 -0.200114 0.004517 0.424 0.153 0.071
0.477559 -0.198189 0.004540 0.431 0.157 0.067
0.479351 -0.196265 0.004562 0.431 0.157 0.067
0.481706 -0.195020 0.005069 0.431 0.161 0.078
0.483497 -0.193098 0.005091 0.384 0.173 0.078
0.485288 -0.191175 0.005114 0.227 0.208 0.078
0.487078 -0.189252 0.005136 0.145 0.227 0.071
0.488869 -0.187329 0.005158 0.145 0.227 0.071
0.490660 -0.185406 0.005181 0.141 0.235 0.067
0.492451 -0.183483 0.005203 0.153 0.247 0.078
0.494242 -0.181560 0.005226 0.204 0.231 0.047
0.495484 -0.178942 0.004765 0.427 0.302 0.055
0.496731 -0.176320 0.004304 0.443 0.318 0.071
0.497436 -0.172994 0.003360 0.451 0.302 0.043
0.498149 -0.169661 0.002415 0.451 0.278 0.047
0.498869 -0.166320 0.001471 0.420 0.278 0.133
0.499596 -0.162972 0.000527 0.302 0.161 0.016
0.500329 -0.159616 -0.000417 0.169 0.173 0.224
0.500535 -0.155543 -0.001844 0.106 0.192 0.278
0.501285 -0.152170 -0.002788 0.102 0.200 0.290
0.501509 -0.148077 -0.004215 0.102 0.208 0.294
0.502275 -0.144687 -0.005158 0.098 0.204 0.290
0.502519 -0.140572 -0.006585 0.098 0.204 0.290
0.502774 -0.136447 -0.008011 0.090 0.196 0.275
0.503565 -0.133030 -0.008955 0.094 0.196 0.267
0.504362 -0.129606 -0.009898 0.094 0.196 0.267
0.504124 -0.124725 -0.011807 0.153 0.235 0.302
0.432828 -0.199280 -0.016562 0.459 0.498 0.435
0.438204 -0.201202 -0.013622 0.431 0.361 0.227
0.444142 -0.203801 -0.010195 0.482 0.329 0.145
0.448890 -0.205114 -0.007741 0.467 0.275 0.114
0.453621 -0.206445 -0.005287 0.431 0.239 0.078
0.457756 -0.207135 -0.003319 0.451 0.212 0.110
0.461299 -0.207177 -0.001838 0.455 0.176 0.133
0.464831 -0.207230 -0.000357 0.455 0.169 0.153
0.467780 -0.206629 0.000638 0.463 0.212 0.192
0.470150 -0.205367 0.001146 0.478 0.227 0.208
0.472516 -0.204108 0.001655 0.451 0.216 0.173
0.474878 -0.202854 0.002163 0.451 0.220 0.184
0.476671 -0.200929 0.002186 0.431 0.184 0.145
0.478463 -0.199004 0.002208 0.416 0.137 0.102
0.480256 -0.197080 0.002231 0.424 0.145 0.110
0.482048 -0.195155 0.002253 0.427 0.161 0.122
0.484400 -0.193912 0.002762 0.286 0.161 0.082
0.486191 -0.191989 0.002784 0.149 0.224 0.075
0.487982 -0.190066 0.002807 0.133 0.235 0.071
0.489219 -0.187456 0.002343 0.137 0.239 0.075
0.491011 -0.185531 0.002366 0.149 0.251 0.078
0.492804 -0.183606 0.002388 0.157 0.243 0.067
0.494596 -0.181682 0.002411 0.322 0.243 0.051
0.495842 -0.179062 0.001948 0.459 0.286 0.047
0.497091 -0.176439 0.001484 0.463 0.290 0.051
0.497800 -0.173113 0.000535 0.443 0.263 0.027
0.498516 -0.169779 -0.000413 0.455 0.251 0.047
0.499239 -0.166438 -0.001362 0.412 0.259 0.137
0.499970 -0.163089 -0.002311 0.282 0.129 0.008
0.500707 -0.159733 -0.003259 0.153 0.169 0.224
0.500917 -0.155661 -0.004693 0.098 0.184 0.271
0.501670 -0.152288 -0.005642 0.090 0.188 0.278
0.501900 -0.148195 -0.007075 0.090 0.196 0.282
0.502139 -0.144091 -0.008509 0.086 0.192 0.278
0.502917 -0.140691 -0.009457 0.063 0.169 0.255
0.503177 -0.136566 -0.010890 0.075 0.161 0.255
0.503971 -0.133149 -0.011838 0.090 0.180 0.255
0.504772 -0.129724 -0.012786 0.110 0.200 0.275
0.505059 -0.125568 -0.014219 0.157 0.235 0.286
0.434940 -0.201426 -0.018004 0.451 0.506 0.471
0.440307 -0.203347 -0.015050 0.467 0.502 0.431
0.445652 -0.205290 -0.012095 0.471 0.404 0.290
0.450394 -0.206601 -0.009630 0.467 0.278 0.149
0.455119 -0.207930 -0.007164 0.439 0.251 0.122
0.459248 -0.208618 -0.005188 0.463 0.239 0.114
0.462210 -0.207998 -0.004188 0.447 0.184 0.125
0.465740 -0.208049 -0.002700 0.443 0.161 0.153
0.469260 -0.208112 -0.001213 0.471 0.216 0.216
0.471627 -0.206851 -0.000702 0.482 0.227 0.227
0.473990 -0.205594 -0.000191 0.463 0.231 0.204
0.475783 -0.203669 -0.000168 0.455 0.224 0.196
0.477575 -0.201744 -0.000146 0.447 0.216 0.180
0.479368 -0.199819 -0.000123 0.408 0.149 0.125
0.481160 -0.197895 -0.000101 0.412 0.153 0.129
0.482953 -0.195970 -0.000078 0.420 0.161 0.137
0.485304 -0.194726 0.000432 0.251 0.176 0.078
0.487095 -0.192803 0.000455 0.129 0.220 0.078
0.488885 -0.190880 0.000477 0.129 0.243 0.075
0.490123 -0.188271 0.000012 0.137 0.251 0.082
0.491915 -0.186346 0.000034 0.137 0.251 0.075
0.493708 -0.184421 0.000057 0.161 0.231 0.059
0.494953 -0.181804 -0.000409 0.369 0.247 0.051
0.496201 -0.179184 -0.000874 0.455 0.275 0.047
0.497453 -0.176559 -0.001340 0.451 0.271 0.043
0.498165 -0.173233 -0.002293 0.443 0.251 0.027
0.498885 -0.169899 -0.003247 0.451 0.247 0.043
0.499612 -0.166558 -0.004200 0.431 0.286 0.161
0.500346 -0.163209 -0.005153 0.271 0.125 0.000
0.501087 -0.159852 -0.006106 0.149 0.173 0.224
0.501301 -0.155781 -0.007547 0.098 0.184 0.271
0.501526 -0.151698 -0.008988 0.078 0.176 0.267
0.501761 -0.147604 -0.010429 0.082 0.180 0.278
0.502536 -0.144211 -0.011381 0.075 0.173 0.271
0.503317 -0.140811 -0.012334 0.055 0.153 0.243
0.503581 -0.136686 -0.013774 0.078 0.165 0.251
0.504379 -0.133269 -0.014727 0.098 0.188 0.263
0.505183 -0.129844 -0.015679 0.110 0.200 0.275
0.505475 -0.125689 -0.017119 0.192 0.243 0.286
0.437048 -0.203569 -0.019437 0.435 0.494 0.475
0.441822 -0.204837 -0.016959 0.439 0.502 0.467
0.447160 -0.206778 -0.013991 0.455 0.494 0.439
0.451896 -0.208086 -0.011514 0.522 0.486 0.404
0.456614 -0.209413 -0.009038 0.408 0.373 0.290
0.460738 -0.210100 -0.007052 0.459 0.286 0.169
0.463697 -0.209481 -0.006048 0.451 0.196 0.145
0.467223 -0.209531 -0.004553 0.451 0.180 0.169
0.470737 -0.209593 -0.003058 0.451 0.208 0.204
0.473102 -0.208333 -0.002545 0.498 0.255 0.251
0.475463 -0.207077 -0.002032 0.482 0.298 0.255
0.477253 -0.205154 -0.002009 0.471 0.294 0.251
0.479044 -0.203231 -0.001987 0.478 0.294 0.251
0.480835 -0.201309 -0.001964 0.455 0.224 0.188
0.482626 -0.199386 -0.001942 0.439 0.208 0.173
0.484416 -0.197463 -0.001919 0.404 0.173 0.137
0.486207 -0.195540 -0.001897 0.216 0.184 0.082
0.487998 -0.193617 -0.001874 0.125 0.224 0.078
0.489789 -0.191694 -0.001852 0.129 0.243 0.075
0.491027 -0.189086 -0.002320 0.129 0.243 0.075
0.492820 -0.187161 -0.002297 0.129 0.231 0.067
0.494064 -0.184547 -0.002765 0.231 0.188 0.047
0.495311 -0.181929 -0.003233 0.412 0.231 0.047
0.496562 -0.179307 -0.003701 0.463 0.263 0.047
0.497816 -0.176681 -0.004169 0.455 0.255 0.039
0.498532 -0.173355 -0.005127 0.451 0.243 0.031
0.499256 -0.170021 -0.006085 0.459 0.259 0.043
0.499986 -0.166679 -0.007043 0.431 0.302 0.188
0.500723 -0.163330 -0.008000 0.239 0.110 0.000
0.500933 -0.159268 -0.009448 0.141 0.173 0.231
0.501154 -0.155196 -0.010896 0.090 0.176 0.263
0.501385 -0.151111 -0.012344 0.071 0.169 0.259
0.501627 -0.147016 -0.013791 0.075 0.173 0.271
0.502406 -0.143621 -0.014748 0.075 0.173 0.271
0.503193 -0.140218 -0.015706 0.067 0.165 0.255
0.503463 -0.136092 -0.017153 0.090 0.169 0.255
0.504789 -0.133391 -0.017620 0.161 0.176 0.224
0.505597 -0.129966 -0.018577 0.212 0.227 0.275
0.506412 -0.126533 -0.019533 0.404 0.408 0.384
0.443335 -0.206326 -0.018865 0.443 0.502 0.482
0.448666 -0.208264 -0.015883 0.443 0.498 0.463
0.452816 -0.208916 -0.013887 0.451 0.482 0.424
0.457530 -0.210239 -0.011399 0.475 0.506 0.447
0.461650 -0.210923 -0.009404 0.388 0.298 0.216
0.465182 -0.210961 -0.007902 0.439 0.208 0.173
0.468703 -0.211011 -0.006401 0.451 0.188 0.184
0.472214 -0.211073 -0.004899 0.447 0.212 0.212
0.474575 -0.209814 -0.004384 0.514 0.278 0.278
0.476933 -0.208559 -0.003868 0.486 0.298 0.267
0.478722 -0.206638 -0.003846 0.478 0.314 0.267
0.480511 -0.204717 -0.003823 0.522 0.345 0.302
0.482300 -0.202796 -0.003801 0.431 0.180 0.161
0.484089 -0.200875 -0.003778 0.439 0.188 0.169
0.485878 -0.198954 -0.003756 0.404 0.173 0.137
0.487111 -0.196354 -0.004226 0.208 0.184 0.082
0.488901 -0.194431 -0.004204 0.125 0.224 0.078
0.490692 -0.192509 -0.004181 0.125 0.239 0.078
0.491932 -0.189901 -0.004652 0.125 0.239 0.078
0.493724 -0.187976 -0.004629 0.137 0.212 0.055
0.494969 -0.185363 -0.005099 0.271 0.173 0.039
0.496217 -0.182745 -0.005569 0.427 0.227 0.043
0.497469 -0.180124 -0.006040 0.459 0.251 0.039
0.498181 -0.176805 -0.007002 0.455 0.247 0.035
0.498901 -0.173479 -0.007965 0.455 0.247 0.035
0.499628 -0.170144 -0.008927 0.463 0.263 0.047
0.500362 -0.166802 -0.009890 0.427 0.298 0.192
0.500568 -0.162751 -0.011345 0.263 0.133 0.027
0.500784 -0.158688 -0.012799 0.137 0.176 0.231
0.501010 -0.154614 -0.014254 0.090 0.176 0.263
0.501248 -0.150528 -0.015709 0.075 0.161 0.255
0.502024 -0.147140 -0.016670 0.071 0.169 0.259
0.502281 -0.143034 -0.018125 0.075 0.173 0.263
0.503073 -0.139629 -0.019086 0.071 0.169 0.259
0.503872 -0.136217 -0.020048 0.129 0.169 0.231
0.505200 -0.133514 -0.020517 0.267 0.235 0.224
0.506012 -0.130089 -0.021479 0.306 0.275 0.263
0.506831 -0.126656 -0.022440 0.412 0.431 0.376
0.445429 -0.208464 -0.020270 0.400 0.459 0.439
0.450171 -0.209749 -0.017769 0.455 0.514 0.494
0.454315 -0.210399 -0.015765 0.439 0.502 0.467
0.459023 -0.211720 -0.013265 0.435 0.498 0.463
0.463138 -0.212402 -0.011261 0.459 0.494 0.459
0.466665 -0.212441 -0.009752 0.337 0.282 0.251
0.470182 -0.212490 -0.008244 0.392 0.192 0.192
0.473688 -0.212551 -0.006735 0.447 0.220 0.220
0.476047 -0.211293 -0.006218 0.463 0.235 0.235
0.478402 -0.210039 -0.005700 0.463 0.247 0.235
0.480754 -0.208789 -0.005182 0.467 0.251 0.231
0.482540 -0.206872 -0.005160 0.471 0.255 0.235
0.484325 -0.204955 -0.005137 0.431 0.192 0.169
0.485551 -0.202363 -0.005610 0.427 0.188 0.165
0.487339 -0.200444 -0.005588 0.400 0.169 0.141
0.488570 -0.197847 -0.006060 0.224 0.192 0.098
0.490359 -0.195926 -0.006038 0.118 0.212 0.086
0.491596 -0.193323 -0.006511 0.129 0.220 0.078
0.492836 -0.190716 -0.006983 0.122 0.212 0.071
0.494080 -0.188105 -0.007456 0.196 0.169 0.055
0.495327 -0.185491 -0.007928 0.337 0.188 0.047
0.496578 -0.182872 -0.008401 0.439 0.259 0.039
0.497832 -0.180250 -0.008873 0.447 0.255 0.031
0.498549 -0.176931 -0.009840 0.439 0.247 0.024
0.498732 -0.172908 -0.011302 0.451 0.231 0.024
0.499464 -0.169572 -0.012269 0.451 0.239 0.047
0.500203 -0.166227 -0.013236 0.357 0.224 0.145
0.500415 -0.162175 -0.014698 0.263 0.129 0.051
0.500637 -0.158110 -0.016160 0.129 0.161 0.227
0.500870 -0.154035 -0.017621 0.090 0.165 0.243
0.501114 -0.149948 -0.019083 0.086 0.161 0.239
0.501896 -0.146558 -0.020049 0.122 0.145 0.196
0.502158 -0.142450 -0.021510 0.161 0.184 0.235
0.502956 -0.139043 -0.022476 0.298 0.255 0.227
0.503761 -0.135629 -0.023443 0.325 0.286 0.231
0.505613 -0.133640 -0.023419 0.408 0.416 0.345
0.506429 -0.130214 -0.024385 0.404 0.412 0.341
0.507251 -0.126780 -0.025351 0.396 0.431 0.361
0.451673 -0.211232 -0.019652 0.455 0.506 0.494
0.455813 -0.211880 -0.017638 0.447 0.510 0.475
0.460514 -0.213199 -0.015127 0.443 0.506 0.471
0.464050 -0.213224 -0.013611 0.443 0.498 0.463
0.468147 -0.213918 -0.011598 0.486 0.506 0.467
0.471659 -0.213967 -0.010082 0.506 0.435 0.400
0.475160 -0.214028 -0.008567 0.384 0.200 0.196
0.477517 -0.212771 -0.008047 0.424 0.239 0.235
0.480435 -0.212184 -0.007030 0.451 0.243 0.235
0.482219 -0.210269 -0.007007 0.455 0.239 0.227
0.484002 -0.208354 -0.006985 0.463 0.247 0.227
0.485786 -0.206439 -0.006962 0.439 0.204 0.188
0.487011 -0.203850 -0.007437 0.435 0.200 0.184
0.488240 -0.201257 -0.007912 0.404 0.173 0.145
0.489472 -0.198660 -0.008387 0.235 0.180 0.106
0.491261 -0.196739 -0.008365 0.110 0.196 0.075
0.492499 -0.194137 -0.008840 0.133 0.196 0.071
0.493740 -0.191531 -0.009315 0.125 0.188 0.063
0.494985 -0.188921 -0.009790 0.247 0.173 0.075
0.495687 -0.185620 -0.010762 0.408 0.239 0.051
0.496941 -0.183001 -0.011236 0.459 0.302 0.047
0.497655 -0.179687 -0.012208 0.478 0.322 0.067
0.498377 -0.176365 -0.013180 0.427 0.259 0.008
0.499105 -0.173036 -0.014152 0.435 0.224 0.024
0.499841 -0.169699 -0.015123 0.439 0.212 0.051
0.500048 -0.165656 -0.016592 0.353 0.165 0.090
0.500266 -0.161602 -0.018061 0.318 0.129 0.055
0.500495 -0.157536 -0.019529 0.271 0.169 0.161
0.500734 -0.153459 -0.020998 0.267 0.192 0.184
0.500984 -0.149371 -0.022466 0.294 0.220 0.169
0.501771 -0.145979 -0.023437 0.329 0.255 0.204
0.502040 -0.141869 -0.024905 0.416 0.369 0.290
0.502843 -0.138460 -0.025876 0.416 0.408 0.325
0.504174 -0.135758 -0.026349 0.400 0.412 0.341
0.506028 -0.133766 -0.026326 0.388 0.420 0.361
0.506847 -0.130340 -0.027297 0.392 0.424 0.365
0.457309 -0.213360 -0.019506 0.384 0.427 0.427
0.462004 -0.214677 -0.016984 0.475 0.518 0.518
0.466108 -0.215357 -0.014961 0.439 0.502 0.467
0.469626 -0.215394 -0.013439 0.443 0.498 0.455
0.473134 -0.215443 -0.011916 0.451 0.502 0.443
0.476631 -0.215503 -0.010394 0.463 0.494 0.435
0.479551 -0.214911 -0.009372 0.467 0.498 0.439
0.481900 -0.213661 -0.008850 0.490 0.482 0.435
0.484244 -0.212415 -0.008328 0.388 0.310 0.278
0.486025 -0.210503 -0.008305 0.392 0.247 0.227
0.487245 -0.207921 -0.008783 0.400 0.212 0.196
0.488470 -0.205334 -0.009260 0.392 0.204 0.188
0.489698 -0.202744 -0.009737 0.392 0.184 0.169
0.490929 -0.200150 -0.010215 0.314 0.180 0.149
0.492164 -0.197553 -0.010692 0.188 0.188 0.110
0.493403 -0.194951 -0.011169 0.208 0.141 0.078
0.494645 -0.192346 -0.011646 0.208 0.141 0.078
0.495343 -0.189052 -0.012623 0.380 0.227 0.149
0.496049 -0.185751 -0.013600 0.427 0.267 0.067
0.497305 -0.183131 -0.014077 0.478 0.329 0.071
0.498023 -0.179816 -0.015053 0.478 0.329 0.071
0.498748 -0.176494 -0.016030 0.451 0.302 0.043
0.498942 -0.172471 -0.017505 0.416 0.231 0.031
0.499683 -0.169132 -0.018482 0.427 0.216 0.067
0.499897 -0.165088 -0.019957 0.384 0.188 0.106
0.500121 -0.161032 -0.021433 0.384 0.188 0.106
0.500356 -0.156965 -0.022908 0.322 0.200 0.149
0.500601 -0.152887 -0.024383 0.290 0.216 0.165
0.500857 -0.148797 -0.025858 0.388 0.353 0.278
0.501649 -0.145403 -0.026834 0.439 0.404 0.329
0.502449 -0.142001 -0.027809 0.424 0.416 0.333
0.503255 -0.138592 -0.028785 0.404 0.416 0.345
0.505110 -0.136601 -0.028761 0.388 0.420 0.361
0.506445 -0.133895 -0.029237 0.392 0.424 0.380
0.507785 -0.131185 -0.029713 0.337 0.369 0.325
0.462917 -0.215500 -0.019338 0.275 0.318 0.310
0.467018 -0.216177 -0.017306 0.294 0.337 0.329
0.471104 -0.216868 -0.015275 0.455 0.510 0.475
0.474607 -0.216917 -0.013746 0.427 0.490 0.447
0.478100 -0.216976 -0.012217 0.427 0.490 0.447
0.481017 -0.216384 -0.011190 0.427 0.490 0.447
0.483362 -0.215135 -0.010665 0.427 0.494 0.439
0.485704 -0.213890 -0.010141 0.435 0.486 0.435
0.487483 -0.211981 -0.010119 0.447 0.486 0.431
0.488703 -0.209401 -0.010598 0.455 0.475 0.420
0.489926 -0.206817 -0.011078 0.467 0.486 0.431
0.491153 -0.204230 -0.011558 0.482 0.486 0.435
0.492384 -0.201639 -0.012037 0.506 0.510 0.459
0.493618 -0.199044 -0.012517 0.459 0.467 0.396
0.494306 -0.195765 -0.013498 0.424 0.420 0.353
0.495549 -0.193161 -0.013978 0.396 0.392 0.325
0.496249 -0.189869 -0.014959 0.478 0.424 0.357
0.496413 -0.185884 -0.016442 0.459 0.404 0.267
0.497129 -0.182575 -0.017424 0.451 0.400 0.235
0.497852 -0.179258 -0.018405 0.459 0.408 0.243
0.498583 -0.175934 -0.019386 0.463 0.412 0.247
0.499320 -0.172603 -0.020366 0.490 0.455 0.310
0.499529 -0.168568 -0.021849 0.486 0.459 0.345
0.499749 -0.164523 -0.023331 0.471 0.451 0.373
0.499979 -0.160466 -0.024814 0.471 0.451 0.373
0.500220 -0.156397 -0.026296 0.439 0.439 0.361
0.500472 -0.152317 -0.027778 0.420 0.431 0.361
0.501261 -0.148931 -0.028758 0.404 0.439 0.369
0.502056 -0.145536 -0.029738 0.396 0.431 0.361
0.502859 -0.142134 -0.030718 0.388 0.427 0.365
0.504191 -0.139435 -0.031197 0.388 0.427 0.365
0.505526 -0.136732 -0.031675 0.357 0.392 0.357
0.472580 -0.218341 -0.017107 0.267 0.310 0.310
0.476079 -0.218389 -0.015571 0.400 0.459 0.439
0.479567 -0.218448 -0.014035 0.427 0.490 0.447
0.482480 -0.217856 -0.013003 0.427 0.490 0.447
0.484823 -0.216609 -0.012476 0.424 0.486 0.443
0.487163 -0.215365 -0.011950 0.424 0.490 0.435
0.488939 -0.213457 -0.011927 0.439 0.490 0.439
0.490159 -0.210880 -0.012410 0.443 0.482 0.427
0.491381 -0.208299 -0.012892 0.443 0.482 0.427
0.492607 -0.205714 -0.013374 0.439 0.478 0.424
0.493837 -0.203126 -0.013855 0.439 0.478 0.424
0.494520 -0.199856 -0.014842 0.435 0.471 0.400
0.495210 -0.196579 -0.015828 0.439 0.475 0.404
0.496453 -0.193976 -0.016310 0.443 0.478 0.408
0.497155 -0.190685 -0.017295 0.443 0.467 0.400
0.497321 -0.186703 -0.018786 0.451 0.467 0.376
0.497498 -0.182709 -0.020275 0.455 0.471 0.361
0.498225 -0.179392 -0.021261 0.451 0.467 0.357
0.498959 -0.176068 -0.022247 0.443 0.459 0.341
0.499700 -0.172736 -0.023232 0.443 0.459 0.349
0.499913 -0.168702 -0.024721 0.435 0.451 0.353
0.500137 -0.164657 -0.026211 0.424 0.451 0.365
0.500372 -0.160600 -0.027700 0.424 0.451 0.365
0.500618 -0.156532 -0.029189 0.416 0.439 0.373
0.501401 -0.153155 -0.030174 0.404 0.435 0.376
0.501666 -0.149066 -0.031663 0.392 0.431 0.369
0.502465 -0.145671 -0.032648 0.392 0.431 0.369
0.504316 -0.143684 -0.032624 0.384 0.435 0.369
0.505126 -0.140278 -0.033609 0.275 0.310 0.275
0.506462 -0.137576 -0.034089 0.231 0.267 0.239
0.483942 -0.219327 -0.014812 0.212 0.255 0.247
0.486282 -0.218080 -0.014283 0.353 0.404 0.384
0.488619 -0.216837 -0.013754 0.400 0.463 0.427
0.490394 -0.214932 -0.013732 0.400 0.463 0.420
0.491612 -0.212357 -0.014216 0.412 0.478 0.424
0.492834 -0.209779 -0.014700 0.416 0.482 0.427
0.494059 -0.207197 -0.015185 0.412 0.478 0.424
0.494737 -0.203937 -0.016176 0.412 0.478 0.424
0.495421 -0.200669 -0.017166 0.412 0.478 0.424
0.496661 -0.198072 -0.017651 0.416 0.475 0.420
0.497358 -0.194791 -0.018641 0.416 0.475 0.420
0.497517 -0.190820 -0.020138 0.416 0.475 0.420
0.498230 -0.187522 -0.021129 0.408 0.467 0.404
0.498409 -0.183530 -0.022625 0.408 0.467 0.396
0.498599 -0.179528 -0.024122 0.408 0.467 0.396
0.499336 -0.176203 -0.025112 0.404 0.455 0.388
0.500081 -0.172871 -0.026102 0.404 0.455 0.388
0.500299 -0.168837 -0.027599 0.400 0.451 0.384
0.500528 -0.164793 -0.029095 0.392 0.443 0.384
0.500767 -0.160737 -0.030591 0.384 0.435 0.376
0.501545 -0.157368 -0.031580 0.380 0.431 0.373
0.502330 -0.153992 -0.032570 0.376 0.427 0.376
0.503123 -0.150609 -0.033559 0.286 0.333 0.294
0.503922 -0.147218 -0.034549 0.216 0.263 0.224
0.489515 -0.217644 -0.016063 0.251 0.294 0.278
0.491290 -0.215738 -0.016040 0.310 0.365 0.329
0.493064 -0.213833 -0.016018 0.388 0.443 0.400
0.494285 -0.211257 -0.016505 0.392 0.447 0.404
0.495510 -0.208678 -0.016991 0.392 0.455 0.412
0.496187 -0.205421 -0.017987 0.396 0.459 0.416
0.496872 -0.202157 -0.018982 0.392 0.459 0.404
0.497563 -0.198885 -0.019978 0.396 0.463 0.408
0.498262 -0.195606 -0.020973 0.392 0.459 0.404
0.498424 -0.191637 -0.022477 0.388 0.455 0.400
0.499139 -0.188341 -0.023472 0.388 0.455 0.400
0.499321 -0.184352 -0.024975 0.384 0.451 0.396
0.499513 -0.180351 -0.026479 0.388 0.455 0.400
0.500252 -0.177028 -0.027474 0.380 0.447 0.384
0.500999 -0.173698 -0.028468 0.384 0.451 0.396
0.501220 -0.169667 -0.029972 0.380 0.447 0.392
0.501451 -0.165625 -0.031475 0.380 0.439 0.384
0.501693 -0.161571 -0.032978 0.349 0.408 0.353
0.503000 -0.158902 -0.033463 0.278 0.333 0.298
0.503785 -0.155530 -0.034457 0.208 0.255 0.216
0.499166 -0.196421 -0.023304 0.220 0.235 0.208
0.963551 -1.082646 -0.046079 0.635 0.639 0.624
0.956414 -1.080645 -0.044842 0.643 0.647 0.631
0.948791 -1.077755 -0.043380 0.647 0.651 0.635
0.941702 -1.075729 -0.042144 0.620 0.624 0.600
0.478754 -0.143383 0.185005 0.635 0.635 0.620
0.477687 -0.146224 0.184601 0.647 0.647 0.631
0.475489 -0.147369 0.184654 0.643 0.647 0.631
0.474967 -0.151067 0.184022 0.651 0.655 0.639
0.471649 -0.150511 0.184532 0.651 0.655 0.639
0.470002 -0.152511 0.184357 0.655 0.659 0.643
0.468903 -0.155368 0.183954 0.659 0.663 0.647
0.467795 -0.158229 0.183550 0.659 0.663 0.647
0.466131 -0.160239 0.183375 0.655 0.671 0.651
0.464461 -0.162250 0.183201 0.655 0.671 0.651
0.462245 -0.163405 0.183255 0.663 0.678 0.659
0.460028 -0.164560 0.183308 0.655 0.671 0.651
0.458888 -0.167438 0.182906 0.655 0.671 0.651
0.455594 -0.166869 0.183416 0.655 0.671 0.651
0.453378 -0.168024 0.183470 0.655 0.671 0.651
0.450630 -0.168313 0.183751 0.651 0.667 0.647
0.448944 -0.170333 0.183577 0.651 0.667 0.647
0.446201 -0.170620 0.183859 0.651 0.667 0.647
0.444511 -0.172642 0.183685 0.651 0.667 0.647
0.439683 -0.169446 0.184877 0.651 0.667 0.647
0.436958 -0.169723 0.185158 0.651 0.667 0.647
0.432685 -0.167380 0.186122 0.651 0.667 0.647
0.473728 -0.140122 0.183802 0.655 0.655 0.639
0.472665 -0.142958 0.183393 0.651 0.655 0.639
0.472150 -0.146648 0.182753 0.655 0.659 0.643
0.471066 -0.149494 0.182344 0.651 0.655 0.639
0.469419 -0.151493 0.182167 0.659 0.663 0.647
0.468319 -0.154348 0.181759 0.671 0.675 0.659
0.466661 -0.156353 0.181582 0.671 0.671 0.671
0.464997 -0.158360 0.181405 0.671 0.671 0.671
0.463330 -0.160369 0.181228 0.671 0.671 0.671
0.461658 -0.162381 0.181051 0.663 0.675 0.671
0.459441 -0.163536 0.181105 0.667 0.678 0.675
0.457224 -0.164690 0.181158 0.663 0.675 0.671
0.453937 -0.164121 0.181673 0.667 0.678 0.675
0.451192 -0.164410 0.181957 0.667 0.678 0.675
0.448451 -0.164697 0.182241 0.655 0.667 0.663
0.446244 -0.165846 0.182294 0.655 0.667 0.663
0.442984 -0.165263 0.182808 0.655 0.667 0.663
0.440257 -0.165542 0.183091 0.655 0.667 0.663
0.437013 -0.164950 0.183605 0.655 0.667 0.663
0.434298 -0.165224 0.183888 0.667 0.678 0.675
0.431587 -0.165495 0.184171 0.667 0.678 0.675
0.428881 -0.165764 0.184454 0.667 0.678 0.675
0.426179 -0.166030 0.184737 0.655 0.667 0.663
0.423482 -0.166294 0.185020 0.655 0.671 0.651
0.420790 -0.166556 0.185302 0.655 0.671 0.651
0.418102 -0.166815 0.185585 0.655 0.671 0.651
0.415419 -0.167072 0.185867 0.651 0.667 0.647
0.412239 -0.166446 0.186379 0.647 0.663 0.643
0.883508 -1.044689 -0.039174 0.647 0.663 0.643
0.878103 -1.045223 -0.038608 0.635 0.635 0.620
0.480746 -0.132877 0.181885 0.635 0.639 0.624
0.476858 -0.131484 0.182638 0.647 0.651 0.635
0.474685 -0.132616 0.182691 0.655 0.659 0.643
0.474205 -0.136284 0.182044 0.651 0.655 0.639
0.473712 -0.139959 0.181396 0.655 0.659 0.643
0.472085 -0.141946 0.181216 0.655 0.659 0.643
0.471011 -0.144784 0.180803 0.655 0.655 0.655
0.470484 -0.148478 0.180157 0.659 0.659 0.659
0.468836 -0.150475 0.179977 0.671 0.671 0.671
0.467184 -0.152475 0.179797 0.667 0.678 0.675
0.465527 -0.154478 0.179618 0.671 0.682 0.678
0.463866 -0.156483 0.179438 0.671 0.682 0.678
0.462200 -0.158490 0.179259 0.667 0.678 0.675
0.460529 -0.160499 0.179080 0.675 0.686 0.682
0.458315 -0.161653 0.179134 0.678 0.690 0.686
0.455563 -0.161947 0.179420 0.678 0.690 0.686
0.452816 -0.162238 0.179706 0.682 0.694 0.690
0.450074 -0.162527 0.179992 0.690 0.702 0.698
0.447337 -0.162813 0.180278 0.694 0.706 0.702
0.445131 -0.163962 0.180332 0.698 0.710 0.706
0.441875 -0.163379 0.180850 0.682 0.694 0.690
0.439151 -0.163659 0.181136 0.682 0.694 0.690
0.435911 -0.163068 0.181654 0.682 0.694 0.690
0.433198 -0.163341 0.181939 0.690 0.702 0.698
0.430490 -0.163612 0.182225 0.682 0.694 0.690
0.427787 -0.163881 0.182510 0.690 0.702 0.698
0.425088 -0.164147 0.182795 0.675 0.686 0.682
0.422394 -0.164411 0.183080 0.663 0.675 0.678
0.419705 -0.164672 0.183365 0.663 0.675 0.671
0.417020 -0.164931 0.183650 0.663 0.675 0.671
0.414339 -0.165188 0.183934 0.663 0.675 0.671
0.411664 -0.165442 0.184219 0.667 0.678 0.675
0.408992 -0.165694 0.184503 0.667 0.678 0.675
0.406822 -0.166825 0.184556 0.663 0.675 0.671
0.404157 -0.167073 0.184840 0.647 0.663 0.643
0.868559 -1.048678 -0.043025 0.663 0.678 0.659
0.489019 -0.131812 0.178615 0.620 0.620 0.620
0.485679 -0.131276 0.179140 0.620 0.620 0.620
0.482922 -0.131574 0.179429 0.624 0.624 0.624
0.480168 -0.131870 0.179718 0.627 0.631 0.616
0.477988 -0.133006 0.179771 0.651 0.655 0.639
0.475808 -0.134141 0.179823 0.655 0.659 0.643
0.473628 -0.135277 0.179876 0.651 0.655 0.639
0.472572 -0.138103 0.179458 0.651 0.655 0.639
0.470946 -0.140088 0.179275 0.651 0.655 0.639
0.469873 -0.142923 0.178857 0.651 0.655 0.639
0.469346 -0.146612 0.178204 0.655 0.659 0.643
0.467700 -0.148607 0.178022 0.663 0.663 0.663
0.466050 -0.150605 0.177840 0.675 0.675 0.675
0.464395 -0.152605 0.177658 0.678 0.678 0.678
0.462735 -0.154608 0.177477 0.678 0.678 0.678
0.461071 -0.156613 0.177295 0.678 0.678 0.678
0.459402 -0.158620 0.177114 0.675 0.686 0.682
0.456651 -0.158915 0.177402 0.678 0.690 0.686
0.454441 -0.160066 0.177456 0.690 0.702 0.698
0.451163 -0.159497 0.177979 0.702 0.714 0.710
0.448958 -0.160646 0.178033 0.710 0.722 0.718
0.446223 -0.160932 0.178321 0.722 0.733 0.729
0.443493 -0.161216 0.178609 0.725 0.737 0.733
0.440767 -0.161498 0.178897 0.722 0.733 0.729
0.437524 -0.160911 0.179420 0.722 0.733 0.729
0.434810 -0.161187 0.179707 0.718 0.729 0.725
0.432100 -0.161460 0.179995 0.706 0.718 0.714
0.429395 -0.161731 0.180283 0.698 0.710 0.706
0.426695 -0.162000 0.180570 0.686 0.710 0.702
0.423999 -0.162266 0.180858 0.667 0.690 0.682
0.421308 -0.162529 0.181145 0.659 0.682 0.675
0.418621 -0.162791 0.181432 0.659 0.682 0.675
0.415939 -0.163050 0.181719 0.659 0.682 0.675
0.413262 -0.163306 0.182006 0.659 0.682 0.675
0.410589 -0.163560 0.182293 0.663 0.686 0.678
0.407920 -0.163812 0.182579 0.667 0.690 0.682
0.405752 -0.164942 0.182632 0.667 0.690 0.682
0.403583 -0.166071 0.182684 0.651 0.663 0.659
0.401415 -0.167201 0.182737 0.655 0.671 0.651
0.863437 -1.049827 -0.047554 0.682 0.682 0.682
0.489594 -0.132473 0.175962 0.627 0.631 0.616
0.485676 -0.131104 0.176730 0.627 0.631 0.616
0.482916 -0.131404 0.177021 0.624 0.624 0.624
0.480161 -0.131703 0.177312 0.624 0.624 0.624
0.477411 -0.131998 0.177603 0.655 0.659 0.643
0.475231 -0.133134 0.177656 0.655 0.659 0.643
0.473051 -0.134269 0.177709 0.651 0.655 0.639
0.471993 -0.137094 0.177286 0.651 0.655 0.639
0.470367 -0.139078 0.177101 0.651 0.655 0.639
0.468737 -0.141064 0.176916 0.651 0.655 0.639
0.467656 -0.143900 0.176494 0.655 0.659 0.643
0.466014 -0.145892 0.176310 0.659 0.663 0.647
0.464367 -0.147886 0.176125 0.671 0.675 0.659
0.462716 -0.149883 0.175941 0.675 0.678 0.663
0.461061 -0.151882 0.175757 0.675 0.678 0.663
0.459400 -0.153884 0.175573 0.678 0.682 0.667
0.457735 -0.155888 0.175389 0.675 0.690 0.671
0.455528 -0.157037 0.175443 0.678 0.690 0.686
0.452249 -0.156472 0.175971 0.694 0.706 0.702
0.450046 -0.157620 0.176024 0.694 0.706 0.702
0.447312 -0.157907 0.176315 0.698 0.710 0.706
0.444053 -0.157331 0.176842 0.710 0.722 0.718
0.441857 -0.158475 0.176895 0.718 0.729 0.725
0.438612 -0.157891 0.177423 0.729 0.741 0.737
0.435899 -0.158168 0.177713 0.729 0.741 0.737
0.433190 -0.158443 0.178003 0.729 0.741 0.737
0.430485 -0.158714 0.178292 0.725 0.737 0.733
0.427786 -0.158984 0.178582 0.722 0.733 0.729
0.425090 -0.159251 0.178872 0.706 0.718 0.714
0.421889 -0.158645 0.179398 0.702 0.714 0.710
0.419206 -0.158906 0.179687 0.682 0.694 0.690
0.417032 -0.160038 0.179740 0.678 0.690 0.686
0.414356 -0.160296 0.180029 0.675 0.686 0.682
0.411683 -0.160551 0.180318 0.682 0.694 0.690
0.409016 -0.160804 0.180607 0.682 0.694 0.690
0.406849 -0.161932 0.180660 0.682 0.694 0.690
0.404683 -0.163061 0.180712 0.675 0.686 0.682
0.402517 -0.164189 0.180765 0.663 0.675 0.671
0.400351 -0.165318 0.180817 0.678 0.690 0.686
0.397697 -0.165563 0.181106 0.678 0.690 0.686
0.494100 -0.134486 0.172525 0.565 0.565 0.549
0.490166 -0.133130 0.173300 0.631 0.635 0.620
0.485671 -0.130930 0.174315 0.631 0.635 0.620
0.482910 -0.131233 0.174609 0.635 0.639 0.624
0.479584 -0.130694 0.175143 0.635 0.635 0.635
0.476834 -0.130991 0.175436 0.643 0.643 0.643
0.474654 -0.132127 0.175489 0.647 0.651 0.635
0.472474 -0.133262 0.175542 0.655 0.659 0.643
0.470854 -0.135241 0.175354 0.655 0.659 0.643
0.469230 -0.137223 0.175167 0.659 0.663 0.647
0.467601 -0.139206 0.174980 0.655 0.659 0.643
0.465968 -0.141192 0.174793 0.655 0.659 0.643
0.464881 -0.144029 0.174366 0.659 0.663 0.647
0.463236 -0.146021 0.174180 0.663 0.667 0.651
0.461040 -0.147165 0.174233 0.663 0.667 0.651
0.459389 -0.149161 0.174046 0.671 0.675 0.659
0.457732 -0.151159 0.173860 0.671 0.675 0.659
0.454992 -0.151451 0.174153 0.678 0.682 0.667
0.452794 -0.152596 0.174206 0.675 0.678 0.663
0.450595 -0.153741 0.174260 0.678 0.682 0.667
0.447864 -0.154028 0.174552 0.678 0.682 0.667
0.445137 -0.154313 0.174845 0.682 0.686 0.671
0.442415 -0.154596 0.175138 0.698 0.710 0.706
0.439698 -0.154876 0.175430 0.710 0.710 0.710
0.436985 -0.155154 0.175722 0.718 0.718 0.718
0.433755 -0.154566 0.176254 0.725 0.725 0.725
0.431053 -0.154837 0.176546 0.725 0.725 0.725
0.428357 -0.155107 0.176838 0.733 0.733 0.733
0.425664 -0.155374 0.177130 0.729 0.729 0.729
0.422977 -0.155639 0.177421 0.710 0.722 0.718
0.419783 -0.155031 0.177952 0.706 0.718 0.714
0.417107 -0.155290 0.178243 0.694 0.706 0.702
0.414941 -0.156418 0.178296 0.690 0.702 0.698
0.412272 -0.156673 0.178587 0.682 0.694 0.690
0.410108 -0.157800 0.178640 0.682 0.694 0.690
0.407445 -0.158052 0.178931 0.682 0.694 0.690
0.405283 -0.159178 0.178983 0.682 0.694 0.690
0.403122 -0.160304 0.179036 0.675 0.686 0.682
0.400960 -0.161430 0.179088 0.675 0.686 0.682
0.398798 -0.162556 0.179140 0.690 0.702 0.698
0.396637 -0.163682 0.179193 0.690 0.702 0.698
0.393990 -0.163925 0.179483 0.663 0.675 0.678
0.494095 -0.134300 0.170090 0.565 0.565 0.549
0.490160 -0.132948 0.170872 0.620 0.620 0.604
0.485665 -0.130753 0.171896 0.635 0.635 0.620
0.482331 -0.130222 0.172435 0.643 0.647 0.631
0.479006 -0.129686 0.172973 0.643 0.643 0.643
0.476824 -0.130823 0.173026 0.647 0.647 0.647
0.474077 -0.131120 0.173322 0.647 0.647 0.647
0.471897 -0.132255 0.173374 0.651 0.651 0.651
0.469717 -0.133391 0.173427 0.655 0.655 0.655
0.468094 -0.135370 0.173238 0.655 0.655 0.655
0.466467 -0.137351 0.173048 0.659 0.659 0.659
0.464283 -0.138489 0.173101 0.659 0.659 0.659
0.462649 -0.140474 0.172912 0.659 0.659 0.659
0.461010 -0.142462 0.172723 0.663 0.667 0.651
0.458821 -0.143602 0.172776 0.671 0.675 0.659
0.457175 -0.145593 0.172587 0.671 0.675 0.659
0.454984 -0.146734 0.172640 0.671 0.675 0.659
0.453331 -0.148729 0.172451 0.678 0.682 0.667
0.450601 -0.149017 0.172746 0.675 0.678 0.663
0.447875 -0.149303 0.173041 0.678 0.682 0.667
0.445153 -0.149587 0.173336 0.682 0.686 0.671
0.442436 -0.149868 0.173631 0.682 0.686 0.671
0.440252 -0.151006 0.173684 0.690 0.694 0.678
0.437542 -0.151284 0.173978 0.690 0.690 0.690
0.434313 -0.150698 0.174514 0.702 0.702 0.702
0.431615 -0.150969 0.174809 0.710 0.710 0.710
0.428921 -0.151239 0.175103 0.710 0.710 0.710
0.426231 -0.151505 0.175397 0.718 0.718 0.718
0.423546 -0.151770 0.175691 0.714 0.714 0.714
0.420355 -0.151165 0.176226 0.702 0.714 0.710
0.417681 -0.151423 0.176520 0.702 0.714 0.710
0.415012 -0.151679 0.176813 0.702 0.714 0.710
0.412853 -0.152804 0.176866 0.698 0.710 0.706
0.410191 -0.153057 0.177159 0.698 0.710 0.706
0.408034 -0.154180 0.177211 0.690 0.702 0.698
0.405877 -0.155304 0.177264 0.690 0.702 0.698
0.403720 -0.156428 0.177316 0.690 0.702 0.698
0.401563 -0.157551 0.177368 0.682 0.694 0.690
0.399406 -0.158675 0.177420 0.694 0.706 0.702
0.397737 -0.160678 0.177232 0.698 0.710 0.706
0.395578 -0.161802 0.177284 0.690 0.702 0.698
0.392934 -0.162045 0.177577 0.635 0.659 0.659
0.493510 -0.133280 0.167895 0.541 0.541 0.525
0.490152 -0.132764 0.168439 0.573 0.573 0.557
0.485657 -0.130575 0.169473 0.576 0.576 0.561
0.482322 -0.130047 0.170016 0.588 0.592 0.576
0.478996 -0.129514 0.170559 0.624 0.635 0.631
0.476246 -0.129815 0.170857 0.635 0.651 0.631
0.473500 -0.130112 0.171154 0.639 0.655 0.635
0.470758 -0.130408 0.171452 0.643 0.659 0.639
0.468580 -0.131542 0.171505 0.639 0.655 0.635
0.466960 -0.133519 0.171313 0.639 0.655 0.635
0.464780 -0.134654 0.171366 0.643 0.659 0.639
0.463152 -0.136635 0.171174 0.647 0.663 0.643
0.460969 -0.137772 0.171227 0.647 0.663 0.643
0.458787 -0.138908 0.171280 0.651 0.667 0.647
0.457150 -0.140894 0.171088 0.655 0.671 0.651
0.454966 -0.142031 0.171141 0.655 0.671 0.651
0.452781 -0.143169 0.171194 0.667 0.682 0.663
0.450596 -0.144307 0.171247 0.671 0.686 0.667
0.448412 -0.145445 0.171300 0.671 0.686 0.667
0.445159 -0.144874 0.171841 0.671 0.686 0.667
0.442979 -0.146010 0.171894 0.671 0.686 0.667
0.440270 -0.146288 0.172191 0.675 0.690 0.671
0.437565 -0.146565 0.172488 0.678 0.690 0.686
0.434865 -0.146839 0.172784 0.678 0.690 0.686
0.431647 -0.146250 0.173325 0.682 0.694 0.690
0.428958 -0.146518 0.173621 0.682 0.694 0.690
0.426274 -0.146783 0.173917 0.682 0.694 0.690
0.423594 -0.147047 0.174213 0.690 0.702 0.706
0.420919 -0.147307 0.174509 0.682 0.694 0.698
0.418248 -0.147566 0.174805 0.690 0.702 0.706
0.415583 -0.147822 0.175101 0.690 0.702 0.706
0.412921 -0.148075 0.175397 0.694 0.706 0.702
0.410769 -0.149197 0.175449 0.694 0.706 0.702
0.408114 -0.149447 0.175744 0.698 0.710 0.706
0.405964 -0.150567 0.175797 0.694 0.706 0.702
0.403814 -0.151687 0.175849 0.698 0.710 0.706
0.401664 -0.152807 0.175901 0.694 0.706 0.702
0.400006 -0.154803 0.175710 0.690 0.702 0.698
0.397854 -0.155924 0.175762 0.682 0.706 0.706
0.396189 -0.157923 0.175571 0.663 0.686 0.686
0.394034 -0.159046 0.175623 0.647 0.671 0.671
0.391880 -0.160168 0.175676 0.627 0.651 0.651
0.493503 -0.133091 0.165453 0.533 0.533 0.518
0.489569 -0.131746 0.166249 0.561 0.561 0.545
0.485649 -0.130395 0.167044 0.561 0.561 0.545
0.482313 -0.129870 0.167592 0.561 0.561 0.545
0.478418 -0.128505 0.168387 0.557 0.573 0.553
0.475668 -0.128806 0.168687 0.569 0.580 0.576
0.472922 -0.129105 0.168987 0.612 0.624 0.620
0.470182 -0.129402 0.169287 0.635 0.647 0.643
0.467445 -0.129696 0.169587 0.639 0.651 0.647
0.465826 -0.131670 0.169392 0.639 0.651 0.647
0.463648 -0.132805 0.169445 0.643 0.655 0.651
0.461471 -0.133939 0.169498 0.647 0.659 0.655
0.459293 -0.135073 0.169551 0.647 0.659 0.655
0.457115 -0.136208 0.169604 0.651 0.663 0.659
0.454937 -0.137342 0.169656 0.651 0.663 0.659
0.452760 -0.138476 0.169709 0.655 0.667 0.663
0.450582 -0.139611 0.169762 0.675 0.686 0.682
0.447866 -0.139894 0.170061 0.698 0.714 0.694
0.445691 -0.141027 0.170114 0.702 0.718 0.698
0.442982 -0.141307 0.170413 0.706 0.722 0.702
0.440278 -0.141584 0.170712 0.698 0.714 0.694
0.437578 -0.141859 0.171011 0.698 0.714 0.694
0.434883 -0.142132 0.171310 0.698 0.710 0.706
0.432193 -0.142402 0.171608 0.698 0.710 0.706
0.428985 -0.141811 0.172153 0.698 0.710 0.706
0.426306 -0.142075 0.172452 0.706 0.718 0.714
0.423631 -0.142337 0.172750 0.698 0.710 0.706
0.420962 -0.142596 0.173048 0.702 0.714 0.710
0.418296 -0.142853 0.173346 0.694 0.718 0.710
0.415636 -0.143108 0.173644 0.698 0.722 0.714
0.412979 -0.143360 0.173942 0.682 0.706 0.698
0.410328 -0.143610 0.174240 0.686 0.710 0.702
0.408185 -0.144727 0.174292 0.694 0.706 0.702
0.406041 -0.145843 0.174344 0.690 0.714 0.706
0.403898 -0.146959 0.174395 0.686 0.710 0.710
0.401755 -0.148076 0.174447 0.671 0.694 0.694
0.399611 -0.149192 0.174499 0.620 0.643 0.651
0.397960 -0.151184 0.174306 0.604 0.624 0.643
0.396304 -0.153177 0.174113 0.596 0.624 0.639
0.394644 -0.155173 0.173920 0.612 0.643 0.647
0.392493 -0.156293 0.173972 0.624 0.655 0.659
0.390343 -0.157413 0.174024 0.608 0.639 0.635
0.492918 -0.132070 0.163256 0.518 0.522 0.506
0.489560 -0.131559 0.163809 0.545 0.545 0.522
0.485639 -0.130212 0.164611 0.549 0.549 0.525
0.481733 -0.128857 0.165413 0.553 0.553 0.529
0.478407 -0.128330 0.165965 0.541 0.545 0.522
0.475090 -0.127798 0.166517 0.537 0.541 0.518
0.472345 -0.128098 0.166820 0.545 0.549 0.533
0.469045 -0.127557 0.167371 0.557 0.561 0.545
0.466311 -0.127851 0.167673 0.545 0.545 0.545
0.464694 -0.129824 0.167477 0.533 0.545 0.541
0.462518 -0.130957 0.167529 0.549 0.573 0.573
0.459792 -0.131247 0.167831 0.549 0.580 0.569
0.457619 -0.132379 0.167884 0.569 0.600 0.588
0.455446 -0.133511 0.167937 0.584 0.616 0.604
0.453272 -0.134643 0.167989 0.604 0.635 0.624
0.450557 -0.134928 0.168291 0.627 0.651 0.643
0.448386 -0.136058 0.168343 0.647 0.671 0.663
0.445678 -0.136339 0.168645 0.682 0.706 0.706
0.442975 -0.136618 0.168946 0.686 0.710 0.710
0.440276 -0.136894 0.169247 0.675 0.698 0.698
0.438112 -0.138021 0.169300 0.675 0.698 0.698
0.434891 -0.137438 0.169849 0.675 0.698 0.698
0.432206 -0.137707 0.170150 0.675 0.698 0.698
0.429002 -0.137117 0.170699 0.675 0.698 0.698
0.426328 -0.137380 0.171000 0.675 0.698 0.698
0.423659 -0.137640 0.171300 0.671 0.694 0.702
0.420994 -0.137898 0.171601 0.663 0.686 0.694
0.418334 -0.138154 0.171901 0.663 0.694 0.698
0.415678 -0.138407 0.172201 0.651 0.682 0.686
0.413028 -0.138658 0.172501 0.635 0.667 0.671
0.410381 -0.138907 0.172801 0.608 0.635 0.651
0.408245 -0.140020 0.172853 0.584 0.612 0.627
0.405605 -0.140265 0.173152 0.584 0.612 0.627
0.403471 -0.141377 0.173204 0.596 0.624 0.639
0.401835 -0.143358 0.173008 0.576 0.608 0.612
0.399699 -0.144471 0.173060 0.588 0.620 0.624
0.398056 -0.146457 0.172864 0.588 0.620 0.624
0.396409 -0.148445 0.172668 0.596 0.627 0.631
0.394757 -0.150435 0.172472 0.600 0.631 0.635
0.393101 -0.152427 0.172277 0.612 0.643 0.647
0.391440 -0.154422 0.172081 0.608 0.639 0.643
0.389292 -0.155541 0.172134 0.600 0.631 0.627
0.492908 -0.131878 0.160807 0.506 0.510 0.494
0.488976 -0.130541 0.161617 0.518 0.522 0.498
0.485057 -0.129196 0.162426 0.522 0.525 0.502
0.481152 -0.127845 0.163235 0.533 0.537 0.514
0.477828 -0.127320 0.163791 0.537 0.537 0.514
0.474512 -0.126790 0.164348 0.537 0.537 0.514
0.471768 -0.127091 0.164652 0.541 0.541 0.518
0.468469 -0.126552 0.165208 0.541 0.541 0.518
0.465736 -0.126847 0.165513 0.537 0.541 0.518
0.463563 -0.127979 0.165565 0.533 0.537 0.522
0.461390 -0.129111 0.165618 0.529 0.545 0.525
0.458666 -0.129402 0.165922 0.522 0.549 0.525
0.456495 -0.130532 0.165975 0.518 0.545 0.522
0.453778 -0.130819 0.166279 0.529 0.553 0.545
0.451066 -0.131103 0.166582 0.525 0.549 0.541
0.448359 -0.131385 0.166886 0.541 0.565 0.565
0.446195 -0.132512 0.166939 0.549 0.573 0.580
0.443494 -0.132791 0.167242 0.573 0.596 0.604
0.440798 -0.133066 0.167545 0.573 0.596 0.604
0.438106 -0.133340 0.167849 0.576 0.600 0.600
0.435419 -0.133611 0.168152 0.584 0.608 0.608
0.432209 -0.133026 0.168706 0.576 0.600 0.600
0.429534 -0.133291 0.169009 0.580 0.604 0.612
0.426863 -0.133554 0.169311 0.580 0.604 0.612
0.424197 -0.133815 0.169614 0.573 0.596 0.604
0.421016 -0.133214 0.170167 0.580 0.600 0.620
0.418361 -0.133469 0.170470 0.584 0.604 0.624
0.415711 -0.133721 0.170772 0.584 0.604 0.624
0.413577 -0.134832 0.170824 0.580 0.608 0.624
0.410934 -0.135081 0.171126 0.565 0.592 0.608
0.408295 -0.135327 0.171428 0.565 0.592 0.608
0.406165 -0.136436 0.171480 0.573 0.600 0.616
0.403533 -0.136678 0.171781 0.569 0.596 0.612
0.401906 -0.138654 0.171583 0.573 0.600 0.616
0.399776 -0.139764 0.171634 0.580 0.612 0.616
0.398142 -0.141743 0.171436 0.588 0.620 0.624
0.396504 -0.143725 0.171238 0.596 0.627 0.631
0.394860 -0.145710 0.171039 0.596 0.627 0.631
0.393701 -0.148571 0.170592 0.596 0.627 0.631
0.392046 -0.150561 0.170394 0.596 0.627 0.631
0.390387 -0.152554 0.170196 0.588 0.620 0.624
0.388241 -0.153671 0.170248 0.580 0.612 0.608
0.386096 -0.154789 0.170300 0.522 0.545 0.553
0.491747 -0.130028 0.158862 0.502 0.506 0.490
0.488392 -0.129522 0.159424 0.514 0.518 0.494
0.484475 -0.128181 0.160240 0.514 0.518 0.494
0.480572 -0.126832 0.161056 0.518 0.522 0.498
0.477249 -0.126309 0.161617 0.518 0.518 0.494
0.473935 -0.125781 0.162178 0.518 0.518 0.494
0.471191 -0.126084 0.162485 0.525 0.525 0.502
0.467893 -0.125547 0.163046 0.533 0.533 0.510
0.465161 -0.125843 0.163352 0.537 0.537 0.514
0.462433 -0.126137 0.163659 0.533 0.537 0.514
0.460262 -0.127268 0.163711 0.529 0.545 0.518
0.457541 -0.127558 0.164018 0.529 0.545 0.518
0.454825 -0.127846 0.164324 0.529 0.545 0.518
0.452114 -0.128131 0.164630 0.529 0.545 0.525
0.449407 -0.128414 0.164936 0.529 0.545 0.525
0.446704 -0.128694 0.165242 0.533 0.549 0.529
0.444006 -0.128973 0.165547 0.537 0.549 0.545
0.441313 -0.129248 0.165853 0.541 0.553 0.549
0.438625 -0.129522 0.166158 0.541 0.565 0.557
0.435409 -0.128943 0.166717 0.545 0.569 0.561
0.432732 -0.129210 0.167022 0.549 0.573 0.565
0.430059 -0.129475 0.167327 0.549 0.573 0.573
0.427391 -0.129738 0.167632 0.549 0.573 0.573
0.424728 -0.129998 0.167937 0.557 0.580 0.580
0.421549 -0.129400 0.168495 0.557 0.580 0.580
0.418897 -0.129654 0.168800 0.561 0.584 0.584
0.416249 -0.129906 0.169104 0.561 0.584 0.584
0.413607 -0.130155 0.169409 0.573 0.596 0.604
0.411479 -0.131263 0.169460 0.576 0.600 0.608
0.408843 -0.131509 0.169764 0.580 0.604 0.612
0.406212 -0.131753 0.170069 0.584 0.608 0.608
0.404089 -0.132858 0.170120 0.588 0.612 0.612
0.401967 -0.133964 0.170171 0.592 0.616 0.616
0.399844 -0.135070 0.170223 0.592 0.616 0.616
0.398218 -0.137044 0.170022 0.588 0.620 0.616
0.396588 -0.139020 0.169821 0.584 0.616 0.612
0.394953 -0.140998 0.169621 0.580 0.612 0.608
0.393804 -0.143851 0.169168 0.573 0.604 0.600
0.392646 -0.146708 0.168715 0.569 0.600 0.596
0.390993 -0.148697 0.168515 0.569 0.600 0.596
0.389335 -0.150687 0.168315 0.569 0.600 0.596
0.387673 -0.152680 0.168115 0.576 0.608 0.604
0.385049 -0.152920 0.168419 0.553 0.576 0.576
0.491162 -0.129007 0.156666 0.510 0.514 0.498
0.487808 -0.128503 0.157232 0.506 0.510 0.486
0.483893 -0.127165 0.158055 0.506 0.510 0.486
0.479992 -0.125820 0.158877 0.506 0.510 0.475
0.476670 -0.125299 0.159443 0.494 0.498 0.463
0.473357 -0.124773 0.160009 0.490 0.494 0.459
0.470614 -0.125076 0.160318 0.494 0.498 0.463
0.467317 -0.124542 0.160883 0.494 0.498 0.463
0.464029 -0.124003 0.161448 0.494 0.498 0.463
0.461304 -0.124297 0.161757 0.498 0.498 0.475
0.459136 -0.125426 0.161809 0.506 0.506 0.482
0.456418 -0.125716 0.162118 0.510 0.514 0.490
0.453705 -0.126004 0.162426 0.522 0.525 0.502
0.450996 -0.126289 0.162734 0.522 0.525 0.502
0.448292 -0.126572 0.163042 0.522 0.525 0.502
0.445052 -0.126008 0.163606 0.537 0.541 0.518
0.442360 -0.126285 0.163914 0.545 0.549 0.525
0.439672 -0.126559 0.164222 0.549 0.553 0.529
0.436455 -0.125983 0.164785 0.549 0.565 0.537
0.433778 -0.126252 0.165093 0.553 0.569 0.541
0.431106 -0.126518 0.165400 0.561 0.576 0.549
0.427913 -0.125930 0.165963 0.561 0.576 0.557
0.425252 -0.126190 0.166270 0.557 0.573 0.553
0.422596 -0.126448 0.166577 0.573 0.596 0.588
0.419945 -0.126703 0.166884 0.573 0.596 0.588
0.417298 -0.126956 0.167191 0.576 0.600 0.592
0.414656 -0.127207 0.167497 0.576 0.600 0.592
0.412018 -0.127455 0.167804 0.580 0.604 0.596
0.409385 -0.127701 0.168110 0.584 0.608 0.600
0.407265 -0.128805 0.168162 0.584 0.608 0.600
0.404638 -0.129047 0.168468 0.584 0.608 0.600
0.402520 -0.130151 0.168519 0.584 0.608 0.600
0.400402 -0.131254 0.168571 0.584 0.608 0.600
0.398783 -0.133223 0.168367 0.580 0.604 0.596
0.397159 -0.135195 0.168164 0.580 0.604 0.604
0.395531 -0.137169 0.167961 0.565 0.596 0.592
0.393898 -0.139145 0.167758 0.557 0.588 0.584
0.392750 -0.141994 0.167300 0.553 0.584 0.580
0.391593 -0.144849 0.166843 0.553 0.584 0.580
0.390426 -0.147707 0.166386 0.565 0.596 0.592
0.388768 -0.149697 0.166184 0.565 0.596 0.592
0.387105 -0.151689 0.165982 0.576 0.608 0.604
0.384481 -0.151930 0.166288 0.631 0.655 0.655
0.490577 -0.127986 0.154469 0.533 0.537 0.514
0.487224 -0.127484 0.155040 0.506 0.510 0.486
0.483311 -0.126149 0.155869 0.502 0.506 0.482
0.479412 -0.124807 0.156699 0.494 0.502 0.467
0.476091 -0.124289 0.157269 0.490 0.494 0.459
0.472779 -0.123765 0.157839 0.486 0.490 0.455
0.470037 -0.124069 0.158150 0.486 0.490 0.455
0.466741 -0.123537 0.158720 0.486 0.490 0.455
0.463454 -0.123000 0.159290 0.486 0.490 0.455
0.460730 -0.123295 0.159601 0.490 0.494 0.459
0.458011 -0.123587 0.159911 0.494 0.498 0.463
0.455296 -0.123877 0.160222 0.494 0.494 0.471
0.452585 -0.124164 0.160533 0.498 0.498 0.475
0.449880 -0.124450 0.160843 0.510 0.510 0.486
0.447178 -0.124732 0.161154 0.510 0.514 0.490
0.443942 -0.124169 0.161722 0.514 0.518 0.494
0.440715 -0.123601 0.162290 0.518 0.522 0.498
0.438033 -0.123874 0.162600 0.529 0.533 0.510
0.434822 -0.123298 0.163168 0.525 0.541 0.514
0.432150 -0.123565 0.163477 0.522 0.537 0.510
0.429483 -0.123830 0.163787 0.533 0.549 0.522
0.426295 -0.123242 0.164354 0.537 0.553 0.533
0.423640 -0.123501 0.164663 0.537 0.553 0.533
0.420989 -0.123757 0.164973 0.541 0.553 0.549
0.418343 -0.124011 0.165282 0.537 0.549 0.545
0.415702 -0.124263 0.165591 0.549 0.561 0.557
0.413065 -0.124512 0.165899 0.549 0.561 0.557
0.410432 -0.124759 0.166208 0.549 0.561 0.557
0.407804 -0.125003 0.166517 0.545 0.569 0.561
0.405688 -0.126106 0.166568 0.545 0.569 0.561
0.403573 -0.127208 0.166619 0.541 0.565 0.557
0.401457 -0.128310 0.166671 0.541 0.565 0.557
0.399341 -0.129412 0.166722 0.533 0.557 0.549
0.397723 -0.131379 0.166516 0.541 0.565 0.557
0.396101 -0.133348 0.166311 0.541 0.573 0.569
0.394968 -0.136187 0.165848 0.545 0.576 0.573
0.393334 -0.138162 0.165643 0.549 0.580 0.576
0.392185 -0.141009 0.165181 0.545 0.576 0.573
0.391027 -0.143861 0.164719 0.549 0.580 0.576
0.389859 -0.146718 0.164258 0.569 0.600 0.604
0.388201 -0.148707 0.164053 0.573 0.604 0.608
0.386537 -0.150697 0.163849 0.596 0.627 0.624
0.384391 -0.151815 0.163901 0.631 0.663 0.651
0.489992 -0.126965 0.152272 0.494 0.498 0.482
0.486640 -0.126465 0.152847 0.522 0.525 0.502
0.482729 -0.125134 0.153684 0.510 0.514 0.490
0.478832 -0.123795 0.154520 0.490 0.498 0.463
0.475512 -0.123278 0.155095 0.486 0.490 0.455
0.472201 -0.122757 0.155669 0.482 0.486 0.451
0.469459 -0.123062 0.155983 0.482 0.486 0.451
0.466165 -0.122532 0.156557 0.482 0.486 0.451
0.462880 -0.121997 0.157132 0.482 0.486 0.451
0.460156 -0.122293 0.157445 0.486 0.490 0.455
0.457437 -0.122586 0.157758 0.486 0.490 0.455
0.454175 -0.122040 0.158331 0.486 0.490 0.455
0.451467 -0.122327 0.158644 0.486 0.490 0.455
0.448764 -0.122612 0.158957 0.490 0.490 0.467
0.446066 -0.122895 0.159270 0.490 0.494 0.471
0.442833 -0.122332 0.159842 0.490 0.494 0.471
0.439610 -0.121766 0.160415 0.494 0.498 0.475
0.436930 -0.122039 0.160727 0.494 0.498 0.475
0.433723 -0.121463 0.161299 0.506 0.510 0.486
0.431054 -0.121730 0.161611 0.510 0.514 0.490
0.428390 -0.121995 0.161923 0.518 0.522 0.498
0.425206 -0.121408 0.162495 0.518 0.522 0.506
0.422553 -0.121666 0.162806 0.514 0.518 0.502
0.419906 -0.121923 0.163117 0.510 0.525 0.506
0.417262 -0.122177 0.163429 0.510 0.525 0.506
0.414624 -0.122428 0.163740 0.514 0.529 0.510
0.411989 -0.122677 0.164051 0.514 0.529 0.510
0.409360 -0.122924 0.164362 0.522 0.537 0.518
0.406735 -0.123168 0.164673 0.529 0.545 0.525
0.404621 -0.124269 0.164724 0.522 0.545 0.537
0.402508 -0.125370 0.164775 0.522 0.545 0.537
0.400394 -0.126471 0.164827 0.525 0.549 0.541
0.398781 -0.128434 0.164618 0.529 0.553 0.545
0.397163 -0.130400 0.164411 0.533 0.557 0.549
0.395540 -0.132368 0.164203 0.537 0.569 0.565
0.394405 -0.135205 0.163736 0.545 0.576 0.573
0.393262 -0.138047 0.163269 0.549 0.580 0.576
0.392109 -0.140893 0.162803 0.549 0.580 0.576
0.390947 -0.143744 0.162336 0.553 0.584 0.580
0.389292 -0.145729 0.162129 0.573 0.604 0.600
0.388115 -0.148588 0.161663 0.584 0.616 0.612
0.386448 -0.150579 0.161457 0.682 0.714 0.702
0.384300 -0.151698 0.161509 0.529 0.561 0.557
0.489407 -0.125944 0.150075 0.482 0.482 0.467
0.486057 -0.125446 0.150655 0.486 0.486 0.471
0.482147 -0.124118 0.151498 0.486 0.486 0.471
0.478251 -0.122782 0.152341 0.494 0.494 0.471
0.474933 -0.122268 0.152921 0.490 0.494 0.459
0.471623 -0.121748 0.153500 0.482 0.486 0.451
0.468882 -0.122055 0.153816 0.482 0.486 0.451
0.465589 -0.121527 0.154395 0.478 0.482 0.447
0.462305 -0.120994 0.154973 0.482 0.486 0.451
0.459582 -0.121291 0.155289 0.482 0.486 0.451
0.456314 -0.120750 0.155867 0.482 0.486 0.451
0.453602 -0.121041 0.156182 0.486 0.490 0.455
0.450896 -0.121329 0.156497 0.486 0.490 0.455
0.448193 -0.121615 0.156812 0.486 0.490 0.455
0.444955 -0.121059 0.157390 0.490 0.494 0.459
0.441726 -0.120498 0.157967 0.490 0.498 0.463
0.439042 -0.120774 0.158282 0.494 0.502 0.467
0.435829 -0.120205 0.158859 0.490 0.498 0.463
0.432625 -0.119630 0.159435 0.502 0.510 0.475
0.429959 -0.119897 0.159750 0.506 0.514 0.478
0.427298 -0.120162 0.160064 0.510 0.514 0.490
0.424118 -0.119575 0.160640 0.510 0.514 0.498
0.421468 -0.119834 0.160953 0.510 0.514 0.498
0.418823 -0.120090 0.161267 0.506 0.522 0.502
0.416183 -0.120344 0.161581 0.506 0.522 0.502
0.413547 -0.120595 0.161894 0.510 0.525 0.506
0.410916 -0.120844 0.162207 0.510 0.525 0.506
0.408800 -0.121946 0.162259 0.514 0.529 0.510
0.406175 -0.122192 0.162572 0.529 0.545 0.525
0.404062 -0.123293 0.162623 0.529 0.541 0.537
0.401948 -0.124393 0.162674 0.529 0.541 0.537
0.400336 -0.126355 0.162464 0.533 0.545 0.541
0.398221 -0.127457 0.162515 0.537 0.549 0.545
0.397099 -0.130284 0.162043 0.549 0.561 0.557
0.395473 -0.132253 0.161833 0.545 0.569 0.561
0.394335 -0.135088 0.161362 0.561 0.584 0.576
0.393188 -0.137929 0.160891 0.557 0.580 0.573
0.392032 -0.140774 0.160420 0.576 0.608 0.596
0.390867 -0.143625 0.159949 0.584 0.616 0.604
0.389209 -0.145610 0.159739 0.655 0.686 0.675
0.388028 -0.148468 0.159269 0.600 0.631 0.620
0.386358 -0.150459 0.159060 0.490 0.529 0.541
0.384208 -0.151579 0.159112 0.498 0.525 0.541
0.488822 -0.124923 0.147878 0.482 0.482 0.467
0.485473 -0.124427 0.148463 0.478 0.478 0.455
0.481565 -0.123102 0.149313 0.478 0.478 0.455
0.477671 -0.121770 0.150163 0.482 0.486 0.451
0.474354 -0.121257 0.150747 0.482 0.486 0.451
0.471046 -0.120740 0.151330 0.482 0.486 0.451
0.468305 -0.121047 0.151649 0.490 0.494 0.451
0.465013 -0.120522 0.152232 0.498 0.502 0.459
0.461730 -0.119991 0.152815 0.510 0.514 0.471
0.459008 -0.120289 0.153133 0.494 0.498 0.455
0.455741 -0.119750 0.153716 0.490 0.494 0.459
0.453030 -0.120042 0.154033 0.486 0.494 0.459
0.450324 -0.120332 0.154351 0.486 0.494 0.459
0.447622 -0.120619 0.154668 0.482 0.490 0.455
0.444385 -0.120065 0.155250 0.490 0.498 0.463
0.441157 -0.119505 0.155832 0.490 0.498 0.463
0.437939 -0.118942 0.156413 0.494 0.502 0.467
0.435262 -0.119215 0.156730 0.490 0.498 0.463
0.432059 -0.118643 0.157311 0.506 0.510 0.486
0.429394 -0.118911 0.157628 0.506 0.510 0.486
0.426734 -0.119177 0.157944 0.510 0.514 0.490
0.423554 -0.118593 0.158525 0.510 0.514 0.498
0.420905 -0.118852 0.158841 0.514 0.518 0.502
0.418261 -0.119109 0.159157 0.518 0.518 0.518
0.415621 -0.119364 0.159472 0.514 0.525 0.522
0.412986 -0.119617 0.159788 0.514 0.529 0.510
0.410355 -0.119867 0.160104 0.522 0.537 0.518
0.408240 -0.120969 0.160155 0.525 0.541 0.522
0.406124 -0.122071 0.160206 0.541 0.557 0.537
0.404008 -0.123173 0.160258 0.541 0.553 0.549
0.401892 -0.124275 0.160309 0.553 0.565 0.561
0.400277 -0.126236 0.160096 0.557 0.569 0.565
0.398159 -0.127340 0.160148 0.573 0.596 0.588
0.397034 -0.130166 0.159671 0.608 0.635 0.612
0.395405 -0.132135 0.159459 0.604 0.631 0.608
0.394264 -0.134970 0.158983 0.600 0.627 0.604
0.393113 -0.137809 0.158507 0.588 0.616 0.592
0.391954 -0.140654 0.158032 0.549 0.573 0.573
0.390785 -0.143503 0.157557 0.545 0.576 0.580
0.389607 -0.146357 0.157082 0.537 0.569 0.573
0.387939 -0.148346 0.156870 0.537 0.569 0.573
0.386267 -0.150337 0.156659 0.471 0.498 0.514
0.384590 -0.152331 0.156448 0.502 0.529 0.545
0.488237 -0.123902 0.145681 0.478 0.478 0.463
0.484320 -0.122586 0.146538 0.467 0.467 0.443
0.480983 -0.122087 0.147127 0.467 0.467 0.443
0.477091 -0.120757 0.147984 0.467 0.471 0.435
0.473775 -0.120247 0.148572 0.463 0.467 0.431
0.470468 -0.119732 0.149161 0.463 0.467 0.431
0.467728 -0.120040 0.149481 0.467 0.471 0.427
0.464437 -0.119517 0.150069 0.471 0.475 0.431
0.461155 -0.118988 0.150657 0.482 0.486 0.451
0.458434 -0.119287 0.150977 0.490 0.490 0.467
0.455168 -0.118751 0.151564 0.490 0.490 0.467
0.452458 -0.119044 0.151884 0.529 0.533 0.510
0.449208 -0.118499 0.152471 0.541 0.545 0.522
0.446509 -0.118785 0.152791 0.576 0.580 0.557
0.443276 -0.118232 0.153377 0.620 0.624 0.608
0.440589 -0.118513 0.153696 0.529 0.537 0.502
0.437371 -0.117951 0.154283 0.529 0.537 0.502
0.434695 -0.118226 0.154602 0.518 0.525 0.490
0.431494 -0.117656 0.155187 0.514 0.522 0.486
0.428829 -0.117925 0.155506 0.514 0.533 0.494
0.426170 -0.118192 0.155825 0.514 0.533 0.494
0.422991 -0.117610 0.156410 0.514 0.529 0.502
0.420343 -0.117870 0.156728 0.525 0.541 0.514
0.417699 -0.118129 0.157046 0.522 0.537 0.518
0.415060 -0.118385 0.157364 0.529 0.545 0.525
0.412939 -0.119489 0.157416 0.525 0.553 0.529
0.410307 -0.119741 0.157734 0.569 0.596 0.573
0.408189 -0.120845 0.157785 0.569 0.596 0.573
0.406071 -0.121948 0.157836 0.608 0.635 0.612
0.403953 -0.123051 0.157888 0.631 0.659 0.635
0.401835 -0.124154 0.157939 0.635 0.663 0.639
0.400217 -0.126116 0.157724 0.620 0.647 0.624
0.398595 -0.128080 0.157510 0.612 0.643 0.631
0.396968 -0.130046 0.157295 0.576 0.608 0.596
0.395830 -0.132876 0.156814 0.553 0.584 0.573
0.394682 -0.135712 0.156334 0.545 0.569 0.569
0.393526 -0.138552 0.155854 0.541 0.565 0.565
0.392361 -0.141396 0.155374 0.541 0.565 0.565
0.391186 -0.144246 0.154894 0.541 0.565 0.565
0.390002 -0.147100 0.154415 0.525 0.557 0.553
0.388329 -0.149090 0.154201 0.529 0.561 0.557
0.386652 -0.151083 0.153988 0.490 0.522 0.525
0.384970 -0.153078 0.153774 0.522 0.553 0.549
0.488223 -0.123701 0.143214 0.475 0.478 0.463
0.484305 -0.122390 0.144078 0.463 0.467 0.443
0.479835 -0.120248 0.145212 0.463 0.467 0.431
0.476511 -0.119745 0.145805 0.463 0.467 0.431
0.473196 -0.119237 0.146398 0.463 0.467 0.431
0.469890 -0.118724 0.146991 0.455 0.459 0.424
0.466594 -0.118206 0.147584 0.463 0.467 0.431
0.463306 -0.117683 0.148176 0.463 0.467 0.431
0.460581 -0.117986 0.148499 0.467 0.471 0.435
0.457309 -0.117455 0.149091 0.471 0.471 0.447
0.454595 -0.117751 0.149413 0.478 0.478 0.455
0.451885 -0.118045 0.149735 0.475 0.478 0.455
0.448637 -0.117502 0.150327 0.482 0.486 0.463
0.445398 -0.116954 0.150918 0.490 0.494 0.478
0.442707 -0.117239 0.151240 0.478 0.482 0.467
0.440020 -0.117521 0.151561 0.490 0.490 0.490
0.436804 -0.116961 0.152152 0.506 0.506 0.506
0.434128 -0.117237 0.152473 0.506 0.506 0.506
0.430928 -0.116669 0.153063 0.510 0.522 0.518
0.428264 -0.116939 0.153384 0.522 0.533 0.529
0.425605 -0.117207 0.153705 0.514 0.529 0.510
0.422428 -0.116627 0.154295 0.529 0.545 0.525
0.419780 -0.116889 0.154616 0.525 0.541 0.522
0.417655 -0.117996 0.154667 0.529 0.545 0.525
0.415014 -0.118254 0.154988 0.518 0.545 0.522
0.412892 -0.119359 0.155039 0.502 0.529 0.506
0.410258 -0.119614 0.155359 0.533 0.561 0.537
0.408137 -0.120718 0.155411 0.518 0.545 0.522
0.406017 -0.121823 0.155462 0.525 0.549 0.541
0.403896 -0.122927 0.155513 0.529 0.553 0.553
0.402278 -0.124888 0.155296 0.518 0.541 0.541
0.400655 -0.126851 0.155079 0.518 0.541 0.541
0.399027 -0.128816 0.154862 0.518 0.549 0.545
0.397395 -0.130783 0.154646 0.522 0.553 0.549
0.396252 -0.133614 0.154161 0.525 0.549 0.549
0.395099 -0.136449 0.153676 0.522 0.545 0.545
0.393937 -0.139290 0.153191 0.525 0.549 0.549
0.392765 -0.142135 0.152707 0.525 0.549 0.549
0.391585 -0.144984 0.152223 0.525 0.549 0.549
0.390395 -0.147839 0.151739 0.529 0.553 0.553
0.388717 -0.149830 0.151523 0.525 0.549 0.549
0.387035 -0.151824 0.151307 0.525 0.557 0.553
0.385348 -0.153820 0.151092 0.514 0.525 0.522
0.487637 -0.122679 0.141015 0.416 0.384 0.373
0.483721 -0.121371 0.141886 0.478 0.443 0.416
0.479819 -0.120055 0.142756 0.467 0.459 0.420
0.475930 -0.118732 0.143626 0.463 0.455 0.416
0.472617 -0.118226 0.144224 0.463 0.455 0.416
0.469312 -0.117715 0.144822 0.459 0.451 0.420
0.466017 -0.117200 0.145419 0.463 0.455 0.424
0.462731 -0.116679 0.146016 0.463 0.455 0.424
0.459454 -0.116154 0.146613 0.455 0.459 0.424
0.456736 -0.116454 0.146937 0.459 0.459 0.435
0.453475 -0.115920 0.147534 0.459 0.459 0.435
0.450768 -0.116214 0.147858 0.463 0.463 0.439
0.448066 -0.116505 0.148182 0.467 0.467 0.443
0.444828 -0.115960 0.148778 0.471 0.471 0.447
0.442137 -0.116245 0.149102 0.478 0.478 0.455
0.439451 -0.116528 0.149426 0.478 0.478 0.455
0.436236 -0.115971 0.150021 0.490 0.490 0.467
0.433562 -0.116248 0.150345 0.482 0.482 0.459
0.430891 -0.116523 0.150668 0.482 0.486 0.471
0.428226 -0.116795 0.150991 0.490 0.494 0.478
0.425041 -0.116222 0.151586 0.490 0.494 0.478
0.422387 -0.116488 0.151909 0.502 0.506 0.490
0.419737 -0.116752 0.152232 0.502 0.506 0.490
0.417610 -0.117860 0.152283 0.502 0.506 0.490
0.414967 -0.118121 0.152606 0.518 0.522 0.506
0.412842 -0.119227 0.152658 0.514 0.529 0.510
0.410207 -0.119484 0.152980 0.522 0.537 0.518
0.408084 -0.120590 0.153032 0.522 0.537 0.518
0.405961 -0.121696 0.153083 0.518 0.541 0.533
0.404342 -0.123655 0.152864 0.518 0.541 0.533
0.402719 -0.125617 0.152644 0.514 0.537 0.537
0.401091 -0.127581 0.152425 0.518 0.541 0.541
0.399458 -0.129547 0.152206 0.522 0.545 0.545
0.397821 -0.131516 0.151987 0.525 0.549 0.549
0.396671 -0.134347 0.151498 0.522 0.545 0.545
0.395512 -0.137183 0.151008 0.518 0.541 0.541
0.394345 -0.140023 0.150519 0.522 0.545 0.545
0.393167 -0.142869 0.150030 0.525 0.549 0.549
0.391981 -0.145719 0.149542 0.525 0.549 0.549
0.390786 -0.148574 0.149054 0.525 0.549 0.541
0.389103 -0.150566 0.148836 0.525 0.549 0.541
0.387415 -0.152562 0.148618 0.541 0.557 0.537
0.385249 -0.153690 0.148670 0.510 0.490 0.482
0.487051 -0.121657 0.138815 0.408 0.373 0.353
0.483137 -0.120352 0.139693 0.416 0.329 0.298
0.479237 -0.119040 0.140571 0.482 0.443 0.396
0.475350 -0.117720 0.141448 0.475 0.435 0.388
0.472038 -0.117216 0.142050 0.463 0.451 0.396
0.468735 -0.116707 0.142652 0.463 0.447 0.404
0.465440 -0.116194 0.143254 0.467 0.451 0.416
0.462156 -0.115675 0.143855 0.459 0.451 0.412
0.458880 -0.115152 0.144457 0.459 0.451 0.412
0.456162 -0.115453 0.144784 0.451 0.455 0.420
0.452903 -0.114921 0.145385 0.455 0.455 0.431
0.450196 -0.115216 0.145711 0.459 0.459 0.435
0.446953 -0.114676 0.146312 0.459 0.459 0.435
0.444258 -0.114965 0.146638 0.463 0.463 0.439
0.441568 -0.115252 0.146964 0.467 0.467 0.443
0.438347 -0.114700 0.147564 0.471 0.471 0.447
0.435669 -0.114981 0.147890 0.482 0.482 0.459
0.432995 -0.115259 0.148216 0.478 0.478 0.455
0.430325 -0.115534 0.148542 0.478 0.482 0.459
0.427660 -0.115808 0.148867 0.482 0.486 0.463
0.425000 -0.116079 0.149193 0.486 0.490 0.467
0.422344 -0.116347 0.149518 0.490 0.494 0.471
0.419693 -0.116614 0.149843 0.494 0.498 0.475
0.417564 -0.117723 0.149895 0.502 0.506 0.482
0.414919 -0.117985 0.150220 0.506 0.510 0.486
0.412792 -0.119094 0.150272 0.498 0.514 0.494
0.410665 -0.120202 0.150323 0.502 0.518 0.498
0.408538 -0.121310 0.150375 0.502 0.518 0.498
0.406410 -0.122418 0.150426 0.498 0.522 0.514
0.404786 -0.124378 0.150205 0.498 0.522 0.514
0.403157 -0.126342 0.149983 0.502 0.525 0.518
0.401524 -0.128307 0.149762 0.506 0.529 0.522
0.399886 -0.130275 0.149541 0.514 0.537 0.529
0.398244 -0.132245 0.149319 0.514 0.537 0.529
0.397088 -0.135076 0.148826 0.518 0.541 0.533
0.395924 -0.137912 0.148332 0.522 0.533 0.529
0.394750 -0.140753 0.147838 0.525 0.537 0.533
0.393567 -0.143599 0.147345 0.510 0.510 0.486
0.392375 -0.146449 0.146852 0.537 0.502 0.475
0.391174 -0.149304 0.146359 0.580 0.502 0.463
0.389486 -0.151298 0.146139 0.533 0.455 0.416
0.387793 -0.153295 0.145919 0.514 0.365 0.337
0.385622 -0.154425 0.145972 0.565 0.455 0.443
0.487035 -0.121452 0.136339 0.439 0.376 0.357
0.483120 -0.120151 0.137224 0.435 0.275 0.243
0.478655 -0.118024 0.138385 0.439 0.267 0.196
0.474770 -0.116707 0.139269 0.451 0.278 0.208
0.471459 -0.116206 0.139876 0.475 0.337 0.235
0.468157 -0.115699 0.140482 0.443 0.337 0.251
0.464864 -0.115187 0.141089 0.471 0.396 0.337
0.461580 -0.114671 0.141695 0.463 0.435 0.369
0.458306 -0.114150 0.142301 0.463 0.435 0.369
0.455040 -0.113624 0.142907 0.455 0.443 0.388
0.452330 -0.113923 0.143236 0.451 0.443 0.396
0.449081 -0.113389 0.143841 0.455 0.459 0.416
0.446382 -0.113681 0.144170 0.455 0.459 0.416
0.443688 -0.113971 0.144498 0.459 0.463 0.420
0.440999 -0.114258 0.144827 0.463 0.467 0.431
0.437779 -0.113709 0.145431 0.467 0.471 0.435
0.435101 -0.113990 0.145759 0.467 0.471 0.435
0.432428 -0.114269 0.146087 0.467 0.471 0.435
0.429759 -0.114546 0.146415 0.475 0.482 0.447
0.427095 -0.114821 0.146743 0.478 0.486 0.451
0.424435 -0.115093 0.147071 0.482 0.490 0.455
0.422301 -0.116204 0.147123 0.486 0.490 0.467
0.419648 -0.116473 0.147450 0.486 0.490 0.467
0.417516 -0.117583 0.147502 0.494 0.498 0.475
0.414870 -0.117848 0.147829 0.494 0.498 0.475
0.412741 -0.118957 0.147881 0.502 0.506 0.482
0.410611 -0.120067 0.147933 0.502 0.506 0.490
0.408481 -0.121176 0.147984 0.506 0.510 0.494
0.406352 -0.122285 0.148036 0.510 0.514 0.498
0.404725 -0.124246 0.147812 0.510 0.514 0.498
0.403093 -0.126209 0.147588 0.518 0.518 0.494
0.401955 -0.129029 0.147089 0.522 0.522 0.498
0.400312 -0.130998 0.146866 0.525 0.525 0.502
0.398664 -0.132970 0.146643 0.514 0.518 0.482
0.397012 -0.134943 0.146420 0.522 0.537 0.518
0.395844 -0.137779 0.145921 0.518 0.518 0.494
0.394667 -0.140618 0.145423 0.518 0.518 0.494
0.393480 -0.143463 0.144926 0.533 0.482 0.439
0.392285 -0.146312 0.144428 0.565 0.463 0.404
0.391080 -0.149167 0.143931 0.525 0.365 0.298
0.389866 -0.152026 0.143434 0.518 0.357 0.290
0.388168 -0.154023 0.143212 0.537 0.349 0.290
0.385993 -0.155156 0.143264 0.580 0.455 0.431
0.486449 -0.120429 0.134138 0.467 0.384 0.365
0.482536 -0.119131 0.135029 0.451 0.267 0.216
0.478073 -0.117008 0.136200 0.443 0.251 0.149
0.474751 -0.116514 0.136811 0.451 0.259 0.157
0.470880 -0.115195 0.137702 0.459 0.271 0.141
0.467579 -0.114691 0.138313 0.451 0.263 0.133
0.464287 -0.114181 0.138924 0.451 0.259 0.141
0.461005 -0.113667 0.139535 0.455 0.357 0.278
0.457732 -0.113148 0.140145 0.482 0.384 0.306
0.454467 -0.112625 0.140755 0.478 0.427 0.341
0.451758 -0.112924 0.141086 0.459 0.439 0.369
0.448510 -0.112392 0.141696 0.455 0.443 0.388
0.445812 -0.112685 0.142027 0.463 0.451 0.396
0.443118 -0.112976 0.142358 0.463 0.459 0.400
0.440429 -0.113265 0.142689 0.471 0.463 0.416
0.437211 -0.112717 0.143298 0.471 0.463 0.416
0.434534 -0.113000 0.143628 0.467 0.471 0.420
0.431861 -0.113280 0.143959 0.467 0.471 0.420
0.429193 -0.113558 0.144289 0.478 0.482 0.439
0.426529 -0.113834 0.144619 0.482 0.486 0.443
0.424393 -0.114946 0.144671 0.482 0.486 0.443
0.421736 -0.115218 0.145001 0.486 0.490 0.447
0.419602 -0.116330 0.145053 0.490 0.494 0.451
0.417467 -0.117442 0.145104 0.494 0.502 0.467
0.415333 -0.118553 0.145156 0.494 0.502 0.467
0.413199 -0.119665 0.145208 0.502 0.510 0.475
0.411065 -0.120777 0.145260 0.498 0.502 0.467
0.408931 -0.121888 0.145311 0.498 0.502 0.467
0.406797 -0.123000 0.145363 0.514 0.506 0.475
0.405164 -0.124962 0.145137 0.510 0.494 0.459
0.403528 -0.126927 0.144911 0.518 0.490 0.451
0.402383 -0.129746 0.144408 0.525 0.498 0.459
0.400735 -0.131717 0.144182 0.541 0.502 0.455
0.399082 -0.133690 0.143957 0.525 0.471 0.412
0.397425 -0.135665 0.143732 0.529 0.427 0.376
0.396251 -0.138500 0.143229 0.518 0.365 0.286
0.395068 -0.141341 0.142726 0.502 0.349 0.271
0.393876 -0.144185 0.142224 0.545 0.373 0.263
0.392674 -0.147035 0.141722 0.549 0.357 0.239
0.391464 -0.149890 0.141220 0.549 0.329 0.220
0.389768 -0.151885 0.140996 0.549 0.329 0.220
0.388067 -0.153883 0.140772 0.545 0.325 0.231
0.385889 -0.155017 0.140825 0.616 0.467 0.431
0.486998 -0.121036 0.131373 0.459 0.384 0.369
0.482517 -0.118927 0.132553 0.447 0.275 0.212
0.478054 -0.116810 0.133733 0.443 0.251 0.133
0.474171 -0.115501 0.134630 0.447 0.255 0.137
0.470301 -0.114185 0.135528 0.451 0.255 0.122
0.467001 -0.113682 0.136143 0.455 0.247 0.118
0.463711 -0.113175 0.136759 0.451 0.243 0.114
0.460430 -0.112663 0.137374 0.443 0.235 0.114
0.457157 -0.112146 0.137989 0.451 0.243 0.122
0.453894 -0.111625 0.138604 0.459 0.278 0.157
0.451186 -0.111925 0.138937 0.447 0.302 0.169
0.447939 -0.111395 0.139552 0.443 0.337 0.200
0.445241 -0.111690 0.139885 0.451 0.365 0.227
0.442548 -0.111982 0.140218 0.451 0.365 0.227
0.439860 -0.112271 0.140551 0.459 0.376 0.247
0.437176 -0.112559 0.140884 0.471 0.388 0.259
0.433966 -0.112010 0.141498 0.478 0.404 0.290
0.431294 -0.112291 0.141830 0.475 0.400 0.286
0.429153 -0.113406 0.141882 0.471 0.396 0.298
0.426488 -0.113684 0.142215 0.486 0.396 0.322
0.423827 -0.113959 0.142547 0.486 0.408 0.329
0.421690 -0.115072 0.142599 0.494 0.424 0.337
0.419554 -0.116185 0.142651 0.506 0.435 0.349
0.417418 -0.117298 0.142702 0.490 0.420 0.333
0.415281 -0.118411 0.142754 0.502 0.424 0.337
0.413655 -0.120368 0.142526 0.486 0.388 0.310
0.411516 -0.121482 0.142578 0.463 0.349 0.259
0.409378 -0.122596 0.142630 0.463 0.349 0.259
0.407239 -0.123710 0.142681 0.502 0.369 0.275
0.405601 -0.125674 0.142453 0.514 0.365 0.259
0.403959 -0.127640 0.142225 0.514 0.345 0.247
0.402810 -0.130460 0.141717 0.494 0.325 0.227
0.401156 -0.132432 0.141490 0.498 0.318 0.212
0.399498 -0.134406 0.141262 0.510 0.310 0.196
0.397835 -0.136383 0.141034 0.533 0.318 0.188
0.396656 -0.139218 0.140527 0.545 0.333 0.184
0.395467 -0.142058 0.140020 0.545 0.333 0.184
0.394269 -0.144904 0.139514 0.545 0.333 0.176
0.392581 -0.146893 0.139287 0.557 0.337 0.184
0.391367 -0.149747 0.138781 0.545 0.314 0.173
0.389668 -0.151743 0.138554 0.545 0.314 0.173
0.387964 -0.153741 0.138327 0.545 0.306 0.204
0.386255 -0.155741 0.138101 0.596 0.447 0.404
0.486410 -0.120010 0.129167 0.427 0.392 0.373
0.481932 -0.117906 0.130356 0.404 0.294 0.227
0.478034 -0.116609 0.131261 0.431 0.259 0.133
0.473590 -0.114487 0.132449 0.431 0.259 0.133
0.470280 -0.113993 0.133070 0.447 0.251 0.110
0.466979 -0.113494 0.133690 0.443 0.251 0.098
0.463134 -0.112169 0.134594 0.431 0.227 0.078
0.459854 -0.111659 0.135214 0.439 0.224 0.086
0.456583 -0.111144 0.135833 0.447 0.231 0.094
0.453868 -0.111449 0.136169 0.451 0.255 0.114
0.450613 -0.110926 0.136788 0.443 0.271 0.110
0.447910 -0.111226 0.137124 0.451 0.286 0.122
0.445210 -0.111522 0.137460 0.451 0.306 0.129
0.442516 -0.111817 0.137795 0.459 0.314 0.137
0.439291 -0.111278 0.138414 0.459 0.314 0.137
0.436608 -0.111566 0.138749 0.459 0.318 0.129
0.433929 -0.111852 0.139084 0.475 0.345 0.188
0.431255 -0.112136 0.139419 0.459 0.329 0.173
0.429112 -0.113252 0.139471 0.463 0.318 0.184
0.426445 -0.113532 0.139806 0.463 0.306 0.204
0.423783 -0.113810 0.140140 0.475 0.325 0.220
0.421644 -0.114924 0.140192 0.482 0.337 0.220
0.419505 -0.116038 0.140244 0.490 0.345 0.227
0.417366 -0.117152 0.140296 0.498 0.353 0.227
0.415228 -0.118266 0.140348 0.490 0.345 0.220
0.413599 -0.120224 0.140117 0.494 0.341 0.220
0.411458 -0.121339 0.140169 0.502 0.337 0.212
0.409822 -0.123300 0.139938 0.502 0.337 0.212
0.407679 -0.124417 0.139990 0.518 0.349 0.204
0.406036 -0.126381 0.139760 0.518 0.345 0.184
0.404389 -0.128349 0.139530 0.533 0.325 0.188
0.402737 -0.130318 0.139300 0.502 0.294 0.157
0.401081 -0.132290 0.139070 0.518 0.294 0.161
0.399911 -0.135118 0.138558 0.525 0.294 0.153
0.398243 -0.137096 0.138328 0.537 0.310 0.149
0.396571 -0.139076 0.138099 0.549 0.322 0.153
0.395379 -0.141915 0.137587 0.557 0.329 0.161
0.394177 -0.144760 0.137076 0.533 0.306 0.137
0.392967 -0.147609 0.136565 0.549 0.314 0.157
0.391269 -0.149602 0.136336 0.549 0.302 0.149
0.390042 -0.152459 0.135826 0.549 0.302 0.149
0.388333 -0.154459 0.135597 0.549 0.306 0.196
0.386148 -0.155597 0.135650 0.612 0.455 0.404
0.486390 -0.119798 0.126675 0.443 0.412 0.400
0.481911 -0.117699 0.127873 0.349 0.275 0.216
0.478013 -0.116406 0.128785 0.384 0.255 0.149
0.473569 -0.114290 0.129982 0.392 0.263 0.157
0.469700 -0.112981 0.130893 0.431 0.255 0.114
0.466401 -0.112484 0.131518 0.439 0.247 0.094
0.463110 -0.111983 0.132143 0.439 0.227 0.078
0.459829 -0.111476 0.132767 0.435 0.220 0.082
0.456557 -0.110965 0.133392 0.439 0.224 0.086
0.453841 -0.111272 0.133730 0.455 0.251 0.102
0.450585 -0.110752 0.134354 0.451 0.267 0.102
0.447879 -0.111054 0.134692 0.443 0.271 0.102
0.445178 -0.111353 0.135030 0.463 0.302 0.118
0.442482 -0.111649 0.135367 0.467 0.306 0.122
0.439256 -0.111114 0.135990 0.455 0.302 0.110
0.436571 -0.111405 0.136328 0.463 0.302 0.110
0.433891 -0.111693 0.136665 0.463 0.294 0.106
0.431216 -0.111979 0.137003 0.459 0.290 0.102
0.428545 -0.112262 0.137340 0.471 0.302 0.122
0.426401 -0.113379 0.137392 0.467 0.282 0.125
0.423737 -0.113658 0.137729 0.471 0.275 0.133
0.421596 -0.114774 0.137781 0.478 0.286 0.133
0.419455 -0.115889 0.137833 0.490 0.298 0.145
0.417314 -0.117004 0.137885 0.502 0.314 0.141
0.415173 -0.118119 0.137937 0.502 0.314 0.133
0.413541 -0.120077 0.137704 0.506 0.318 0.137
0.411398 -0.121194 0.137756 0.518 0.329 0.141
0.409759 -0.123155 0.137523 0.522 0.333 0.145
0.408116 -0.125119 0.137290 0.522 0.337 0.137
0.406468 -0.127085 0.137058 0.518 0.318 0.102
0.404816 -0.129053 0.136825 0.525 0.314 0.122
0.403159 -0.131024 0.136593 0.494 0.282 0.090
0.401497 -0.132997 0.136361 0.518 0.259 0.102
0.399831 -0.134973 0.136129 0.541 0.278 0.122
0.398160 -0.136951 0.135897 0.541 0.306 0.133
0.396971 -0.139786 0.135381 0.557 0.325 0.141
0.395289 -0.141770 0.135149 0.553 0.322 0.137
0.394084 -0.144614 0.134634 0.529 0.275 0.098
0.392870 -0.147462 0.134118 0.541 0.267 0.106
0.391647 -0.150314 0.133603 0.553 0.290 0.133
0.389939 -0.152312 0.133372 0.553 0.290 0.133
0.388227 -0.154311 0.133141 0.557 0.302 0.188
0.386040 -0.155450 0.133194 0.580 0.404 0.353
0.481889 -0.117490 0.125385 0.333 0.310 0.259
0.477429 -0.115388 0.126592 0.302 0.251 0.157
0.473546 -0.114091 0.127511 0.286 0.235 0.141
0.469678 -0.112786 0.128429 0.263 0.184 0.098
0.466377 -0.112293 0.129058 0.298 0.184 0.102
0.463086 -0.111794 0.129688 0.369 0.216 0.129
0.459803 -0.111291 0.130317 0.404 0.224 0.102
0.456530 -0.110783 0.130945 0.412 0.231 0.110
0.453812 -0.111093 0.131286 0.427 0.251 0.102
0.450555 -0.110576 0.131914 0.443 0.263 0.086
0.447848 -0.110880 0.132255 0.447 0.267 0.082
0.445145 -0.111181 0.132595 0.463 0.282 0.090
0.441911 -0.110653 0.133223 0.467 0.286 0.094
0.439220 -0.110948 0.133563 0.451 0.282 0.086
0.436534 -0.111241 0.133903 0.451 0.271 0.078
0.433852 -0.111531 0.134242 0.463 0.282 0.090
0.431175 -0.111819 0.134582 0.463 0.282 0.090
0.428502 -0.112105 0.134922 0.490 0.310 0.118
0.426356 -0.113223 0.134974 0.467 0.286 0.094
0.423690 -0.113505 0.135313 0.475 0.275 0.098
0.421547 -0.114621 0.135365 0.486 0.278 0.102
0.419404 -0.115738 0.135417 0.486 0.278 0.102
0.417260 -0.116854 0.135469 0.510 0.302 0.118
0.415117 -0.117970 0.135521 0.514 0.310 0.106
0.413482 -0.119928 0.135286 0.514 0.318 0.114
0.411337 -0.121046 0.135338 0.525 0.333 0.118
0.409695 -0.123007 0.135103 0.525 0.333 0.118
0.408049 -0.124971 0.134868 0.518 0.325 0.102
0.406398 -0.126938 0.134633 0.514 0.306 0.086
0.404743 -0.128906 0.134399 0.529 0.302 0.098
0.403083 -0.130877 0.134164 0.502 0.275 0.071
0.401419 -0.132851 0.133930 0.514 0.255 0.078
0.399750 -0.134827 0.133696 0.541 0.278 0.114
0.398076 -0.136805 0.133461 0.549 0.306 0.125
0.396884 -0.139639 0.132941 0.549 0.318 0.125
0.395199 -0.141623 0.132707 0.525 0.294 0.102
0.393990 -0.144465 0.132187 0.533 0.263 0.082
0.392772 -0.147312 0.131667 0.537 0.255 0.098
0.391546 -0.150164 0.131147 0.553 0.278 0.125
0.389835 -0.152162 0.130914 0.553 0.278 0.125
0.388120 -0.154161 0.130681 0.565 0.298 0.180
0.385931 -0.155302 0.130734 0.592 0.412 0.349
0.481303 -0.116467 0.123184 0.314 0.306 0.275
0.477406 -0.115182 0.124109 0.294 0.267 0.192
0.473523 -0.113889 0.125035 0.290 0.263 0.188
0.469654 -0.112589 0.125960 0.255 0.204 0.118
0.466352 -0.112099 0.126594 0.251 0.169 0.110
0.463059 -0.111604 0.127228 0.259 0.145 0.106
0.459776 -0.111104 0.127861 0.306 0.176 0.118
0.456502 -0.110599 0.128495 0.337 0.208 0.149
0.453237 -0.110090 0.129128 0.400 0.251 0.145
0.450524 -0.110398 0.129471 0.412 0.263 0.114
0.447815 -0.110704 0.129813 0.424 0.271 0.086
0.445111 -0.111007 0.130156 0.439 0.278 0.078
0.441876 -0.110482 0.130788 0.447 0.286 0.086
0.439183 -0.110780 0.131131 0.439 0.278 0.078
0.436495 -0.111075 0.131473 0.439 0.271 0.075
0.433811 -0.111367 0.131815 0.463 0.286 0.082
0.431132 -0.111658 0.132157 0.467 0.290 0.086
0.428458 -0.111946 0.132499 0.490 0.314 0.110
0.426310 -0.113065 0.132551 0.463 0.298 0.082
0.423643 -0.113349 0.132893 0.467 0.282 0.082
0.421497 -0.114467 0.132945 0.482 0.278 0.082
0.419351 -0.115584 0.132997 0.482 0.278 0.082
0.417206 -0.116702 0.133049 0.498 0.294 0.098
0.415060 -0.117819 0.133101 0.510 0.306 0.102
0.413422 -0.119777 0.132863 0.514 0.322 0.106
0.411274 -0.120896 0.132915 0.518 0.325 0.094
0.409630 -0.122858 0.132678 0.518 0.325 0.094
0.407981 -0.124822 0.132441 0.506 0.310 0.067
0.406327 -0.126788 0.132204 0.514 0.286 0.067
0.404669 -0.128757 0.131967 0.522 0.271 0.067
0.403006 -0.130728 0.131731 0.510 0.259 0.055
0.401831 -0.133551 0.131205 0.514 0.239 0.051
0.400157 -0.135528 0.130969 0.549 0.282 0.090
0.398478 -0.137507 0.130732 0.553 0.298 0.102
0.396795 -0.139489 0.130496 0.541 0.275 0.082
0.395590 -0.142327 0.129971 0.533 0.267 0.075
0.394375 -0.145170 0.129447 0.537 0.247 0.075
0.393152 -0.148017 0.128922 0.541 0.247 0.094
0.391443 -0.150012 0.128687 0.537 0.255 0.106
0.389730 -0.152010 0.128451 0.537 0.255 0.106
0.388484 -0.154869 0.127927 0.557 0.302 0.180
0.386290 -0.156012 0.127981 0.588 0.408 0.345
0.480716 -0.115444 0.120982 0.424 0.424 0.408
0.476821 -0.114162 0.121915 0.435 0.416 0.400
0.473498 -0.113685 0.122554 0.353 0.333 0.318
0.469628 -0.112390 0.123486 0.169 0.153 0.125
0.466326 -0.111903 0.124125 0.196 0.153 0.125
0.463032 -0.111411 0.124763 0.231 0.176 0.145
0.459748 -0.110914 0.125401 0.231 0.173 0.133
0.456472 -0.110413 0.126039 0.216 0.157 0.118
0.453206 -0.109907 0.126677 0.224 0.153 0.110
0.450491 -0.110217 0.127022 0.216 0.145 0.102
0.447781 -0.110525 0.127367 0.216 0.145 0.102
0.445075 -0.110831 0.127712 0.212 0.145 0.082
0.441839 -0.110309 0.128349 0.227 0.161 0.098
0.439144 -0.110609 0.128694 0.251 0.161 0.086
0.436455 -0.110907 0.129039 0.275 0.165 0.090
0.433769 -0.111202 0.129383 0.329 0.224 0.129
0.431089 -0.111494 0.129727 0.353 0.247 0.153
0.428413 -0.111784 0.130071 0.376 0.275 0.161
0.426263 -0.112904 0.130124 0.373 0.271 0.149
0.423593 -0.113191 0.130468 0.380 0.271 0.153
0.421445 -0.114310 0.130520 0.369 0.239 0.125
0.419298 -0.115429 0.130572 0.373 0.243 0.129
0.417150 -0.116547 0.130624 0.439 0.290 0.184
0.415002 -0.117666 0.130676 0.455 0.322 0.200
0.413361 -0.119624 0.130436 0.459 0.329 0.180
0.411716 -0.121585 0.130197 0.478 0.318 0.133
0.410067 -0.123548 0.129958 0.475 0.314 0.129
0.408412 -0.125513 0.129718 0.490 0.290 0.059
0.406754 -0.127481 0.129479 0.518 0.267 0.055
0.405090 -0.129451 0.129240 0.518 0.263 0.051
0.403422 -0.131424 0.129001 0.506 0.251 0.039
0.401750 -0.133399 0.128763 0.506 0.239 0.047
0.400072 -0.135376 0.128524 0.569 0.302 0.110
0.398391 -0.137355 0.128285 0.569 0.325 0.082
0.397189 -0.140189 0.127756 0.537 0.271 0.071
0.395978 -0.143027 0.127227 0.529 0.263 0.063
0.394278 -0.145016 0.126989 0.537 0.247 0.075
0.393051 -0.147863 0.126460 0.541 0.247 0.094
0.391815 -0.150714 0.125931 0.545 0.251 0.106
0.390096 -0.152713 0.125693 0.545 0.251 0.106
0.388374 -0.154714 0.125456 0.565 0.298 0.188
0.386177 -0.155858 0.125509 0.576 0.396 0.325
0.480692 -0.115231 0.118486 0.408 0.408 0.408
0.477356 -0.114764 0.119130 0.396 0.392 0.392
0.472915 -0.112668 0.120364 0.388 0.384 0.384
0.469602 -0.112189 0.121008 0.384 0.384 0.361
0.466298 -0.111705 0.121651 0.388 0.392 0.349
0.463003 -0.111216 0.122294 0.416 0.400 0.365
0.459718 -0.110723 0.122937 0.267 0.251 0.208
0.456442 -0.110225 0.123579 0.212 0.173 0.125
0.453175 -0.109722 0.124222 0.251 0.200 0.149
0.450458 -0.110035 0.124569 0.239 0.200 0.145
0.447746 -0.110345 0.124917 0.216 0.176 0.129
0.445038 -0.110653 0.125264 0.188 0.145 0.110
0.442335 -0.110959 0.125611 0.204 0.161 0.125
0.439105 -0.110437 0.126253 0.204 0.153 0.102
0.436413 -0.110736 0.126600 0.204 0.145 0.106
0.433726 -0.111034 0.126946 0.200 0.149 0.106
0.431044 -0.111328 0.127293 0.200 0.149 0.106
0.428366 -0.111621 0.127639 0.200 0.141 0.094
0.426214 -0.112742 0.127692 0.200 0.141 0.094
0.423543 -0.113031 0.128038 0.216 0.153 0.125
0.421393 -0.114151 0.128090 0.224 0.149 0.141
0.419243 -0.115271 0.128142 0.243 0.169 0.161
0.417092 -0.116391 0.128194 0.502 0.443 0.396
0.415451 -0.118348 0.127953 0.490 0.443 0.380
0.413299 -0.119469 0.128005 0.494 0.447 0.369
0.411651 -0.121430 0.127763 0.506 0.388 0.263
0.409998 -0.123393 0.127522 0.420 0.302 0.176
0.408341 -0.125359 0.127280 0.490 0.290 0.067
0.406679 -0.127326 0.127039 0.518 0.267 0.055
0.405013 -0.129297 0.126798 0.518 0.263 0.051
0.403342 -0.131269 0.126556 0.502 0.247 0.035
0.401667 -0.133244 0.126315 0.506 0.231 0.043
0.399987 -0.135222 0.126075 0.576 0.310 0.110
0.398788 -0.138051 0.125540 0.561 0.341 0.075
0.397581 -0.140884 0.125006 0.561 0.329 0.067
0.395883 -0.142871 0.124766 0.541 0.310 0.047
0.394659 -0.145713 0.124233 0.525 0.259 0.059
0.393426 -0.148560 0.123699 0.537 0.247 0.082
0.391709 -0.150557 0.123459 0.541 0.247 0.094
0.390461 -0.153412 0.122926 0.541 0.247 0.094
0.388732 -0.155414 0.122687 0.557 0.290 0.180
0.386532 -0.156560 0.122740 0.573 0.392 0.322
0.480666 -0.115015 0.115984 0.408 0.408 0.416
0.476771 -0.113741 0.116931 0.384 0.384 0.384
0.473445 -0.113272 0.117579 0.376 0.376 0.376
0.469574 -0.111985 0.118525 0.376 0.373 0.373
0.466269 -0.111505 0.119173 0.384 0.384 0.361
0.462974 -0.111019 0.119820 0.388 0.392 0.357
0.459687 -0.110529 0.120468 0.380 0.384 0.341
0.456410 -0.110035 0.121115 0.396 0.400 0.357
0.453142 -0.109535 0.121762 0.357 0.349 0.310
0.450423 -0.109850 0.122112 0.329 0.322 0.282
0.447709 -0.110163 0.122462 0.212 0.196 0.169
0.445000 -0.110473 0.122811 0.173 0.145 0.114
0.442296 -0.110781 0.123161 0.212 0.184 0.153
0.439064 -0.110262 0.123807 0.239 0.208 0.161
0.436371 -0.110564 0.124156 0.161 0.145 0.110
0.433682 -0.110863 0.124505 0.216 0.200 0.165
0.430998 -0.111161 0.124854 0.251 0.235 0.200
0.428319 -0.111455 0.125203 0.235 0.212 0.161
0.426164 -0.112578 0.125255 0.200 0.173 0.149
0.423492 -0.112869 0.125604 0.137 0.129 0.165
0.421339 -0.113990 0.125656 0.137 0.118 0.165
0.419186 -0.115111 0.125708 0.208 0.188 0.235
0.417034 -0.116232 0.125760 0.475 0.459 0.431
0.415390 -0.118190 0.125516 0.478 0.463 0.427
0.413741 -0.120149 0.125272 0.478 0.467 0.412
0.411584 -0.121273 0.125325 0.486 0.424 0.333
0.409929 -0.123236 0.125081 0.400 0.337 0.247
0.408269 -0.125202 0.124837 0.471 0.294 0.082
0.406604 -0.127170 0.124594 0.506 0.271 0.043
0.404935 -0.129140 0.124350 0.514 0.259 0.047
0.403754 -0.131957 0.123811 0.498 0.243 0.031
0.402073 -0.133934 0.123568 0.502 0.227 0.039
0.400388 -0.135912 0.123325 0.553 0.278 0.082
0.398698 -0.137894 0.123082 0.565 0.349 0.071
0.397487 -0.140726 0.122544 0.557 0.353 0.051
0.395786 -0.142713 0.122301 0.553 0.349 0.047
0.394559 -0.145554 0.121763 0.514 0.271 0.027
0.393322 -0.148400 0.121225 0.537 0.247 0.075
0.392077 -0.151251 0.120687 0.537 0.243 0.090
0.390350 -0.153251 0.120445 0.541 0.247 0.094
0.388619 -0.155254 0.120203 0.549 0.282 0.165
0.386416 -0.156401 0.120257 0.588 0.408 0.329
0.480640 -0.114797 0.113479 0.392 0.416 0.424
0.476743 -0.113528 0.114432 0.369 0.380 0.392
0.473417 -0.113062 0.115085 0.357 0.369 0.380
0.469545 -0.111779 0.116037 0.369 0.369 0.376
0.466239 -0.111302 0.116690 0.369 0.369 0.369
0.462943 -0.110820 0.117342 0.365 0.365 0.365
0.459655 -0.110334 0.117994 0.337 0.337 0.345
0.456377 -0.109842 0.118646 0.341 0.341 0.349
0.453107 -0.109346 0.119298 0.365 0.369 0.353
0.450387 -0.109663 0.119650 0.357 0.361 0.337
0.447672 -0.109978 0.120002 0.376 0.384 0.349
0.444961 -0.110291 0.120354 0.376 0.380 0.337
0.442255 -0.110601 0.120706 0.380 0.384 0.341
0.439553 -0.110908 0.121057 0.384 0.388 0.345
0.436856 -0.111214 0.121409 0.392 0.400 0.357
0.434163 -0.111517 0.121760 0.435 0.443 0.392
0.431475 -0.111817 0.122112 0.255 0.259 0.208
0.428792 -0.112115 0.122463 0.224 0.216 0.169
0.426113 -0.112411 0.122814 0.196 0.188 0.149
0.423956 -0.113535 0.122866 0.180 0.180 0.180
0.421284 -0.113827 0.123217 0.208 0.204 0.212
0.419129 -0.114949 0.123270 0.400 0.396 0.404
0.417485 -0.116905 0.123023 0.478 0.463 0.435
0.415327 -0.118029 0.123076 0.482 0.467 0.431
0.413676 -0.119989 0.122829 0.490 0.475 0.431
0.411517 -0.121114 0.122882 0.498 0.443 0.369
0.409858 -0.123077 0.122636 0.404 0.349 0.275
0.408195 -0.125043 0.122390 0.463 0.306 0.086
0.406528 -0.127011 0.122144 0.506 0.271 0.035
0.405350 -0.129824 0.121600 0.514 0.259 0.047
0.403671 -0.131798 0.121355 0.498 0.243 0.031
0.401987 -0.133774 0.121109 0.502 0.227 0.039
0.400299 -0.135753 0.120864 0.537 0.263 0.067
0.399092 -0.138581 0.120321 0.561 0.329 0.067
0.397392 -0.140566 0.120076 0.565 0.361 0.059
0.396168 -0.143403 0.119533 0.557 0.353 0.051
0.394935 -0.146244 0.118991 0.518 0.275 0.024
0.393217 -0.148238 0.118746 0.537 0.251 0.067
0.391969 -0.151088 0.118204 0.537 0.243 0.090
0.390239 -0.153088 0.117960 0.541 0.247 0.094
0.388505 -0.155091 0.117716 0.553 0.286 0.169
0.386300 -0.156240 0.117769 0.592 0.412 0.333
0.480052 -0.113771 0.111270 0.392 0.416 0.424
0.476715 -0.113313 0.111928 0.361 0.384 0.392
0.473387 -0.112850 0.112586 0.353 0.376 0.384
0.469515 -0.111572 0.113545 0.373 0.373 0.380
0.466208 -0.111098 0.114202 0.369 0.369 0.376
0.462910 -0.110619 0.114859 0.357 0.357 0.365
0.459622 -0.110136 0.115516 0.337 0.337 0.345
0.456342 -0.109648 0.116173 0.341 0.341 0.349
0.453614 -0.109971 0.116527 0.349 0.349 0.349
0.450890 -0.110292 0.116882 0.341 0.341 0.341
0.447633 -0.109791 0.117538 0.357 0.361 0.337
0.444920 -0.110106 0.117892 0.365 0.369 0.345
0.442212 -0.110419 0.118246 0.369 0.373 0.349
0.439509 -0.110728 0.118600 0.380 0.384 0.361
0.436810 -0.111036 0.118954 0.392 0.396 0.373
0.434116 -0.111341 0.119308 0.400 0.404 0.380
0.431426 -0.111644 0.119662 0.408 0.412 0.388
0.428741 -0.111944 0.120015 0.420 0.427 0.392
0.426061 -0.112242 0.120369 0.408 0.416 0.380
0.423901 -0.113367 0.120421 0.412 0.416 0.392
0.421742 -0.114492 0.120473 0.420 0.435 0.416
0.419582 -0.115617 0.120526 0.424 0.439 0.420
0.417423 -0.116742 0.120578 0.455 0.459 0.443
0.415264 -0.117866 0.120630 0.447 0.463 0.443
0.413609 -0.119826 0.120382 0.431 0.447 0.420
0.411448 -0.120952 0.120434 0.490 0.455 0.373
0.409786 -0.122916 0.120186 0.404 0.369 0.286
0.408121 -0.124882 0.119938 0.486 0.341 0.110
0.406450 -0.126850 0.119690 0.506 0.294 0.031
0.405269 -0.129662 0.119142 0.514 0.259 0.047
0.403587 -0.131636 0.118894 0.498 0.243 0.031
0.401900 -0.133613 0.118646 0.502 0.227 0.039
0.400696 -0.136436 0.118099 0.525 0.251 0.063
0.398998 -0.138419 0.117851 0.529 0.259 0.043
0.397296 -0.140404 0.117604 0.561 0.314 0.063
0.396069 -0.143239 0.117057 0.573 0.325 0.075
0.394832 -0.146080 0.116510 0.529 0.282 0.039
0.393587 -0.148925 0.115963 0.537 0.251 0.059
0.391859 -0.150923 0.115716 0.533 0.255 0.078
0.390127 -0.152924 0.115470 0.541 0.263 0.086
0.388390 -0.154927 0.115224 0.549 0.286 0.157
0.386182 -0.156077 0.115277 0.592 0.412 0.341
0.480023 -0.113550 0.108758 0.400 0.412 0.424
0.476685 -0.113095 0.109420 0.369 0.380 0.392
0.473356 -0.112635 0.110082 0.365 0.376 0.388
0.470037 -0.112171 0.110745 0.361 0.373 0.384
0.466726 -0.111702 0.111406 0.361 0.373 0.384
0.463425 -0.111227 0.112068 0.345 0.357 0.361
0.460133 -0.110749 0.112729 0.333 0.345 0.349
0.456850 -0.110265 0.113390 0.337 0.349 0.353
0.453576 -0.109777 0.114051 0.341 0.353 0.357
0.450851 -0.110099 0.114408 0.337 0.349 0.345
0.448129 -0.110420 0.114765 0.333 0.345 0.341
0.444879 -0.109920 0.115425 0.353 0.353 0.353
0.442169 -0.110234 0.115782 0.357 0.357 0.357
0.439464 -0.110546 0.116138 0.376 0.376 0.384
0.436763 -0.110856 0.116495 0.361 0.373 0.376
0.434067 -0.111164 0.116851 0.361 0.373 0.376
0.431376 -0.111469 0.117207 0.361 0.373 0.376
0.428689 -0.111771 0.117563 0.384 0.396 0.400
0.426007 -0.112072 0.117918 0.376 0.388 0.384
0.423845 -0.113198 0.117971 0.361 0.384 0.392
0.421684 -0.114324 0.118023 0.369 0.388 0.408
0.419522 -0.115450 0.118076 0.376 0.396 0.416
0.417360 -0.116576 0.118128 0.380 0.408 0.424
0.415199 -0.117702 0.118181 0.384 0.412 0.427
0.413541 -0.119662 0.117930 0.376 0.400 0.408
0.411880 -0.121624 0.117679 0.475 0.447 0.373
0.410213 -0.123589 0.117429 0.396 0.369 0.294
0.408542 -0.125556 0.117179 0.502 0.357 0.125
0.406867 -0.127526 0.116929 0.525 0.314 0.051
0.405186 -0.129498 0.116679 0.506 0.251 0.039
0.403992 -0.132313 0.116126 0.498 0.243 0.031
0.402301 -0.134291 0.115876 0.502 0.227 0.039
0.400604 -0.136272 0.115626 0.518 0.243 0.055
0.398904 -0.138254 0.115377 0.533 0.247 0.047
0.397198 -0.140239 0.115127 0.553 0.267 0.067
0.395968 -0.143074 0.114576 0.553 0.267 0.067
0.394728 -0.145914 0.114024 0.537 0.263 0.059
0.393479 -0.148758 0.113473 0.537 0.251 0.059
0.391748 -0.150756 0.113224 0.533 0.255 0.078
0.390013 -0.152757 0.112975 0.541 0.263 0.086
0.388741 -0.155613 0.112425 0.549 0.286 0.137
0.386529 -0.156765 0.112478 0.588 0.408 0.337
0.479993 -0.113327 0.106240 0.420 0.420 0.427
0.477211 -0.113681 0.106601 0.369 0.380 0.392
0.473879 -0.113226 0.107268 0.361 0.373 0.384
0.470004 -0.111958 0.108241 0.357 0.369 0.380
0.466692 -0.111492 0.108908 0.349 0.361 0.373
0.463390 -0.111021 0.109574 0.349 0.361 0.365
0.460097 -0.110545 0.110240 0.337 0.349 0.353
0.456813 -0.110065 0.110906 0.345 0.357 0.361
0.453538 -0.109580 0.111571 0.341 0.353 0.357
0.450810 -0.109905 0.111930 0.341 0.353 0.357
0.448088 -0.110228 0.112289 0.345 0.357 0.361
0.445369 -0.110548 0.112648 0.349 0.361 0.365
0.442656 -0.110867 0.113007 0.349 0.361 0.365
0.439418 -0.110362 0.113672 0.365 0.376 0.388
0.436715 -0.110674 0.114031 0.349 0.361 0.373
0.434018 -0.110984 0.114389 0.365 0.376 0.388
0.431847 -0.112115 0.114442 0.365 0.376 0.388
0.429156 -0.112421 0.114800 0.369 0.380 0.392
0.426470 -0.112725 0.115158 0.376 0.388 0.384
0.424304 -0.113853 0.115211 0.357 0.380 0.388
0.422137 -0.114981 0.115263 0.365 0.392 0.408
0.419971 -0.116110 0.115316 0.373 0.400 0.416
0.417805 -0.117238 0.115368 0.373 0.400 0.416
0.415639 -0.118367 0.115421 0.404 0.435 0.439
0.413472 -0.119495 0.115473 0.400 0.412 0.408
0.411808 -0.121457 0.115221 0.455 0.420 0.353
0.410138 -0.123422 0.114968 0.357 0.322 0.255
0.408464 -0.125390 0.114715 0.490 0.329 0.137
0.406786 -0.127359 0.114463 0.533 0.322 0.067
0.405103 -0.129332 0.114211 0.502 0.251 0.039
0.403905 -0.132146 0.113654 0.490 0.239 0.027
0.402211 -0.134124 0.113402 0.494 0.216 0.039
0.400512 -0.136105 0.113150 0.518 0.227 0.055
0.398808 -0.138088 0.112898 0.525 0.239 0.047
0.397100 -0.140073 0.112646 0.537 0.251 0.059
0.395865 -0.142907 0.112090 0.541 0.255 0.063
0.394622 -0.145745 0.111534 0.545 0.259 0.067
0.393369 -0.148589 0.110978 0.537 0.251 0.059
0.391636 -0.150587 0.110727 0.533 0.255 0.078
0.389898 -0.152588 0.110476 0.545 0.267 0.090
0.388622 -0.155443 0.109921 0.549 0.286 0.157
0.386408 -0.156597 0.109975 0.569 0.388 0.318
0.480520 -0.113905 0.103410 0.455 0.455 0.463
0.477178 -0.113458 0.104082 0.396 0.408 0.412
0.473845 -0.113006 0.104753 0.369 0.380 0.384
0.469969 -0.111743 0.105733 0.337 0.361 0.361
0.466657 -0.111280 0.106404 0.333 0.357 0.365
0.463353 -0.110813 0.107075 0.337 0.361 0.369
0.460059 -0.110340 0.107746 0.337 0.361 0.369
0.456774 -0.109863 0.108416 0.329 0.353 0.361
0.453498 -0.109381 0.109086 0.341 0.365 0.365
0.450769 -0.109709 0.109448 0.333 0.357 0.357
0.448045 -0.110034 0.109809 0.333 0.357 0.357
0.445325 -0.110357 0.110171 0.337 0.361 0.361
0.442609 -0.110677 0.110532 0.337 0.361 0.361
0.439370 -0.110176 0.111201 0.349 0.373 0.380
0.436666 -0.110490 0.111562 0.349 0.373 0.380
0.433967 -0.110802 0.111923 0.349 0.373 0.380
0.431794 -0.111934 0.111975 0.357 0.380 0.388
0.429101 -0.112243 0.112336 0.369 0.392 0.400
0.426413 -0.112549 0.112697 0.384 0.408 0.408
0.424245 -0.113678 0.112749 0.373 0.404 0.408
0.422076 -0.114808 0.112802 0.361 0.392 0.396
0.419908 -0.115937 0.112854 0.373 0.404 0.408
0.417739 -0.117067 0.112907 0.420 0.451 0.455
0.415571 -0.118196 0.112960 0.439 0.471 0.467
0.413402 -0.119326 0.113012 0.459 0.471 0.467
0.411734 -0.121289 0.112757 0.522 0.475 0.412
0.410062 -0.123254 0.112502 0.353 0.306 0.243
0.408385 -0.125221 0.112248 0.475 0.290 0.133
0.406704 -0.127191 0.111993 0.510 0.294 0.059
0.405018 -0.129163 0.111738 0.502 0.251 0.039
0.403817 -0.131977 0.111177 0.490 0.239 0.027
0.402120 -0.133955 0.110923 0.482 0.204 0.027
0.400417 -0.135936 0.110669 0.522 0.220 0.051
0.398711 -0.137919 0.110415 0.529 0.231 0.051
0.397000 -0.139904 0.110161 0.533 0.235 0.055
0.395284 -0.141892 0.109907 0.545 0.247 0.059
0.394039 -0.144729 0.109346 0.537 0.263 0.067
0.392785 -0.147570 0.108786 0.529 0.255 0.059
0.391522 -0.150416 0.108226 0.533 0.263 0.082
0.389782 -0.152417 0.107973 0.541 0.271 0.090
0.388502 -0.155271 0.107413 0.557 0.294 0.157
0.386286 -0.156426 0.107467 0.565 0.384 0.314
0.480487 -0.113677 0.100881 0.439 0.439 0.439
0.477144 -0.113233 0.101558 0.251 0.275 0.282
0.473810 -0.112785 0.102234 0.302 0.325 0.333
0.469934 -0.111525 0.103221 0.353 0.396 0.396
0.466620 -0.111066 0.103896 0.365 0.396 0.392
0.463316 -0.110602 0.104572 0.345 0.376 0.373
0.460020 -0.110133 0.105247 0.329 0.361 0.357
0.456734 -0.109659 0.105922 0.329 0.361 0.357
0.453457 -0.109181 0.106597 0.333 0.357 0.365
0.450726 -0.109510 0.106961 0.333 0.357 0.365
0.448000 -0.109838 0.107324 0.333 0.357 0.365
0.445279 -0.110163 0.107688 0.329 0.353 0.361
0.442562 -0.110485 0.108052 0.333 0.357 0.365
0.439321 -0.109988 0.108726 0.353 0.376 0.384
0.436616 -0.110304 0.109089 0.349 0.373 0.380
0.433915 -0.110618 0.109452 0.353 0.376 0.384
0.431739 -0.111752 0.109505 0.361 0.384 0.392
0.429045 -0.112062 0.109868 0.369 0.392 0.400
0.426356 -0.112370 0.110231 0.384 0.408 0.416
0.424185 -0.113501 0.110283 0.376 0.408 0.412
0.422014 -0.114632 0.110336 0.376 0.408 0.412
0.419843 -0.115763 0.110388 0.384 0.416 0.420
0.417672 -0.116893 0.110441 0.416 0.447 0.451
0.415501 -0.118024 0.110494 0.404 0.435 0.439
0.413330 -0.119155 0.110546 0.392 0.416 0.424
0.411660 -0.121118 0.110289 0.522 0.471 0.420
0.409985 -0.123083 0.110032 0.341 0.290 0.239
0.408305 -0.125051 0.109775 0.475 0.286 0.141
0.406621 -0.127021 0.109518 0.510 0.286 0.055
0.404932 -0.128993 0.109262 0.502 0.255 0.031
0.403727 -0.131806 0.108695 0.494 0.247 0.024
0.402027 -0.133784 0.108439 0.486 0.212 0.024
0.400322 -0.135765 0.108183 0.518 0.216 0.047
0.398613 -0.137748 0.107926 0.525 0.224 0.055
0.396899 -0.139734 0.107670 0.533 0.235 0.055
0.395657 -0.142566 0.107105 0.545 0.247 0.067
0.394407 -0.145402 0.106540 0.553 0.278 0.075
0.393147 -0.148244 0.105975 0.537 0.271 0.063
0.391878 -0.151090 0.105411 0.537 0.271 0.078
0.390132 -0.153092 0.105155 0.541 0.275 0.082
0.388382 -0.155097 0.104900 0.569 0.306 0.169
0.386163 -0.156253 0.104954 0.584 0.404 0.325
0.481010 -0.114248 0.098034 0.435 0.435 0.435
0.477109 -0.113006 0.099029 0.247 0.271 0.278
0.473773 -0.112561 0.099710 0.294 0.318 0.325
0.469897 -0.111306 0.100704 0.263 0.302 0.314
0.466582 -0.110850 0.101384 0.294 0.333 0.345
0.463277 -0.110389 0.102064 0.365 0.408 0.408
0.459980 -0.109924 0.102744 0.357 0.388 0.384
0.456693 -0.109453 0.103423 0.353 0.384 0.380
0.453415 -0.108978 0.104103 0.337 0.349 0.345
0.450683 -0.109310 0.104469 0.325 0.349 0.349
0.447955 -0.109639 0.104835 0.329 0.353 0.353
0.445231 -0.109967 0.105201 0.329 0.353 0.361
0.442513 -0.110291 0.105567 0.329 0.353 0.361
0.439271 -0.109797 0.106245 0.341 0.365 0.373
0.436564 -0.110116 0.106611 0.353 0.376 0.384
0.434384 -0.111252 0.106664 0.349 0.373 0.380
0.431684 -0.111567 0.107029 0.361 0.384 0.392
0.428988 -0.111880 0.107395 0.361 0.384 0.392
0.426812 -0.113013 0.107447 0.353 0.384 0.388
0.424637 -0.114146 0.107500 0.365 0.392 0.408
0.421950 -0.114454 0.107865 0.361 0.388 0.404
0.419777 -0.115586 0.107918 0.376 0.404 0.420
0.418111 -0.117545 0.107658 0.400 0.427 0.443
0.415935 -0.118679 0.107711 0.388 0.420 0.424
0.413760 -0.119812 0.107764 0.373 0.404 0.400
0.411584 -0.120945 0.107817 0.467 0.416 0.365
0.409906 -0.122910 0.107557 0.341 0.290 0.239
0.408224 -0.124878 0.107298 0.475 0.286 0.141
0.406537 -0.126848 0.107039 0.518 0.302 0.067
0.404845 -0.128821 0.106780 0.506 0.286 0.035
0.403637 -0.131632 0.106210 0.482 0.263 0.012
0.401933 -0.133611 0.105951 0.494 0.227 0.027
0.400226 -0.135592 0.105692 0.510 0.224 0.039
0.398513 -0.137575 0.105434 0.518 0.220 0.039
0.396796 -0.139561 0.105176 0.533 0.247 0.055
0.395551 -0.142392 0.104606 0.549 0.263 0.071
0.394298 -0.145228 0.104036 0.549 0.282 0.075
0.393034 -0.148068 0.103467 0.541 0.275 0.067
0.391762 -0.150914 0.102898 0.529 0.275 0.078
0.390013 -0.152916 0.102640 0.533 0.278 0.082
0.388259 -0.154921 0.102383 0.557 0.306 0.173
0.386501 -0.156928 0.102126 0.580 0.408 0.329
0.480974 -0.114014 0.095494 0.431 0.443 0.439
0.477626 -0.113578 0.096180 0.388 0.388 0.365
0.473736 -0.112335 0.097181 0.376 0.376 0.353
0.470409 -0.111888 0.097866 0.314 0.318 0.282
0.466543 -0.110632 0.098867 0.282 0.294 0.290
0.463237 -0.110174 0.099552 0.212 0.251 0.271
0.459939 -0.109712 0.100236 0.408 0.439 0.427
0.456651 -0.109245 0.100920 0.380 0.412 0.400
0.453372 -0.108773 0.101604 0.408 0.412 0.388
0.450638 -0.109107 0.101973 0.408 0.412 0.388
0.447908 -0.109439 0.102341 0.396 0.400 0.376
0.445183 -0.109768 0.102710 0.392 0.408 0.388
0.442463 -0.110096 0.103078 0.388 0.404 0.384
0.439220 -0.109605 0.103761 0.365 0.388 0.380
0.436511 -0.109926 0.104129 0.353 0.384 0.380
0.434329 -0.111062 0.104182 0.361 0.392 0.380
0.431627 -0.111380 0.104550 0.365 0.396 0.384
0.428929 -0.111695 0.104917 0.365 0.388 0.396
0.426752 -0.112829 0.104970 0.349 0.380 0.384
0.424574 -0.113964 0.105023 0.365 0.392 0.408
0.422396 -0.115098 0.105076 0.365 0.392 0.408
0.420218 -0.116232 0.105128 0.373 0.400 0.416
0.418041 -0.117367 0.105181 0.388 0.416 0.431
0.415863 -0.118501 0.105234 0.408 0.435 0.451
0.413685 -0.119635 0.105287 0.471 0.498 0.475
0.411507 -0.120770 0.105340 0.510 0.459 0.408
0.409827 -0.122735 0.105078 0.333 0.282 0.231
0.408141 -0.124703 0.104817 0.478 0.290 0.145
0.406451 -0.126673 0.104555 0.510 0.306 0.059
0.404756 -0.128646 0.104294 0.514 0.294 0.043
0.403545 -0.131457 0.103719 0.486 0.267 0.016
0.401839 -0.133436 0.103458 0.490 0.239 0.016
0.400128 -0.135417 0.103197 0.502 0.227 0.031
0.398413 -0.137400 0.102937 0.514 0.227 0.035
0.397171 -0.140227 0.102362 0.541 0.275 0.067
0.395444 -0.142216 0.102102 0.549 0.282 0.075
0.394187 -0.145051 0.101528 0.533 0.278 0.067
0.392920 -0.147890 0.100954 0.525 0.271 0.059
0.391645 -0.150735 0.100381 0.529 0.275 0.078
0.389893 -0.152737 0.100121 0.533 0.282 0.149
0.388136 -0.154742 0.099861 0.557 0.306 0.173
0.385912 -0.155901 0.099915 0.588 0.416 0.337
0.480937 -0.113779 0.092950 0.431 0.443 0.439
0.477588 -0.113346 0.093640 0.404 0.404 0.380
0.473697 -0.112107 0.094648 0.384 0.384 0.361
0.470369 -0.111664 0.095338 0.353 0.345 0.298
0.466503 -0.110411 0.096345 0.349 0.345 0.286
0.463195 -0.109957 0.097035 0.224 0.247 0.239
0.459897 -0.109498 0.097724 0.384 0.420 0.392
0.456607 -0.109034 0.098413 0.365 0.400 0.373
0.453327 -0.108566 0.099101 0.396 0.424 0.392
0.450591 -0.108902 0.099472 0.412 0.416 0.392
0.447860 -0.109236 0.099843 0.412 0.416 0.392
0.445133 -0.109568 0.100213 0.239 0.263 0.271
0.442411 -0.109897 0.100584 0.314 0.337 0.345
0.439168 -0.109410 0.101272 0.290 0.337 0.353
0.436457 -0.109733 0.101642 0.302 0.357 0.373
0.434273 -0.110871 0.101695 0.357 0.400 0.400
0.431569 -0.111191 0.102065 0.408 0.439 0.443
0.428870 -0.111508 0.102435 0.408 0.439 0.443
0.426690 -0.112644 0.102488 0.443 0.467 0.475
0.424510 -0.113779 0.102541 0.424 0.447 0.447
0.422330 -0.114915 0.102594 0.431 0.443 0.439
0.420150 -0.116050 0.102646 0.439 0.451 0.447
0.417970 -0.117186 0.102699 0.451 0.467 0.447
0.415789 -0.118321 0.102752 0.471 0.486 0.467
0.413609 -0.119457 0.102805 0.482 0.486 0.471
0.411928 -0.121421 0.102541 0.557 0.506 0.455
0.410242 -0.123388 0.102278 0.341 0.290 0.239
0.408551 -0.125357 0.102014 0.467 0.298 0.145
0.406856 -0.127329 0.101751 0.510 0.306 0.059
0.405156 -0.129303 0.101487 0.514 0.294 0.043
0.403452 -0.131279 0.101224 0.510 0.290 0.039
0.401743 -0.133258 0.100961 0.510 0.278 0.031
0.400029 -0.135239 0.100698 0.522 0.275 0.043
0.398311 -0.137223 0.100435 0.537 0.290 0.059
0.397066 -0.140048 0.099856 0.545 0.298 0.067
0.395336 -0.142038 0.099593 0.541 0.294 0.063
0.394075 -0.144872 0.099015 0.522 0.275 0.043
0.392805 -0.147711 0.098437 0.529 0.263 0.055
0.391526 -0.150554 0.097859 0.533 0.263 0.082
0.389771 -0.152557 0.097597 0.537 0.286 0.153
0.388011 -0.154562 0.097335 0.557 0.306 0.173
0.385786 -0.155721 0.097389 0.576 0.404 0.325
0.480899 -0.113541 0.090401 0.439 0.451 0.455
0.477549 -0.113111 0.091096 0.404 0.408 0.392
0.473657 -0.111877 0.092111 0.373 0.376 0.361
0.470328 -0.111437 0.092805 0.369 0.376 0.306
0.466462 -0.110189 0.093819 0.333 0.333 0.247
0.463153 -0.109738 0.094513 0.294 0.302 0.239
0.459853 -0.109282 0.095207 0.349 0.380 0.337
0.456563 -0.108822 0.095900 0.337 0.369 0.325
0.453818 -0.109164 0.096274 0.337 0.361 0.353
0.450544 -0.108695 0.096967 0.380 0.380 0.357
0.447811 -0.109032 0.097340 0.431 0.435 0.412
0.445083 -0.109366 0.097713 0.165 0.212 0.227
0.442359 -0.109697 0.098086 0.212 0.259 0.275
0.439640 -0.110026 0.098458 0.208 0.282 0.290
0.436925 -0.110353 0.098831 0.220 0.282 0.314
0.434215 -0.110678 0.099204 0.251 0.290 0.318
0.431510 -0.111000 0.099576 0.290 0.298 0.337
0.428809 -0.111319 0.099948 0.290 0.298 0.337
0.426626 -0.112456 0.100001 0.165 0.188 0.239
0.424444 -0.113593 0.100054 0.345 0.376 0.380
0.422262 -0.114729 0.100107 0.431 0.463 0.451
0.420079 -0.115866 0.100160 0.435 0.467 0.455
0.417897 -0.117003 0.100213 0.447 0.471 0.463
0.415715 -0.118140 0.100266 0.471 0.486 0.467
0.414033 -0.120103 0.100000 0.475 0.490 0.463
0.411848 -0.121241 0.100053 0.549 0.502 0.439
0.410159 -0.123208 0.099787 0.357 0.310 0.247
0.408465 -0.125177 0.099521 0.467 0.306 0.153
0.406767 -0.127149 0.099255 0.506 0.310 0.059
0.405065 -0.129123 0.098990 0.506 0.282 0.043
0.403357 -0.131100 0.098724 0.514 0.278 0.043
0.401645 -0.133079 0.098459 0.518 0.282 0.047
0.399929 -0.135060 0.098194 0.522 0.286 0.051
0.398208 -0.137043 0.097929 0.533 0.298 0.063
0.396959 -0.139868 0.097345 0.537 0.302 0.067
0.395227 -0.141858 0.097080 0.533 0.298 0.063
0.393962 -0.144691 0.096497 0.518 0.271 0.039
0.392689 -0.147529 0.095915 0.522 0.267 0.055
0.391406 -0.150371 0.095332 0.529 0.271 0.086
0.389648 -0.152374 0.095068 0.537 0.286 0.145
0.387886 -0.154379 0.094804 0.561 0.310 0.169
0.386119 -0.156387 0.094540 0.580 0.408 0.329
0.480305 -0.112504 0.088170 0.451 0.463 0.459
0.476956 -0.112077 0.088869 0.392 0.396 0.380
0.473616 -0.111645 0.089568 0.365 0.369 0.353
0.470286 -0.111208 0.090267 0.365 0.376 0.314
0.466419 -0.109964 0.091289 0.329 0.329 0.235
0.463109 -0.109517 0.091987 0.318 0.310 0.235
0.459808 -0.109064 0.092685 0.353 0.361 0.318
0.456517 -0.108607 0.093383 0.357 0.365 0.322
0.453771 -0.108952 0.093759 0.337 0.361 0.353
0.450495 -0.108486 0.094457 0.404 0.404 0.388
0.447761 -0.108825 0.094832 0.435 0.439 0.416
0.445031 -0.109161 0.095208 0.173 0.224 0.220
0.442305 -0.109495 0.095583 0.204 0.255 0.251
0.439584 -0.109826 0.095958 0.200 0.275 0.275
0.436868 -0.110155 0.096333 0.239 0.282 0.282
0.434156 -0.110482 0.096708 0.278 0.290 0.302
0.431449 -0.110806 0.097083 0.294 0.314 0.333
0.428747 -0.111128 0.097457 0.298 0.318 0.337
0.426562 -0.112266 0.097510 0.251 0.290 0.310
0.424377 -0.113404 0.097563 0.329 0.373 0.373
0.422193 -0.114542 0.097616 0.337 0.380 0.380
0.420008 -0.115680 0.097669 0.298 0.341 0.341
0.417824 -0.116818 0.097722 0.329 0.361 0.365
0.416141 -0.118780 0.097454 0.471 0.486 0.467
0.413954 -0.119919 0.097507 0.475 0.490 0.463
0.412264 -0.121885 0.097239 0.545 0.510 0.443
0.410570 -0.123853 0.096970 0.353 0.318 0.251
0.408871 -0.125824 0.096703 0.467 0.306 0.153
0.407168 -0.127797 0.096435 0.502 0.298 0.051
0.405460 -0.129773 0.096167 0.510 0.275 0.039
0.403747 -0.131751 0.095899 0.514 0.278 0.043
0.402030 -0.133731 0.095632 0.522 0.286 0.051
0.400309 -0.135713 0.095364 0.529 0.294 0.059
0.398582 -0.137698 0.095097 0.533 0.298 0.063
0.396851 -0.139686 0.094830 0.537 0.302 0.067
0.395590 -0.142514 0.094242 0.533 0.298 0.063
0.394320 -0.145348 0.093655 0.514 0.267 0.043
0.393041 -0.148186 0.093068 0.529 0.263 0.063
0.391752 -0.151029 0.092481 0.529 0.275 0.078
0.389989 -0.153033 0.092214 0.529 0.290 0.145
0.388222 -0.155039 0.091948 0.561 0.322 0.176
0.386449 -0.157048 0.091682 0.573 0.416 0.322
0.479711 -0.111467 0.085939 0.455 0.455 0.455
0.476363 -0.111042 0.086643 0.404 0.420 0.400
0.473024 -0.110612 0.087346 0.361 0.376 0.357
0.469695 -0.110177 0.088050 0.345 0.361 0.333
0.466920 -0.110538 0.088429 0.384 0.384 0.298
0.463607 -0.110095 0.089132 0.361 0.341 0.255
0.460303 -0.109647 0.089835 0.357 0.365 0.322
0.457008 -0.109195 0.090538 0.365 0.373 0.329
0.453722 -0.108737 0.091240 0.345 0.357 0.353
0.450979 -0.109082 0.091618 0.353 0.376 0.369
0.448240 -0.109424 0.091996 0.416 0.431 0.404
0.445506 -0.109764 0.092374 0.361 0.376 0.357
0.442777 -0.110101 0.092751 0.329 0.345 0.325
0.440052 -0.110436 0.093129 0.329 0.365 0.337
0.437332 -0.110768 0.093506 0.322 0.322 0.298
0.434616 -0.111098 0.093883 0.380 0.365 0.337
0.431905 -0.111426 0.094260 0.314 0.329 0.302
0.429198 -0.111751 0.094638 0.349 0.365 0.337
0.427009 -0.112892 0.094691 0.322 0.357 0.329
0.424820 -0.114032 0.094744 0.357 0.380 0.380
0.422631 -0.115172 0.094797 0.376 0.404 0.420
0.420441 -0.116313 0.094850 0.361 0.388 0.404
0.418252 -0.117453 0.094903 0.435 0.475 0.494
0.416063 -0.118593 0.094956 0.471 0.494 0.494
0.414373 -0.120558 0.094686 0.475 0.490 0.463
0.412181 -0.121699 0.094739 0.529 0.482 0.420
0.410484 -0.123668 0.094468 0.388 0.341 0.278
0.408783 -0.125639 0.094198 0.459 0.310 0.153
0.407076 -0.127612 0.093928 0.498 0.290 0.063
0.405365 -0.129588 0.093658 0.506 0.271 0.043
0.403650 -0.131565 0.093388 0.514 0.278 0.043
0.401930 -0.133546 0.093119 0.518 0.282 0.047
0.400205 -0.135529 0.092849 0.529 0.294 0.059
0.398476 -0.137514 0.092579 0.529 0.294 0.059
0.397218 -0.140338 0.091987 0.541 0.294 0.063
0.395478 -0.142329 0.091718 0.525 0.278 0.047
0.394204 -0.145161 0.091126 0.522 0.271 0.047
0.392921 -0.147998 0.090534 0.522 0.267 0.055
0.391629 -0.150840 0.089943 0.533 0.278 0.082
0.389863 -0.152845 0.089674 0.533 0.306 0.145
0.388555 -0.155695 0.089083 0.565 0.337 0.176
0.386318 -0.156860 0.089137 0.580 0.424 0.322
0.479116 -0.110430 0.083707 0.427 0.424 0.424
0.475770 -0.110007 0.084416 0.424 0.392 0.388
0.472982 -0.110377 0.084797 0.396 0.365 0.361
0.469651 -0.109945 0.085506 0.353 0.341 0.329
0.466874 -0.110309 0.085887 0.384 0.376 0.329
0.463560 -0.109869 0.086594 0.357 0.349 0.259
0.460255 -0.109424 0.087302 0.361 0.357 0.290
0.456959 -0.108975 0.088009 0.376 0.373 0.306
0.454207 -0.109325 0.088390 0.361 0.380 0.341
0.451460 -0.109673 0.088770 0.349 0.373 0.365
0.448187 -0.109212 0.089477 0.404 0.420 0.392
0.445451 -0.109554 0.089857 0.349 0.365 0.337
0.442720 -0.109893 0.090237 0.286 0.302 0.275
0.439993 -0.110230 0.090617 0.255 0.282 0.259
0.437271 -0.110565 0.090996 0.306 0.294 0.275
0.434554 -0.110897 0.091376 0.400 0.373 0.349
0.431841 -0.111227 0.091756 0.349 0.357 0.314
0.429647 -0.112370 0.091809 0.365 0.373 0.329
0.426942 -0.112696 0.092188 0.357 0.396 0.349
0.424750 -0.113838 0.092241 0.376 0.400 0.400
0.422559 -0.114979 0.092294 0.345 0.373 0.388
0.420367 -0.116121 0.092347 0.357 0.384 0.400
0.418176 -0.117262 0.092401 0.310 0.349 0.369
0.416485 -0.119226 0.092128 0.341 0.380 0.392
0.414291 -0.120369 0.092181 0.463 0.490 0.467
0.412593 -0.122336 0.091908 0.522 0.482 0.427
0.410891 -0.124306 0.091636 0.376 0.337 0.282
0.409184 -0.126278 0.091364 0.447 0.306 0.153
0.407473 -0.128253 0.091091 0.502 0.282 0.067
0.405757 -0.130230 0.090819 0.506 0.271 0.043
0.404036 -0.132209 0.090547 0.514 0.278 0.043
0.402311 -0.134191 0.090275 0.518 0.282 0.047
0.400581 -0.136175 0.090004 0.537 0.290 0.059
0.398847 -0.138161 0.089732 0.541 0.294 0.063
0.397108 -0.140150 0.089460 0.537 0.290 0.067
0.395837 -0.142978 0.088864 0.522 0.275 0.051
0.394558 -0.145811 0.088267 0.525 0.271 0.059
0.393269 -0.148648 0.087671 0.529 0.275 0.063
0.391971 -0.151490 0.087075 0.537 0.286 0.082
0.390200 -0.153496 0.086804 0.545 0.329 0.157
0.388424 -0.155504 0.086534 0.569 0.353 0.180
0.386644 -0.157514 0.086263 0.573 0.416 0.314
0.478522 -0.109393 0.081476 0.408 0.404 0.404
0.475727 -0.109767 0.081860 0.416 0.384 0.373
0.472937 -0.110139 0.082244 0.400 0.369 0.357
0.469606 -0.109711 0.082957 0.380 0.341 0.333
0.466827 -0.110077 0.083340 0.384 0.349 0.322
0.463512 -0.109640 0.084052 0.365 0.337 0.263
0.460206 -0.109199 0.084765 0.361 0.349 0.286
0.456909 -0.108753 0.085477 0.396 0.384 0.322
0.454155 -0.109105 0.085859 0.365 0.373 0.329
0.451406 -0.109456 0.086242 0.349 0.365 0.345
0.448132 -0.108998 0.086953 0.408 0.412 0.388
0.445395 -0.109342 0.087336 0.255 0.255 0.231
0.442662 -0.109684 0.087718 0.286 0.286 0.263
0.439934 -0.110023 0.088100 0.275 0.263 0.243
0.437210 -0.110360 0.088482 0.282 0.267 0.239
0.434491 -0.110694 0.088864 0.325 0.286 0.239
0.431777 -0.111027 0.089246 0.329 0.298 0.243
0.429580 -0.112171 0.089299 0.329 0.298 0.243
0.427384 -0.113314 0.089353 0.306 0.298 0.251
0.425188 -0.114458 0.089406 0.322 0.337 0.318
0.422992 -0.115602 0.089459 0.365 0.376 0.380
0.420796 -0.116746 0.089512 0.310 0.322 0.325
0.418600 -0.117890 0.089565 0.388 0.412 0.420
0.416404 -0.119034 0.089619 0.314 0.337 0.345
0.414706 -0.121000 0.089344 0.333 0.345 0.357
0.412507 -0.122145 0.089397 0.514 0.478 0.443
0.410802 -0.124115 0.089123 0.365 0.329 0.294
0.409092 -0.126087 0.088848 0.443 0.298 0.165
0.407378 -0.128062 0.088573 0.498 0.278 0.063
0.405659 -0.130039 0.088299 0.506 0.271 0.043
0.403936 -0.132019 0.088025 0.529 0.298 0.043
0.402207 -0.134000 0.087751 0.529 0.298 0.043
0.400475 -0.135985 0.087477 0.529 0.298 0.043
0.398737 -0.137971 0.087203 0.529 0.298 0.051
0.396996 -0.139960 0.086929 0.537 0.294 0.051
0.395722 -0.142787 0.086328 0.525 0.282 0.039
0.394439 -0.145619 0.085727 0.529 0.278 0.055
0.393146 -0.148455 0.085126 0.533 0.282 0.059
0.391845 -0.151297 0.084526 0.537 0.298 0.082
0.390071 -0.153302 0.084253 0.549 0.341 0.165
0.388292 -0.155311 0.083980 0.569 0.361 0.184
0.386509 -0.157321 0.083707 0.569 0.412 0.310
0.477928 -0.108357 0.079245 0.404 0.400 0.400
0.475134 -0.108732 0.079631 0.373 0.349 0.357
0.472344 -0.109104 0.080017 0.369 0.345 0.353
0.469559 -0.109475 0.080403 0.412 0.353 0.349
0.466779 -0.109843 0.080789 0.412 0.337 0.314
0.463463 -0.109409 0.081506 0.404 0.333 0.290
0.460155 -0.108971 0.082223 0.412 0.353 0.306
0.456857 -0.108529 0.082939 0.443 0.384 0.337
0.454102 -0.108884 0.083324 0.439 0.404 0.369
0.451352 -0.109236 0.083709 0.443 0.416 0.384
0.448076 -0.108781 0.084425 0.439 0.424 0.388
0.445337 -0.109128 0.084810 0.255 0.227 0.196
0.442603 -0.109472 0.085195 0.286 0.259 0.227
0.439873 -0.109813 0.085579 0.306 0.263 0.227
0.437148 -0.110153 0.085964 0.318 0.282 0.247
0.434427 -0.110489 0.086348 0.329 0.298 0.243
0.432226 -0.111636 0.086401 0.322 0.282 0.235
0.429512 -0.111969 0.086785 0.275 0.235 0.188
0.427314 -0.113114 0.086839 0.294 0.278 0.251
0.425116 -0.114259 0.086892 0.337 0.341 0.325
0.422917 -0.115404 0.086945 0.396 0.408 0.404
0.420719 -0.116549 0.086998 0.416 0.427 0.424
0.418520 -0.117694 0.087052 0.396 0.420 0.427
0.416322 -0.118839 0.087105 0.388 0.412 0.420
0.414621 -0.120806 0.086828 0.384 0.396 0.408
0.412915 -0.122775 0.086551 0.510 0.482 0.443
0.410712 -0.123922 0.086604 0.369 0.341 0.302
0.408999 -0.125895 0.086328 0.435 0.302 0.173
0.407282 -0.127869 0.086051 0.502 0.282 0.067
0.405560 -0.129847 0.085774 0.502 0.278 0.039
0.403834 -0.131826 0.085498 0.525 0.306 0.039
0.402103 -0.133808 0.085222 0.525 0.306 0.039
0.400367 -0.135793 0.084945 0.522 0.302 0.035
0.398627 -0.137779 0.084669 0.522 0.290 0.035
0.396882 -0.139768 0.084393 0.533 0.302 0.055
0.395605 -0.142594 0.083788 0.529 0.298 0.051
0.394318 -0.145425 0.083182 0.525 0.278 0.047
0.393023 -0.148261 0.082577 0.533 0.282 0.059
0.391718 -0.151101 0.081972 0.537 0.298 0.082
0.389941 -0.153107 0.081697 0.549 0.341 0.157
0.388620 -0.155956 0.081092 0.569 0.361 0.176
0.386832 -0.157968 0.080817 0.565 0.416 0.310
0.477885 -0.108111 0.076680 0.408 0.404 0.412
0.475090 -0.108489 0.077069 0.369 0.345 0.353
0.472298 -0.108864 0.077457 0.357 0.333 0.341
0.469512 -0.109236 0.077845 0.400 0.333 0.333
0.466730 -0.109606 0.078233 0.416 0.333 0.322
0.463412 -0.109176 0.078955 0.424 0.337 0.306
0.460642 -0.109541 0.079342 0.435 0.349 0.318
0.457340 -0.109102 0.080064 0.447 0.361 0.329
0.454048 -0.108659 0.080785 0.439 0.365 0.349
0.451296 -0.109014 0.081172 0.431 0.369 0.349
0.448019 -0.108563 0.081893 0.451 0.396 0.373
0.445279 -0.108911 0.082280 0.353 0.298 0.267
0.442542 -0.109258 0.082667 0.341 0.286 0.255
0.439811 -0.109602 0.083054 0.337 0.286 0.243
0.437084 -0.109943 0.083440 0.341 0.290 0.247
0.434361 -0.110282 0.083827 0.341 0.290 0.247
0.432158 -0.111430 0.083880 0.278 0.224 0.192
0.429955 -0.112577 0.083934 0.267 0.212 0.180
0.427752 -0.113725 0.083987 0.306 0.263 0.278
0.425549 -0.114872 0.084041 0.337 0.325 0.314
0.423347 -0.116020 0.084094 0.439 0.443 0.420
0.421144 -0.117167 0.084147 0.439 0.443 0.420
0.418941 -0.118315 0.084201 0.451 0.467 0.439
0.416738 -0.119462 0.084254 0.463 0.467 0.443
0.414535 -0.120609 0.084308 0.478 0.478 0.455
0.412826 -0.122578 0.084028 0.522 0.482 0.435
0.411113 -0.124550 0.083749 0.388 0.349 0.302
0.408905 -0.125700 0.083803 0.435 0.302 0.173
0.407185 -0.127675 0.083524 0.506 0.286 0.063
0.405460 -0.129652 0.083245 0.510 0.290 0.039
0.403731 -0.131632 0.082966 0.522 0.310 0.039
0.401997 -0.133614 0.082688 0.529 0.318 0.047
0.400259 -0.135598 0.082409 0.506 0.298 0.016
0.398516 -0.137585 0.082131 0.518 0.286 0.031
0.397241 -0.140407 0.081521 0.537 0.306 0.051
0.395958 -0.143233 0.080911 0.537 0.306 0.051
0.394666 -0.146064 0.080301 0.525 0.282 0.039
0.393364 -0.148900 0.079691 0.525 0.278 0.055
0.391589 -0.150903 0.079414 0.537 0.298 0.082
0.389809 -0.152909 0.079136 0.541 0.333 0.149
0.388485 -0.155757 0.078527 0.561 0.353 0.169
0.386694 -0.157769 0.078250 0.565 0.416 0.310
0.477842 -0.107864 0.074111 0.463 0.459 0.459
0.475044 -0.108244 0.074501 0.380 0.329 0.345
0.472251 -0.108621 0.074892 0.373 0.322 0.337
0.469463 -0.108996 0.075282 0.404 0.337 0.337
0.466679 -0.109368 0.075673 0.388 0.306 0.294
0.463361 -0.108941 0.076399 0.388 0.298 0.286
0.460588 -0.109308 0.076789 0.404 0.302 0.294
0.457286 -0.108873 0.077515 0.439 0.337 0.329
0.453992 -0.108433 0.078241 0.451 0.349 0.341
0.451238 -0.108790 0.078630 0.451 0.349 0.341
0.448489 -0.109145 0.079020 0.451 0.349 0.333
0.445744 -0.109497 0.079409 0.424 0.337 0.306
0.443004 -0.109847 0.079799 0.416 0.329 0.298
0.440269 -0.110194 0.080188 0.408 0.329 0.298
0.437538 -0.110539 0.080577 0.412 0.333 0.302
0.434811 -0.110881 0.080966 0.424 0.345 0.314
0.432089 -0.111222 0.081355 0.424 0.345 0.314
0.429884 -0.112370 0.081408 0.424 0.345 0.314
0.427679 -0.113519 0.081462 0.427 0.345 0.333
0.425474 -0.114668 0.081515 0.439 0.361 0.365
0.423268 -0.115816 0.081569 0.467 0.400 0.400
0.421063 -0.116965 0.081622 0.471 0.404 0.404
0.418858 -0.118114 0.081676 0.471 0.408 0.396
0.416653 -0.119262 0.081729 0.475 0.412 0.400
0.414447 -0.120411 0.081783 0.478 0.404 0.396
0.412736 -0.122380 0.081501 0.482 0.404 0.373
0.411020 -0.124352 0.081220 0.404 0.325 0.294
0.408810 -0.125503 0.081273 0.459 0.318 0.173
0.407087 -0.127478 0.080992 0.506 0.290 0.055
0.405359 -0.129455 0.080711 0.510 0.286 0.047
0.404109 -0.132261 0.080096 0.529 0.310 0.043
0.402370 -0.134245 0.079815 0.533 0.314 0.047
0.400626 -0.136231 0.079534 0.506 0.286 0.020
0.398878 -0.138219 0.079254 0.514 0.271 0.027
0.397598 -0.141041 0.078639 0.545 0.302 0.059
0.396309 -0.143867 0.078025 0.549 0.306 0.063
0.395011 -0.146698 0.077410 0.529 0.286 0.043
0.393238 -0.148700 0.077130 0.525 0.278 0.047
0.391459 -0.150704 0.076851 0.537 0.298 0.082
0.390138 -0.153547 0.076237 0.545 0.329 0.149
0.388808 -0.156395 0.075623 0.557 0.341 0.161
0.386555 -0.157569 0.075678 0.569 0.420 0.322
0.477797 -0.107615 0.071536 0.478 0.467 0.455
0.474997 -0.107996 0.071929 0.396 0.337 0.341
0.472203 -0.108376 0.072322 0.373 0.314 0.318
0.469413 -0.108753 0.072715 0.412 0.337 0.329
0.466627 -0.109128 0.073108 0.408 0.325 0.314
0.463847 -0.109500 0.073501 0.420 0.329 0.318
0.461070 -0.109870 0.073893 0.412 0.310 0.302
0.457764 -0.109439 0.074624 0.431 0.329 0.322
0.454468 -0.109004 0.075354 0.447 0.345 0.337
0.451180 -0.108564 0.076084 0.451 0.349 0.341
0.448429 -0.108921 0.076476 0.451 0.349 0.333
0.445683 -0.109275 0.076868 0.439 0.341 0.314
0.442941 -0.109627 0.077259 0.420 0.322 0.294
0.440203 -0.109977 0.077651 0.373 0.294 0.263
0.437471 -0.110324 0.078042 0.384 0.302 0.290
0.434743 -0.110669 0.078434 0.404 0.322 0.310
0.432533 -0.111820 0.078487 0.412 0.329 0.325
0.429812 -0.112161 0.078878 0.408 0.325 0.322
0.427604 -0.113311 0.078932 0.431 0.349 0.345
0.425397 -0.114461 0.078985 0.451 0.357 0.365
0.423189 -0.115611 0.079039 0.471 0.388 0.384
0.420982 -0.116761 0.079092 0.478 0.396 0.392
0.418774 -0.117911 0.079146 0.478 0.396 0.384
0.416566 -0.119060 0.079199 0.478 0.396 0.384
0.414359 -0.120210 0.079253 0.478 0.396 0.384
0.412644 -0.122179 0.078969 0.478 0.392 0.361
0.410925 -0.124151 0.078686 0.420 0.333 0.302
0.409202 -0.126125 0.078402 0.455 0.325 0.176
0.407473 -0.128102 0.078119 0.510 0.306 0.067
0.405741 -0.130080 0.077836 0.502 0.286 0.043
0.404003 -0.132061 0.077553 0.525 0.314 0.043
0.402261 -0.134045 0.077270 0.529 0.318 0.047
0.400515 -0.136031 0.076987 0.502 0.282 0.016
0.398763 -0.138019 0.076704 0.502 0.251 0.027
0.397480 -0.140840 0.076085 0.533 0.282 0.051
0.396188 -0.143666 0.075466 0.553 0.302 0.071
0.394886 -0.146496 0.074847 0.541 0.310 0.063
0.393110 -0.148498 0.074565 0.541 0.310 0.063
0.391792 -0.151337 0.073947 0.537 0.302 0.075
0.390465 -0.154180 0.073328 0.537 0.322 0.149
0.389129 -0.157028 0.072710 0.553 0.337 0.165
0.386871 -0.158205 0.072765 0.576 0.420 0.325
0.477750 -0.107363 0.068958 0.498 0.486 0.475
0.475497 -0.108537 0.069012 0.431 0.365 0.365
0.472153 -0.108129 0.069748 0.424 0.357 0.357
0.469904 -0.109300 0.069803 0.412 0.329 0.325
0.467115 -0.109678 0.070198 0.396 0.314 0.302
0.464330 -0.110054 0.070593 0.404 0.314 0.302
0.461014 -0.109632 0.071328 0.431 0.329 0.322
0.458241 -0.110001 0.071723 0.439 0.337 0.329
0.454941 -0.109571 0.072458 0.447 0.345 0.337
0.451650 -0.109135 0.073193 0.451 0.349 0.333
0.448895 -0.109496 0.073587 0.451 0.349 0.333
0.445620 -0.109052 0.074321 0.439 0.341 0.314
0.442876 -0.109406 0.074715 0.416 0.318 0.290
0.440137 -0.109758 0.075109 0.349 0.267 0.255
0.437403 -0.110107 0.075503 0.353 0.275 0.286
0.434673 -0.110454 0.075897 0.365 0.286 0.298
0.432461 -0.111607 0.075950 0.396 0.318 0.322
0.430249 -0.112759 0.076004 0.412 0.333 0.337
0.427528 -0.113101 0.076397 0.420 0.345 0.337
0.425318 -0.114252 0.076451 0.443 0.361 0.357
0.423109 -0.115403 0.076505 0.463 0.380 0.376
0.420899 -0.116554 0.076558 0.471 0.388 0.384
0.418689 -0.117705 0.076612 0.486 0.396 0.384
0.416479 -0.118856 0.076665 0.486 0.396 0.384
0.414764 -0.120825 0.076379 0.486 0.396 0.384
0.412552 -0.121977 0.076433 0.471 0.384 0.353
0.410830 -0.123949 0.076147 0.424 0.337 0.306
0.409103 -0.125923 0.075862 0.451 0.329 0.176
0.407372 -0.127899 0.075576 0.510 0.314 0.063
0.405636 -0.129878 0.075291 0.506 0.294 0.039
0.403896 -0.131860 0.075005 0.529 0.298 0.043
0.402151 -0.133843 0.074720 0.518 0.286 0.031
0.400402 -0.135829 0.074435 0.518 0.271 0.027
0.398648 -0.137818 0.074150 0.510 0.247 0.027
0.397361 -0.140638 0.073526 0.533 0.282 0.059
0.396065 -0.143462 0.072903 0.553 0.302 0.078
0.394760 -0.146292 0.072280 0.549 0.314 0.078
0.393445 -0.149126 0.071656 0.545 0.314 0.067
0.391659 -0.151131 0.071372 0.533 0.294 0.078
0.390329 -0.153974 0.070750 0.537 0.322 0.149
0.388989 -0.156821 0.070127 0.553 0.337 0.165
0.387185 -0.158836 0.069843 0.580 0.412 0.322
0.475447 -0.108284 0.066429 0.443 0.384 0.380
0.472647 -0.108669 0.066827 0.420 0.361 0.357
0.469851 -0.109052 0.067224 0.388 0.306 0.302
0.467060 -0.109433 0.067622 0.404 0.322 0.318
0.464274 -0.109810 0.068019 0.416 0.325 0.306
0.460956 -0.109392 0.068759 0.431 0.329 0.314
0.458181 -0.109764 0.069156 0.439 0.337 0.322
0.455411 -0.110133 0.069553 0.447 0.345 0.329
0.452117 -0.109702 0.070292 0.451 0.349 0.333
0.449358 -0.110066 0.070689 0.451 0.349 0.333
0.446079 -0.109627 0.071428 0.443 0.341 0.325
0.443332 -0.109984 0.071824 0.416 0.314 0.298
0.440589 -0.110340 0.072221 0.349 0.267 0.263
0.437851 -0.110692 0.072617 0.345 0.267 0.278
0.435117 -0.111043 0.073013 0.353 0.271 0.298
0.432388 -0.111391 0.073409 0.376 0.310 0.318
0.430173 -0.112545 0.073463 0.384 0.318 0.325
0.427451 -0.112889 0.073858 0.373 0.314 0.310
0.425239 -0.114041 0.073912 0.365 0.306 0.310
0.423027 -0.115194 0.073966 0.396 0.318 0.322
0.420815 -0.116346 0.074019 0.455 0.376 0.380
0.418602 -0.117498 0.074073 0.471 0.388 0.384
0.416390 -0.118650 0.074127 0.478 0.388 0.376
0.414672 -0.120619 0.073838 0.486 0.384 0.376
0.412458 -0.121772 0.073892 0.478 0.380 0.353
0.410733 -0.123744 0.073604 0.431 0.333 0.306
0.409004 -0.125718 0.073316 0.451 0.329 0.176
0.407270 -0.127695 0.073029 0.514 0.322 0.059
0.405531 -0.129674 0.072741 0.518 0.306 0.043
0.403788 -0.131655 0.072453 0.510 0.278 0.024
0.402040 -0.133639 0.072166 0.502 0.271 0.016
0.400288 -0.135625 0.071879 0.522 0.263 0.024
0.399004 -0.138441 0.071250 0.510 0.247 0.027
0.397240 -0.140433 0.070963 0.529 0.278 0.055
0.395941 -0.143257 0.070335 0.545 0.294 0.071
0.394632 -0.146085 0.069707 0.557 0.322 0.086
0.393314 -0.148919 0.069080 0.541 0.306 0.071
0.391987 -0.151757 0.068452 0.533 0.294 0.086
0.390191 -0.153766 0.068166 0.537 0.310 0.149
0.388848 -0.156612 0.067539 0.557 0.329 0.169
0.387496 -0.159463 0.066912 0.596 0.427 0.337
0.475942 -0.108817 0.063496 0.439 0.400 0.392
0.473138 -0.109206 0.063896 0.412 0.373 0.365
0.470339 -0.109592 0.064296 0.380 0.306 0.298
0.467544 -0.109976 0.064696 0.388 0.302 0.310
0.464216 -0.109565 0.065441 0.412 0.322 0.302
0.461432 -0.109943 0.065840 0.431 0.329 0.314
0.458653 -0.110318 0.066240 0.439 0.337 0.322
0.455349 -0.109895 0.066984 0.447 0.345 0.329
0.452053 -0.109468 0.067728 0.447 0.345 0.329
0.449293 -0.109834 0.068127 0.451 0.349 0.333
0.446537 -0.110197 0.068526 0.443 0.341 0.325
0.443785 -0.110558 0.068924 0.416 0.314 0.298
0.441038 -0.110917 0.069323 0.341 0.263 0.267
0.437780 -0.110470 0.070066 0.329 0.259 0.282
0.435044 -0.110823 0.070465 0.341 0.271 0.294
0.432313 -0.111173 0.070863 0.361 0.298 0.318
0.430097 -0.112328 0.070917 0.353 0.290 0.310
0.427373 -0.112675 0.071315 0.337 0.286 0.302
0.425158 -0.113828 0.071369 0.353 0.290 0.310
0.422944 -0.114982 0.071422 0.396 0.325 0.349
0.420729 -0.116135 0.071476 0.400 0.329 0.353
0.418515 -0.117289 0.071530 0.400 0.333 0.341
0.416300 -0.118442 0.071583 0.475 0.384 0.380
0.414580 -0.120411 0.071293 0.486 0.384 0.376
0.412363 -0.121565 0.071347 0.478 0.380 0.353
0.410635 -0.123537 0.071056 0.427 0.329 0.302
0.408903 -0.125512 0.070766 0.455 0.333 0.180
0.407166 -0.127488 0.070476 0.510 0.325 0.055
0.405424 -0.129468 0.070187 0.525 0.314 0.043
0.403678 -0.131449 0.069897 0.506 0.255 0.024
0.401927 -0.133433 0.069607 0.502 0.251 0.020
0.400172 -0.135420 0.069318 0.522 0.259 0.039
0.398885 -0.138234 0.068685 0.510 0.243 0.035
0.397118 -0.140226 0.068396 0.533 0.267 0.059
0.395815 -0.143049 0.067763 0.541 0.275 0.067
0.394503 -0.145877 0.067131 0.553 0.306 0.082
0.393182 -0.148709 0.066499 0.537 0.302 0.075
0.391851 -0.151546 0.065867 0.533 0.294 0.086
0.390512 -0.154388 0.065235 0.537 0.322 0.149
0.389163 -0.157235 0.064604 0.553 0.337 0.165
0.388259 -0.160922 0.063629 0.596 0.439 0.345
0.476435 -0.109346 0.060554 0.435 0.420 0.424
0.473627 -0.109738 0.060956 0.420 0.404 0.408
0.470282 -0.109339 0.061706 0.408 0.388 0.373
0.467486 -0.109725 0.062108 0.345 0.306 0.298
0.464694 -0.110108 0.062510 0.373 0.306 0.306
0.461906 -0.110490 0.062912 0.408 0.318 0.314
0.458591 -0.110075 0.063661 0.420 0.329 0.325
0.455285 -0.109655 0.064410 0.439 0.337 0.322
0.452516 -0.110027 0.064812 0.439 0.341 0.314
0.449227 -0.109599 0.065560 0.439 0.341 0.314
0.446469 -0.109965 0.065961 0.439 0.341 0.314
0.443716 -0.110328 0.066362 0.416 0.318 0.290
0.440967 -0.110689 0.066763 0.365 0.263 0.255
0.438223 -0.111048 0.067164 0.353 0.263 0.259
0.435484 -0.111404 0.067565 0.353 0.267 0.275
0.432749 -0.111758 0.067966 0.353 0.275 0.278
0.430019 -0.112110 0.068366 0.365 0.286 0.290
0.427293 -0.112459 0.068767 0.365 0.286 0.298
0.425076 -0.113613 0.068820 0.380 0.294 0.310
0.422860 -0.114768 0.068874 0.420 0.353 0.353
0.420643 -0.115922 0.068928 0.424 0.357 0.357
0.418426 -0.117077 0.068982 0.431 0.365 0.365
0.416209 -0.118232 0.069035 0.467 0.384 0.373
0.414486 -0.120200 0.068743 0.478 0.388 0.376
0.412267 -0.121356 0.068797 0.475 0.376 0.349
0.410536 -0.123328 0.068504 0.427 0.329 0.302
0.408801 -0.125303 0.068212 0.451 0.329 0.176
0.407061 -0.127280 0.067920 0.510 0.325 0.055
0.405316 -0.129259 0.067628 0.525 0.314 0.043
0.403567 -0.131241 0.067336 0.502 0.251 0.027
0.401814 -0.133225 0.067044 0.502 0.251 0.027
0.400530 -0.136035 0.066406 0.529 0.267 0.047
0.399237 -0.138850 0.065769 0.514 0.247 0.039
0.397465 -0.140843 0.065477 0.533 0.267 0.059
0.396157 -0.143667 0.064840 0.537 0.271 0.063
0.394839 -0.146494 0.064204 0.549 0.298 0.086
0.393512 -0.149327 0.063567 0.537 0.298 0.082
0.392175 -0.152165 0.062931 0.537 0.298 0.090
0.390830 -0.155007 0.062295 0.541 0.325 0.153
0.389475 -0.157854 0.061659 0.557 0.341 0.169
0.389019 -0.162374 0.060332 0.604 0.435 0.337
0.476926 -0.109870 0.057602 0.424 0.424 0.431
0.474114 -0.110266 0.058007 0.408 0.408 0.416
0.470766 -0.109871 0.058762 0.396 0.396 0.380
0.467427 -0.109472 0.059516 0.404 0.392 0.373
0.464633 -0.109858 0.059920 0.404 0.373 0.361
0.461844 -0.110241 0.060325 0.361 0.298 0.286
0.458528 -0.109830 0.061078 0.357 0.294 0.282
0.455750 -0.110207 0.061482 0.412 0.322 0.310
0.452450 -0.109787 0.062236 0.424 0.322 0.306
0.449684 -0.110159 0.062639 0.439 0.337 0.322
0.446400 -0.109731 0.063392 0.439 0.341 0.314
0.443645 -0.110097 0.063796 0.427 0.329 0.302
0.440895 -0.110460 0.064199 0.420 0.314 0.290
0.438149 -0.110821 0.064602 0.424 0.318 0.294
0.435408 -0.111179 0.065005 0.416 0.306 0.294
0.432671 -0.111535 0.065408 0.412 0.310 0.294
0.429939 -0.111889 0.065811 0.416 0.314 0.298
0.427212 -0.112240 0.066214 0.404 0.302 0.294
0.424993 -0.113396 0.066268 0.412 0.310 0.302
0.422774 -0.114552 0.066322 0.420 0.329 0.325
0.420555 -0.115708 0.066375 0.431 0.341 0.337
0.418336 -0.116863 0.066429 0.459 0.369 0.365
0.416117 -0.118019 0.066483 0.478 0.376 0.361
0.414390 -0.119988 0.066188 0.482 0.380 0.365
0.412169 -0.121145 0.066242 0.471 0.373 0.345
0.410436 -0.123117 0.065947 0.443 0.345 0.318
0.408697 -0.125092 0.065653 0.447 0.322 0.180
0.406955 -0.127069 0.065358 0.514 0.318 0.067
0.405207 -0.129049 0.065064 0.518 0.306 0.043
0.403455 -0.131030 0.064770 0.502 0.251 0.020
0.401699 -0.133015 0.064476 0.522 0.271 0.039
0.400412 -0.135824 0.063834 0.529 0.278 0.047
0.399116 -0.138638 0.063192 0.506 0.255 0.024
0.397810 -0.141456 0.062550 0.529 0.282 0.059
0.396028 -0.143454 0.062257 0.541 0.294 0.071
0.394707 -0.146281 0.061616 0.549 0.314 0.086
0.393376 -0.149112 0.060974 0.557 0.333 0.102
0.392036 -0.151949 0.060334 0.553 0.333 0.110
0.390687 -0.154790 0.059693 0.541 0.329 0.137
0.389785 -0.158468 0.058705 0.557 0.345 0.153
0.387508 -0.159654 0.058760 0.596 0.431 0.322
0.477414 -0.110391 0.054642 0.400 0.412 0.416
0.474598 -0.110790 0.055049 0.392 0.404 0.408
0.470706 -0.109613 0.056160 0.376 0.388 0.392
0.467904 -0.110004 0.056567 0.376 0.388 0.384
0.465106 -0.110394 0.056974 0.388 0.388 0.373
0.462313 -0.110781 0.057381 0.424 0.408 0.380
0.458994 -0.110374 0.058139 0.424 0.408 0.380
0.456212 -0.110755 0.058545 0.447 0.412 0.376
0.452909 -0.110339 0.059303 0.431 0.400 0.353
0.450138 -0.110715 0.059709 0.400 0.357 0.322
0.446851 -0.110291 0.060467 0.420 0.345 0.322
0.444092 -0.110660 0.060873 0.424 0.349 0.325
0.440821 -0.110228 0.061630 0.439 0.353 0.322
0.438074 -0.110591 0.062036 0.443 0.345 0.318
0.435331 -0.110952 0.062441 0.447 0.349 0.322
0.432593 -0.111310 0.062846 0.459 0.353 0.329
0.429859 -0.111666 0.063252 0.463 0.357 0.333
0.427130 -0.112020 0.063657 0.463 0.357 0.333
0.424909 -0.113177 0.063711 0.463 0.357 0.333
0.422688 -0.114334 0.063764 0.467 0.369 0.341
0.420466 -0.115491 0.063818 0.475 0.376 0.349
0.418245 -0.116648 0.063872 0.482 0.380 0.365
0.416024 -0.117805 0.063926 0.482 0.380 0.365
0.414294 -0.119774 0.063629 0.482 0.380 0.365
0.412070 -0.120932 0.063683 0.475 0.376 0.341
0.410334 -0.122904 0.063386 0.443 0.345 0.310
0.408593 -0.124879 0.063089 0.447 0.302 0.169
0.406847 -0.126856 0.062793 0.510 0.306 0.067
0.405097 -0.128836 0.062496 0.514 0.294 0.043
0.403342 -0.130818 0.062200 0.518 0.275 0.031
0.401583 -0.132802 0.061903 0.537 0.294 0.051
0.400292 -0.135610 0.061257 0.537 0.294 0.043
0.398992 -0.138423 0.060610 0.525 0.282 0.031
0.397683 -0.141241 0.059964 0.541 0.310 0.063
0.396365 -0.144063 0.059318 0.545 0.314 0.067
0.395038 -0.146891 0.058673 0.549 0.325 0.086
0.393702 -0.149723 0.058027 0.557 0.341 0.098
0.392356 -0.152560 0.057382 0.557 0.353 0.114
0.391001 -0.155401 0.056737 0.541 0.329 0.137
0.391457 -0.161571 0.054692 0.553 0.341 0.149
0.387359 -0.159434 0.056147 0.596 0.431 0.322
0.477899 -0.110907 0.051672 0.408 0.408 0.416
0.474538 -0.110524 0.052436 0.400 0.400 0.408
0.471185 -0.110138 0.053200 0.373 0.384 0.388
0.468379 -0.110533 0.053609 0.373 0.384 0.388
0.465577 -0.110926 0.054018 0.376 0.376 0.376
0.462247 -0.110527 0.054782 0.404 0.404 0.388
0.458927 -0.110123 0.055545 0.416 0.416 0.400
0.456144 -0.110506 0.055953 0.435 0.427 0.396
0.452839 -0.110094 0.056716 0.435 0.420 0.376
0.450067 -0.110472 0.057124 0.435 0.420 0.376
0.447300 -0.110847 0.057533 0.443 0.416 0.376
0.444019 -0.110423 0.058295 0.435 0.408 0.369
0.440746 -0.109994 0.059057 0.439 0.400 0.353
0.437997 -0.110359 0.059465 0.435 0.384 0.341
0.435253 -0.110722 0.059872 0.431 0.373 0.333
0.432513 -0.111083 0.060280 0.447 0.376 0.341
0.429778 -0.111441 0.060688 0.451 0.380 0.345
0.427047 -0.111797 0.061095 0.455 0.376 0.345
0.424823 -0.112955 0.061149 0.459 0.380 0.349
0.422600 -0.114113 0.061203 0.455 0.376 0.345
0.420376 -0.115272 0.061257 0.463 0.384 0.353
0.418152 -0.116430 0.061311 0.471 0.388 0.369
0.415929 -0.117588 0.061365 0.471 0.388 0.369
0.414196 -0.119557 0.061065 0.467 0.384 0.365
0.411971 -0.120716 0.061119 0.467 0.388 0.357
0.410231 -0.122689 0.060820 0.451 0.373 0.341
0.408487 -0.124664 0.060521 0.459 0.314 0.180
0.406739 -0.126641 0.060222 0.510 0.314 0.071
0.404986 -0.128621 0.059924 0.518 0.318 0.051
0.403228 -0.130603 0.059625 0.522 0.302 0.043
0.401941 -0.133407 0.058974 0.533 0.314 0.055
0.400171 -0.135395 0.058675 0.549 0.333 0.055
0.398868 -0.138207 0.058024 0.549 0.337 0.039
0.397556 -0.141024 0.057374 0.537 0.318 0.051
0.396234 -0.143845 0.056723 0.541 0.322 0.055
0.394903 -0.146672 0.056073 0.541 0.322 0.071
0.393563 -0.149503 0.055423 0.553 0.353 0.094
0.392673 -0.153166 0.054421 0.565 0.369 0.118
0.391312 -0.156008 0.053771 0.541 0.337 0.133
0.389943 -0.158854 0.053122 0.553 0.349 0.145
0.403032 -0.188300 0.041202 0.533 0.369 0.259
0.478382 -0.111418 0.048693 0.412 0.412 0.427
0.475017 -0.111041 0.049462 0.400 0.400 0.416
0.471662 -0.110658 0.050231 0.369 0.380 0.384
0.468851 -0.111057 0.050642 0.365 0.376 0.380
0.465511 -0.110666 0.051410 0.365 0.376 0.380
0.462713 -0.111059 0.051822 0.369 0.380 0.384
0.459389 -0.110660 0.052589 0.369 0.380 0.384
0.456074 -0.110256 0.053357 0.384 0.396 0.400
0.452769 -0.109847 0.054124 0.384 0.400 0.380
0.449995 -0.110227 0.054535 0.388 0.404 0.384
0.447226 -0.110604 0.054945 0.412 0.416 0.392
0.443944 -0.110183 0.055712 0.420 0.424 0.400
0.440670 -0.109758 0.056479 0.439 0.443 0.408
0.437919 -0.110126 0.056889 0.447 0.439 0.400
0.435173 -0.110491 0.057299 0.451 0.443 0.404
0.432432 -0.110854 0.057709 0.463 0.447 0.412
0.429695 -0.111214 0.058119 0.463 0.447 0.412
0.426962 -0.111572 0.058529 0.471 0.455 0.420
0.424737 -0.112732 0.058583 0.475 0.459 0.424
0.422011 -0.113086 0.058992 0.475 0.459 0.424
0.419787 -0.114244 0.059046 0.478 0.463 0.427
0.417564 -0.115402 0.059100 0.478 0.463 0.427
0.415833 -0.117369 0.058798 0.490 0.475 0.439
0.414098 -0.119338 0.058497 0.494 0.478 0.443
0.411869 -0.120499 0.058551 0.514 0.478 0.443
0.410127 -0.122472 0.058250 0.451 0.416 0.380
0.408380 -0.124447 0.057949 0.455 0.329 0.196
0.406629 -0.126424 0.057647 0.506 0.318 0.075
0.404873 -0.128404 0.057346 0.522 0.329 0.059
0.403112 -0.130386 0.057046 0.510 0.298 0.035
0.401821 -0.133189 0.056390 0.518 0.306 0.043
0.400522 -0.135997 0.055734 0.549 0.333 0.055
0.399212 -0.138809 0.055079 0.545 0.341 0.039
0.397894 -0.141626 0.054424 0.533 0.322 0.051
0.396101 -0.143625 0.054124 0.537 0.325 0.055
0.394767 -0.146450 0.053469 0.533 0.322 0.067
0.393884 -0.150106 0.052460 0.545 0.329 0.086
0.392988 -0.153768 0.051451 0.561 0.365 0.114
0.391165 -0.155783 0.051152 0.545 0.345 0.129
0.389792 -0.158628 0.050498 0.553 0.353 0.137
0.403309 -0.188869 0.038146 0.537 0.373 0.255
0.479406 -0.112707 0.045347 0.439 0.439 0.447
0.476035 -0.112335 0.046120 0.412 0.412 0.420
0.472136 -0.111175 0.047252 0.369 0.380 0.392
0.469321 -0.111577 0.047666 0.361 0.373 0.384
0.465978 -0.111191 0.048439 0.357 0.369 0.380
0.462644 -0.110800 0.049211 0.365 0.376 0.380
0.459319 -0.110404 0.049984 0.357 0.369 0.373
0.456004 -0.110003 0.050756 0.349 0.361 0.373
0.453221 -0.110389 0.051169 0.373 0.384 0.396
0.449922 -0.109980 0.051941 0.369 0.380 0.392
0.447151 -0.110359 0.052354 0.373 0.384 0.388
0.443867 -0.109942 0.053125 0.384 0.396 0.392
0.440593 -0.109520 0.053896 0.357 0.357 0.357
0.437841 -0.109890 0.054309 0.420 0.408 0.396
0.435093 -0.110257 0.054721 0.431 0.420 0.400
0.432349 -0.110622 0.055133 0.443 0.431 0.412
0.429611 -0.110985 0.055546 0.443 0.431 0.412
0.426877 -0.111345 0.055958 0.463 0.451 0.431
0.424147 -0.111703 0.056370 0.451 0.439 0.420
0.421921 -0.112863 0.056424 0.451 0.451 0.427
0.419695 -0.114022 0.056478 0.447 0.451 0.435
0.417470 -0.115181 0.056532 0.431 0.435 0.420
0.415736 -0.117148 0.056228 0.451 0.451 0.451
0.413998 -0.119118 0.055924 0.459 0.463 0.447
0.411767 -0.120279 0.055978 0.451 0.455 0.420
0.410022 -0.122252 0.055675 0.427 0.431 0.396
0.408272 -0.124227 0.055371 0.447 0.329 0.196
0.406518 -0.126205 0.055068 0.506 0.318 0.075
0.404759 -0.128185 0.054765 0.522 0.322 0.055
0.402995 -0.130167 0.054462 0.506 0.294 0.031
0.401701 -0.132969 0.053801 0.510 0.298 0.035
0.400398 -0.135776 0.053141 0.553 0.337 0.059
0.399085 -0.138587 0.052481 0.537 0.329 0.039
0.397763 -0.141403 0.051822 0.529 0.318 0.055
0.396432 -0.144224 0.051162 0.533 0.322 0.059
0.395092 -0.147050 0.050503 0.529 0.318 0.063
0.394203 -0.150704 0.049487 0.537 0.322 0.078
0.392842 -0.153541 0.048829 0.553 0.333 0.110
0.391472 -0.156382 0.048170 0.549 0.345 0.141
0.404596 -0.185716 0.036094 0.576 0.373 0.169
0.404036 -0.190263 0.034724 0.549 0.396 0.267
0.480425 -0.113989 0.041986 0.455 0.455 0.463
0.476509 -0.112842 0.043125 0.439 0.439 0.447
0.472607 -0.111687 0.044264 0.380 0.380 0.388
0.469789 -0.112093 0.044681 0.361 0.373 0.384
0.466442 -0.111711 0.045458 0.357 0.369 0.380
0.463105 -0.111324 0.046235 0.361 0.373 0.376
0.459777 -0.110933 0.047012 0.349 0.361 0.365
0.456458 -0.110537 0.047789 0.349 0.361 0.373
0.453148 -0.110136 0.048566 0.369 0.380 0.392
0.449847 -0.109731 0.049342 0.357 0.380 0.388
0.447075 -0.110112 0.049757 0.357 0.380 0.380
0.443790 -0.109698 0.050533 0.365 0.388 0.388
0.440515 -0.109280 0.051309 0.365 0.376 0.373
0.437760 -0.109652 0.051724 0.380 0.380 0.380
0.435011 -0.110021 0.052139 0.380 0.380 0.380
0.432266 -0.110389 0.052553 0.400 0.400 0.408
0.429526 -0.110754 0.052968 0.396 0.396 0.404
0.426790 -0.111116 0.053382 0.400 0.412 0.416
0.424059 -0.111476 0.053797 0.412 0.412 0.427
0.421332 -0.111834 0.054211 0.388 0.396 0.420
0.419106 -0.112994 0.054265 0.384 0.404 0.424
0.417374 -0.114958 0.053959 0.388 0.408 0.427
0.415637 -0.116925 0.053653 0.357 0.384 0.400
0.413896 -0.118895 0.053347 0.357 0.384 0.400
0.411664 -0.120058 0.053401 0.384 0.400 0.380
0.409915 -0.122031 0.053095 0.416 0.431 0.412
0.408163 -0.124006 0.052789 0.447 0.329 0.196
0.406406 -0.125984 0.052484 0.510 0.310 0.078
0.404644 -0.127964 0.052178 0.510 0.294 0.051
0.403353 -0.130761 0.051514 0.506 0.282 0.043
0.402053 -0.133563 0.050849 0.506 0.282 0.043
0.400744 -0.136370 0.050184 0.537 0.306 0.059
0.399425 -0.139182 0.049520 0.533 0.302 0.047
0.398098 -0.141998 0.048856 0.529 0.310 0.051
0.396761 -0.144819 0.048192 0.541 0.322 0.063
0.395415 -0.147645 0.047528 0.541 0.341 0.075
0.394519 -0.151299 0.046506 0.545 0.345 0.078
0.393153 -0.154136 0.045843 0.529 0.314 0.078
0.391777 -0.156977 0.045180 0.545 0.341 0.145
0.404875 -0.186278 0.033026 0.580 0.376 0.180
0.404759 -0.191651 0.031288 0.557 0.412 0.278
0.481441 -0.115265 0.038612 0.314 0.337 0.345
0.476981 -0.113344 0.040122 0.431 0.455 0.463
0.473076 -0.112195 0.041268 0.424 0.435 0.431
0.469719 -0.111822 0.042050 0.408 0.412 0.388
0.466372 -0.111443 0.042832 0.400 0.400 0.384
0.463033 -0.111060 0.043614 0.376 0.376 0.376
0.459704 -0.110672 0.044395 0.365 0.365 0.365
0.456384 -0.110279 0.045177 0.345 0.357 0.361
0.453073 -0.109882 0.045958 0.357 0.369 0.373
0.449771 -0.109479 0.046739 0.349 0.373 0.373
0.446997 -0.109863 0.047156 0.353 0.376 0.376
0.443711 -0.109453 0.047937 0.361 0.384 0.384
0.440435 -0.109037 0.048717 0.349 0.373 0.373
0.437679 -0.109411 0.049134 0.357 0.380 0.380
0.434928 -0.109783 0.049551 0.373 0.384 0.396
0.432181 -0.110153 0.049968 0.384 0.396 0.408
0.429439 -0.110520 0.050385 0.384 0.396 0.408
0.426702 -0.110885 0.050802 0.380 0.404 0.412
0.423969 -0.111248 0.051219 0.388 0.412 0.420
0.421241 -0.111608 0.051635 0.380 0.404 0.412
0.419012 -0.112768 0.051689 0.388 0.408 0.427
0.417277 -0.114733 0.051381 0.388 0.408 0.427
0.415538 -0.116700 0.051073 0.384 0.412 0.427
0.413794 -0.118670 0.050765 0.376 0.404 0.420
0.411559 -0.119834 0.050819 0.400 0.412 0.408
0.409808 -0.121807 0.050511 0.400 0.412 0.408
0.408052 -0.123782 0.050203 0.443 0.325 0.200
0.406292 -0.125760 0.049895 0.502 0.294 0.067
0.404527 -0.127741 0.049588 0.514 0.290 0.051
0.403233 -0.130537 0.048918 0.522 0.298 0.059
0.401929 -0.133338 0.048249 0.510 0.286 0.047
0.400617 -0.136144 0.047580 0.522 0.286 0.051
0.399295 -0.138955 0.046911 0.522 0.290 0.043
0.397964 -0.141770 0.046243 0.533 0.314 0.063
0.396623 -0.144590 0.045574 0.553 0.333 0.082
0.395274 -0.147415 0.044906 0.549 0.349 0.082
0.394374 -0.151067 0.043877 0.545 0.345 0.078
0.393461 -0.154726 0.042848 0.525 0.306 0.082
0.392079 -0.157568 0.042180 0.541 0.333 0.149
0.405152 -0.186835 0.029949 0.573 0.365 0.180
0.409525 -0.200473 0.024587 0.557 0.412 0.278
0.481913 -0.115757 0.035590 0.271 0.310 0.337
0.477451 -0.113843 0.037109 0.290 0.329 0.357
0.473543 -0.112699 0.038262 0.435 0.455 0.475
0.470183 -0.112330 0.039049 0.424 0.427 0.404
0.466300 -0.111173 0.040201 0.424 0.424 0.400
0.462961 -0.110793 0.040987 0.404 0.404 0.380
0.459630 -0.110409 0.041774 0.384 0.384 0.361
0.456309 -0.110019 0.042560 0.357 0.361 0.345
0.452997 -0.109625 0.043345 0.357 0.369 0.365
0.449694 -0.109226 0.044131 0.349 0.373 0.365
0.446918 -0.109612 0.044551 0.349 0.373 0.373
0.443632 -0.109205 0.045336 0.357 0.380 0.380
0.440354 -0.108793 0.046121 0.353 0.376 0.376
0.437596 -0.109169 0.046540 0.353 0.376 0.376
0.434844 -0.109543 0.046960 0.361 0.384 0.384
0.432095 -0.109915 0.047379 0.373 0.384 0.396
0.429351 -0.110285 0.047798 0.376 0.388 0.400
0.426612 -0.110652 0.048218 0.376 0.396 0.416
0.423878 -0.111017 0.048637 0.384 0.404 0.424
0.421148 -0.111379 0.049056 0.384 0.404 0.424
0.418917 -0.112541 0.049110 0.384 0.404 0.424
0.417180 -0.114506 0.048799 0.392 0.412 0.431
0.415437 -0.116473 0.048489 0.384 0.412 0.427
0.413690 -0.118442 0.048178 0.388 0.416 0.431
0.411453 -0.119608 0.048232 0.384 0.408 0.400
0.409699 -0.121581 0.047922 0.396 0.420 0.412
0.407940 -0.123557 0.047612 0.447 0.329 0.204
0.406177 -0.125535 0.047302 0.506 0.329 0.075
0.404410 -0.127515 0.046992 0.510 0.325 0.055
0.403112 -0.130311 0.046318 0.506 0.294 0.039
0.401805 -0.133111 0.045645 0.490 0.278 0.024
0.400489 -0.135916 0.044971 0.525 0.278 0.055
0.399163 -0.138726 0.044298 0.522 0.275 0.051
0.397829 -0.141540 0.043625 0.537 0.290 0.067
0.396485 -0.144359 0.042952 0.549 0.302 0.078
0.395592 -0.148003 0.041915 0.557 0.345 0.090
0.394686 -0.151654 0.040879 0.533 0.322 0.067
0.393766 -0.155313 0.039843 0.529 0.290 0.090
0.392379 -0.158155 0.039172 0.545 0.329 0.157
0.405427 -0.187388 0.026863 0.569 0.353 0.180
0.410235 -0.201838 0.021103 0.545 0.412 0.282
0.482922 -0.117021 0.032191 0.263 0.302 0.357
0.478456 -0.115115 0.033719 0.251 0.290 0.345
0.474007 -0.113199 0.035247 0.173 0.216 0.298
0.470110 -0.112053 0.036406 0.259 0.290 0.365
0.466227 -0.110901 0.037566 0.412 0.431 0.451
0.462887 -0.110524 0.038357 0.424 0.427 0.404
0.459555 -0.110143 0.039147 0.420 0.424 0.400
0.456233 -0.109757 0.039938 0.424 0.427 0.392
0.452920 -0.109366 0.040728 0.424 0.427 0.392
0.449616 -0.108970 0.041518 0.416 0.420 0.376
0.446838 -0.109359 0.041941 0.388 0.392 0.357
0.443551 -0.108955 0.042731 0.384 0.388 0.353
0.440272 -0.108546 0.043520 0.373 0.388 0.369
0.437513 -0.108925 0.043942 0.369 0.384 0.365
0.434758 -0.109301 0.044364 0.373 0.384 0.380
0.432008 -0.109675 0.044785 0.369 0.380 0.376
0.429263 -0.110047 0.045207 0.373 0.384 0.380
0.426522 -0.110416 0.045628 0.376 0.388 0.400
0.423786 -0.110783 0.046050 0.376 0.388 0.400
0.421054 -0.111148 0.046471 0.365 0.384 0.412
0.418821 -0.112311 0.046525 0.376 0.396 0.416
0.417080 -0.114276 0.046212 0.392 0.412 0.431
0.415335 -0.116243 0.045900 0.392 0.416 0.424
0.413585 -0.118213 0.045587 0.373 0.384 0.396
0.411346 -0.119380 0.045641 0.400 0.400 0.384
0.409589 -0.121353 0.045329 0.424 0.424 0.408
0.407827 -0.123329 0.045017 0.463 0.337 0.212
0.406062 -0.125307 0.044704 0.518 0.353 0.082
0.404767 -0.128098 0.044026 0.514 0.333 0.043
0.403463 -0.130894 0.043347 0.494 0.271 0.031
0.402150 -0.133694 0.042669 0.486 0.263 0.024
0.400828 -0.136499 0.041991 0.553 0.302 0.078
0.399497 -0.139309 0.041314 0.529 0.282 0.059
0.398157 -0.142124 0.040636 0.525 0.278 0.055
0.396807 -0.144944 0.039959 0.541 0.294 0.071
0.395908 -0.148587 0.038915 0.565 0.329 0.094
0.394996 -0.152237 0.037873 0.533 0.298 0.063
0.393614 -0.155074 0.037196 0.537 0.286 0.090
0.393130 -0.159559 0.035788 0.545 0.329 0.157
0.405699 -0.187937 0.023768 0.573 0.357 0.184
0.410941 -0.203197 0.017606 0.545 0.412 0.282
0.483389 -0.117503 0.029148 0.227 0.275 0.345
0.478920 -0.115603 0.030686 0.216 0.263 0.333
0.473934 -0.112916 0.032593 0.165 0.227 0.310
0.470569 -0.112554 0.033389 0.129 0.184 0.271
0.466684 -0.111407 0.034555 0.118 0.153 0.235
0.462811 -0.110254 0.035721 0.341 0.361 0.396
0.459479 -0.109876 0.036517 0.424 0.443 0.478
0.456156 -0.109493 0.037312 0.424 0.427 0.412
0.452841 -0.109105 0.038107 0.427 0.435 0.400
0.449536 -0.108713 0.038902 0.431 0.435 0.392
0.446757 -0.109103 0.039326 0.427 0.431 0.388
0.443468 -0.108703 0.040121 0.427 0.431 0.388
0.440188 -0.108297 0.040915 0.424 0.427 0.392
0.437428 -0.108678 0.041339 0.420 0.424 0.400
0.434671 -0.109057 0.041763 0.420 0.424 0.400
0.431920 -0.109433 0.042187 0.412 0.416 0.392
0.429173 -0.109807 0.042611 0.412 0.416 0.392
0.426430 -0.110179 0.043035 0.420 0.435 0.416
0.423692 -0.110548 0.043458 0.396 0.408 0.404
0.420959 -0.110915 0.043882 0.404 0.427 0.435
0.418724 -0.112079 0.043936 0.408 0.431 0.439
0.416980 -0.114044 0.043621 0.424 0.447 0.455
0.415232 -0.116012 0.043306 0.447 0.459 0.455
0.413479 -0.117982 0.042991 0.447 0.463 0.443
0.411237 -0.119150 0.043046 0.459 0.459 0.435
0.409478 -0.121123 0.042731 0.459 0.459 0.435
0.407713 -0.123099 0.042417 0.459 0.325 0.204
0.405944 -0.125077 0.042102 0.522 0.349 0.082
0.404646 -0.127867 0.041419 0.514 0.333 0.043
0.403339 -0.130662 0.040736 0.502 0.255 0.031
0.402023 -0.133462 0.040053 0.498 0.251 0.027
0.400697 -0.136266 0.039371 0.565 0.318 0.086
0.399363 -0.139075 0.038689 0.557 0.345 0.075
0.398019 -0.141889 0.038007 0.522 0.302 0.043
0.397127 -0.145524 0.036956 0.525 0.306 0.047
0.396222 -0.149166 0.035906 0.537 0.302 0.067
0.395303 -0.152816 0.034857 0.529 0.294 0.059
0.393916 -0.155652 0.034176 0.537 0.298 0.082
0.392067 -0.157673 0.033863 0.553 0.341 0.149
0.405068 -0.186836 0.021400 0.580 0.369 0.176
0.414779 -0.210316 0.011517 0.549 0.416 0.286
0.484391 -0.118756 0.025724 0.224 0.271 0.341
0.479381 -0.116088 0.027643 0.204 0.251 0.322
0.474394 -0.113408 0.029562 0.149 0.212 0.294
0.470494 -0.112273 0.030736 0.133 0.192 0.286
0.466608 -0.111130 0.031909 0.129 0.188 0.282
0.462735 -0.109981 0.033081 0.122 0.180 0.275
0.459401 -0.109606 0.033881 0.122 0.180 0.275
0.456077 -0.109226 0.034681 0.098 0.149 0.247
0.452762 -0.108842 0.035481 0.118 0.161 0.251
0.449456 -0.108453 0.036280 0.212 0.255 0.298
0.446675 -0.108846 0.036707 0.412 0.443 0.447
0.443385 -0.108449 0.037506 0.427 0.459 0.463
0.440615 -0.108835 0.037933 0.431 0.447 0.427
0.437851 -0.109220 0.038359 0.447 0.451 0.435
0.434583 -0.108811 0.039158 0.447 0.451 0.427
0.431830 -0.109189 0.039584 0.439 0.443 0.420
0.429081 -0.109566 0.040010 0.447 0.451 0.427
0.426837 -0.110734 0.040065 0.443 0.459 0.431
0.424095 -0.111107 0.040491 0.443 0.459 0.431
0.421358 -0.111477 0.040917 0.447 0.463 0.443
0.419118 -0.112644 0.040971 0.443 0.471 0.447
0.416879 -0.113811 0.041025 0.451 0.478 0.455
0.415127 -0.115778 0.040708 0.459 0.486 0.463
0.413372 -0.117748 0.040391 0.467 0.482 0.463
0.411611 -0.119721 0.040074 0.482 0.490 0.455
0.409847 -0.121696 0.039757 0.494 0.502 0.467
0.408077 -0.123673 0.039441 0.447 0.310 0.208
0.406303 -0.125652 0.039124 0.510 0.322 0.078
0.404999 -0.128443 0.038437 0.514 0.314 0.055
0.403686 -0.131238 0.037749 0.502 0.267 0.031
0.401894 -0.133227 0.037433 0.510 0.275 0.039
0.400565 -0.136030 0.036746 0.561 0.329 0.075
0.399227 -0.138839 0.036059 0.553 0.357 0.063
0.397879 -0.141651 0.035373 0.541 0.345 0.059
0.396984 -0.145285 0.034316 0.537 0.341 0.055
0.396533 -0.149742 0.032888 0.537 0.337 0.063
0.395608 -0.153390 0.031832 0.522 0.310 0.055
0.394215 -0.156227 0.031147 0.533 0.306 0.086
0.404560 -0.180394 0.020827 0.557 0.318 0.102
0.404887 -0.186557 0.018662 0.584 0.373 0.180
0.415027 -0.210832 0.008347 0.557 0.424 0.294
0.484852 -0.119229 0.022661 0.231 0.278 0.333
0.479840 -0.116568 0.024592 0.200 0.247 0.302
0.474852 -0.113896 0.026522 0.122 0.184 0.267
0.470949 -0.112766 0.027703 0.094 0.165 0.255
0.467060 -0.111629 0.028883 0.090 0.161 0.259
0.463184 -0.110485 0.030062 0.098 0.169 0.267
0.459323 -0.109334 0.031241 0.094 0.165 0.263
0.455997 -0.108958 0.032046 0.094 0.165 0.263
0.452681 -0.108577 0.032850 0.098 0.169 0.267
0.449374 -0.108191 0.033654 0.098 0.169 0.267
0.446591 -0.108586 0.034083 0.098 0.169 0.267
0.443813 -0.108979 0.034513 0.102 0.173 0.271
0.440529 -0.108581 0.035316 0.224 0.243 0.314
0.437762 -0.108968 0.035745 0.325 0.349 0.400
0.435001 -0.109353 0.036174 0.376 0.404 0.435
0.432243 -0.109735 0.036603 0.424 0.443 0.471
0.429490 -0.110114 0.037031 0.443 0.463 0.490
0.426742 -0.110492 0.037460 0.471 0.494 0.502
0.423999 -0.110867 0.037888 0.475 0.498 0.506
0.421754 -0.112036 0.037942 0.478 0.502 0.510
0.419510 -0.113205 0.037997 0.478 0.502 0.510
0.417266 -0.114373 0.038051 0.486 0.510 0.518
0.415510 -0.116342 0.037732 0.486 0.506 0.525
0.413749 -0.118314 0.037413 0.471 0.490 0.510
0.411983 -0.120288 0.037094 0.431 0.451 0.471
0.410213 -0.122264 0.036775 0.353 0.373 0.392
0.408439 -0.124242 0.036456 0.443 0.314 0.208
0.406659 -0.126223 0.036137 0.510 0.310 0.078
0.405350 -0.129014 0.035445 0.502 0.302 0.043
0.403559 -0.131001 0.035127 0.510 0.290 0.039
0.402233 -0.133800 0.034435 0.514 0.294 0.043
0.400899 -0.136603 0.033744 0.549 0.329 0.063
0.399555 -0.139412 0.033052 0.545 0.337 0.055
0.398201 -0.142225 0.032361 0.541 0.345 0.059
0.397299 -0.145858 0.031298 0.541 0.345 0.059
0.396384 -0.149497 0.030234 0.545 0.349 0.063
0.395454 -0.153144 0.029171 0.529 0.310 0.059
0.394511 -0.156798 0.028108 0.533 0.306 0.086
0.403933 -0.179299 0.018471 0.553 0.325 0.106
0.405154 -0.187096 0.015546 0.580 0.376 0.173
0.411698 -0.204771 0.008149 0.549 0.416 0.278
0.485310 -0.119697 0.019589 0.224 0.282 0.333
0.480297 -0.117044 0.021531 0.196 0.255 0.306
0.475307 -0.114379 0.023473 0.122 0.180 0.275
0.470870 -0.112479 0.025037 0.086 0.157 0.255
0.466981 -0.111347 0.026224 0.071 0.149 0.243
0.463105 -0.110207 0.027411 0.071 0.149 0.251
0.459243 -0.109060 0.028597 0.071 0.149 0.251
0.455916 -0.108687 0.029406 0.082 0.161 0.263
0.452599 -0.108310 0.030215 0.086 0.165 0.259
0.449291 -0.107927 0.031023 0.090 0.169 0.263
0.446506 -0.108325 0.031455 0.090 0.169 0.263
0.443727 -0.108720 0.031887 0.094 0.173 0.267
0.440441 -0.108325 0.032695 0.094 0.165 0.263
0.437673 -0.108714 0.033126 0.098 0.169 0.275
0.434910 -0.109101 0.033557 0.110 0.169 0.278
0.432151 -0.109485 0.033988 0.122 0.173 0.286
0.429396 -0.109867 0.034419 0.122 0.173 0.286
0.426646 -0.110247 0.034850 0.122 0.176 0.298
0.424397 -0.111418 0.034905 0.118 0.173 0.302
0.421654 -0.111794 0.035335 0.110 0.161 0.302
0.419408 -0.112964 0.035390 0.106 0.161 0.290
0.417651 -0.114932 0.035068 0.102 0.157 0.286
0.415402 -0.116104 0.035123 0.098 0.153 0.282
0.413638 -0.118075 0.034801 0.102 0.157 0.286
0.411870 -0.120049 0.034480 0.110 0.149 0.259
0.410097 -0.122025 0.034159 0.082 0.122 0.231
0.408320 -0.124004 0.033838 0.459 0.325 0.231
0.407013 -0.126790 0.033141 0.502 0.329 0.063
0.405698 -0.129581 0.032444 0.510 0.318 0.039
0.403902 -0.131569 0.032124 0.510 0.298 0.035
0.402571 -0.134368 0.031428 0.518 0.306 0.043
0.401230 -0.137172 0.030732 0.537 0.318 0.059
0.399880 -0.139981 0.030036 0.525 0.314 0.043
0.398521 -0.142794 0.029341 0.541 0.345 0.051
0.397613 -0.146426 0.028270 0.545 0.349 0.055
0.396691 -0.150065 0.027200 0.557 0.361 0.067
0.395755 -0.153711 0.026130 0.537 0.318 0.051
0.394805 -0.157364 0.025061 0.533 0.310 0.071
0.402404 -0.176568 0.016864 0.553 0.329 0.090
0.404970 -0.186812 0.012796 0.584 0.392 0.176
0.407932 -0.197903 0.008354 0.545 0.412 0.282
0.485766 -0.120161 0.016508 0.231 0.282 0.325
0.480216 -0.116743 0.018841 0.188 0.239 0.282
0.475227 -0.114085 0.020794 0.118 0.180 0.263
0.470791 -0.112190 0.022368 0.082 0.153 0.243
0.466901 -0.111062 0.023561 0.063 0.141 0.227
0.463024 -0.109926 0.024755 0.051 0.129 0.224
0.459162 -0.108784 0.025948 0.051 0.129 0.224
0.455834 -0.108415 0.026762 0.043 0.122 0.216
0.452516 -0.108040 0.027575 0.051 0.129 0.231
0.449206 -0.107661 0.028388 0.055 0.133 0.235
0.446420 -0.108061 0.028822 0.059 0.137 0.239
0.443639 -0.108458 0.029256 0.055 0.133 0.235
0.440353 -0.108067 0.030069 0.051 0.129 0.231
0.438090 -0.109245 0.030124 0.055 0.133 0.235
0.435323 -0.109636 0.030557 0.059 0.133 0.247
0.432560 -0.110023 0.030991 0.059 0.133 0.247
0.429801 -0.110409 0.031424 0.059 0.133 0.247
0.427047 -0.110792 0.031857 0.071 0.145 0.267
0.424298 -0.111172 0.032290 0.063 0.133 0.267
0.422047 -0.112345 0.032345 0.067 0.137 0.271
0.419796 -0.113517 0.032400 0.086 0.149 0.286
0.417545 -0.114690 0.032454 0.075 0.137 0.275
0.415780 -0.116660 0.032130 0.067 0.137 0.271
0.414011 -0.118633 0.031807 0.067 0.137 0.271
0.412238 -0.120609 0.031483 0.082 0.133 0.247
0.410460 -0.122586 0.031160 0.071 0.122 0.235
0.408677 -0.124566 0.030837 0.451 0.325 0.231
0.407365 -0.127353 0.030136 0.506 0.333 0.059
0.405571 -0.129339 0.029813 0.510 0.322 0.031
0.404243 -0.132133 0.029112 0.518 0.306 0.043
0.402437 -0.134125 0.028789 0.522 0.310 0.047
0.401093 -0.136928 0.028089 0.533 0.322 0.051
0.399739 -0.139736 0.027389 0.525 0.314 0.043
0.398377 -0.142549 0.026689 0.541 0.345 0.059
0.397464 -0.146178 0.025611 0.549 0.353 0.067
0.396995 -0.150628 0.024157 0.565 0.373 0.067
0.396507 -0.155088 0.022703 0.545 0.337 0.055
0.395549 -0.158742 0.021627 0.537 0.318 0.067
0.395477 -0.164036 0.019796 0.557 0.376 0.157
0.405232 -0.187344 0.009665 0.588 0.408 0.188
0.409518 -0.200883 0.004063 0.553 0.427 0.286
0.485683 -0.119850 0.013799 0.247 0.290 0.333
0.480135 -0.116440 0.016146 0.192 0.235 0.278
0.475146 -0.113788 0.018111 0.118 0.180 0.263
0.470710 -0.111899 0.019693 0.086 0.157 0.247
0.466819 -0.110775 0.020894 0.067 0.145 0.231
0.462942 -0.109644 0.022094 0.051 0.129 0.224
0.459079 -0.108506 0.023294 0.043 0.122 0.216
0.455751 -0.108140 0.024113 0.039 0.118 0.212
0.452431 -0.107769 0.024931 0.039 0.118 0.212
0.449121 -0.107393 0.025748 0.039 0.118 0.220
0.446333 -0.107795 0.026185 0.043 0.122 0.224
0.443550 -0.108194 0.026621 0.039 0.118 0.220
0.440263 -0.107807 0.027438 0.043 0.122 0.224
0.437998 -0.108986 0.027493 0.031 0.114 0.227
0.435229 -0.109379 0.027929 0.043 0.125 0.239
0.432464 -0.109769 0.028365 0.043 0.125 0.247
0.429704 -0.110156 0.028801 0.043 0.125 0.247
0.426948 -0.110542 0.029236 0.047 0.129 0.251
0.424197 -0.110924 0.029672 0.043 0.125 0.247
0.421944 -0.112098 0.029726 0.043 0.122 0.255
0.419690 -0.113272 0.029781 0.047 0.125 0.259
0.417925 -0.115241 0.029455 0.035 0.114 0.247
0.415670 -0.116416 0.029510 0.035 0.114 0.247
0.413898 -0.118389 0.029184 0.035 0.125 0.255
0.412121 -0.120365 0.028858 0.059 0.129 0.235
0.410820 -0.123143 0.028152 0.035 0.106 0.212
0.409032 -0.125124 0.027827 0.455 0.341 0.251
0.407714 -0.127911 0.027121 0.514 0.349 0.063
0.405914 -0.129898 0.026796 0.502 0.333 0.031
0.404111 -0.131888 0.026471 0.514 0.318 0.031
0.402770 -0.134686 0.025766 0.518 0.322 0.035
0.401420 -0.137490 0.025061 0.533 0.322 0.051
0.400061 -0.140298 0.024356 0.533 0.325 0.043
0.398692 -0.143111 0.023652 0.545 0.349 0.055
0.397773 -0.146739 0.022568 0.553 0.357 0.063
0.397297 -0.151188 0.021105 0.553 0.357 0.063
0.396348 -0.154832 0.020021 0.533 0.322 0.059
0.395838 -0.159298 0.018559 0.529 0.302 0.082
0.398005 -0.168670 0.014818 0.541 0.314 0.094
0.405492 -0.187871 0.006524 0.600 0.416 0.208
0.408875 -0.199760 0.001648 0.557 0.439 0.298
0.486134 -0.120307 0.010702 0.263 0.298 0.337
0.480585 -0.116905 0.013063 0.196 0.231 0.271
0.475595 -0.114261 0.015039 0.106 0.161 0.239
0.470628 -0.111605 0.017015 0.075 0.145 0.235
0.466737 -0.110486 0.018222 0.067 0.137 0.235
0.462859 -0.109359 0.019429 0.055 0.125 0.224
0.458996 -0.108226 0.020636 0.059 0.129 0.227
0.455666 -0.107863 0.021459 0.043 0.122 0.224
0.452346 -0.107495 0.022282 0.035 0.114 0.216
0.449549 -0.107903 0.022721 0.035 0.114 0.216
0.446245 -0.107527 0.023543 0.031 0.110 0.212
0.443460 -0.107928 0.023981 0.027 0.106 0.208
0.440171 -0.107544 0.024803 0.027 0.106 0.208
0.437904 -0.108725 0.024858 0.024 0.106 0.220
0.435133 -0.109120 0.025296 0.024 0.106 0.227
0.432367 -0.109512 0.025735 0.027 0.110 0.231
0.429605 -0.109902 0.026173 0.027 0.110 0.231
0.426848 -0.110289 0.026611 0.027 0.110 0.231
0.424095 -0.110674 0.027048 0.027 0.110 0.231
0.421840 -0.111849 0.027103 0.031 0.114 0.235
0.419584 -0.113024 0.027158 0.027 0.110 0.231
0.417816 -0.114994 0.026830 0.027 0.110 0.231
0.416044 -0.116966 0.026501 0.020 0.110 0.239
0.414267 -0.118940 0.026173 0.020 0.110 0.239
0.412485 -0.120917 0.025846 0.047 0.118 0.224
0.410699 -0.122896 0.025518 0.031 0.102 0.208
0.409384 -0.125678 0.024808 0.459 0.353 0.259
0.407586 -0.127663 0.024480 0.510 0.369 0.055
0.406256 -0.130453 0.023770 0.506 0.349 0.031
0.404447 -0.132444 0.023443 0.510 0.322 0.031
0.403100 -0.135243 0.022734 0.514 0.325 0.035
0.401280 -0.137240 0.022407 0.525 0.329 0.043
0.399917 -0.140047 0.021698 0.525 0.329 0.043
0.399005 -0.143668 0.020606 0.545 0.349 0.063
0.398080 -0.147296 0.019516 0.549 0.353 0.067
0.397597 -0.151743 0.018043 0.522 0.325 0.039
0.396642 -0.155386 0.016953 0.529 0.294 0.067
0.396124 -0.159851 0.015481 0.522 0.298 0.110
0.397832 -0.168399 0.012100 0.529 0.306 0.118
0.404410 -0.185946 0.004520 0.588 0.427 0.243
0.408676 -0.199455 -0.001150 0.553 0.451 0.329
0.486048 -0.119991 0.007982 0.341 0.361 0.388
0.480500 -0.116597 0.010356 0.227 0.247 0.275
0.475511 -0.113959 0.012344 0.275 0.298 0.349
0.470544 -0.111310 0.014331 0.165 0.208 0.251
0.466653 -0.110195 0.015546 0.067 0.137 0.235
0.462775 -0.109073 0.016760 0.047 0.118 0.216
0.458911 -0.107943 0.017974 0.059 0.129 0.227
0.455580 -0.107584 0.018801 0.047 0.118 0.224
0.452259 -0.107219 0.019628 0.043 0.122 0.224
0.448946 -0.106850 0.020455 0.043 0.122 0.224
0.446155 -0.107256 0.020896 0.031 0.110 0.212
0.443369 -0.107661 0.021337 0.027 0.106 0.208
0.440587 -0.108062 0.021778 0.027 0.106 0.208
0.437810 -0.108462 0.022219 0.027 0.102 0.216
0.435037 -0.108858 0.022659 0.020 0.102 0.224
0.432269 -0.109253 0.023100 0.024 0.106 0.227
0.429505 -0.109645 0.023540 0.027 0.110 0.231
0.426746 -0.110035 0.023980 0.024 0.106 0.227
0.424486 -0.111212 0.024035 0.024 0.106 0.227
0.422226 -0.112389 0.024090 0.027 0.110 0.231
0.419966 -0.113567 0.024145 0.027 0.106 0.239
0.418193 -0.115538 0.023814 0.024 0.102 0.235
0.416415 -0.117511 0.023484 0.016 0.106 0.235
0.414633 -0.119487 0.023154 0.020 0.110 0.239
0.412846 -0.121465 0.022824 0.043 0.110 0.227
0.411054 -0.123445 0.022494 0.031 0.098 0.216
0.409258 -0.125428 0.022164 0.467 0.361 0.267
0.407931 -0.128214 0.021450 0.510 0.369 0.063
0.406595 -0.131004 0.020735 0.510 0.345 0.031
0.404781 -0.132997 0.020406 0.510 0.314 0.020
0.402962 -0.134992 0.020077 0.514 0.318 0.024
0.401602 -0.137794 0.019363 0.537 0.341 0.047
0.400234 -0.140602 0.018649 0.529 0.333 0.039
0.399316 -0.144222 0.017552 0.537 0.341 0.047
0.398384 -0.147849 0.016454 0.537 0.341 0.047
0.397439 -0.151483 0.015357 0.525 0.306 0.039
0.397385 -0.156748 0.013491 0.494 0.286 0.102
0.396858 -0.161212 0.012011 0.616 0.486 0.373
0.398106 -0.168940 0.008994 0.588 0.459 0.345
0.403330 -0.184024 0.002520 0.549 0.435 0.337
0.408476 -0.199147 -0.003952 0.545 0.463 0.396
0.485961 -0.119673 0.005257 0.365 0.384 0.404
0.480947 -0.117055 0.007257 0.200 0.220 0.239
0.475426 -0.113655 0.009645 0.290 0.318 0.349
0.470988 -0.111783 0.011255 0.263 0.302 0.322
0.466568 -0.109901 0.012865 0.145 0.224 0.282
0.462690 -0.108784 0.014086 0.043 0.114 0.212
0.458825 -0.107659 0.015306 0.043 0.114 0.212
0.455493 -0.107302 0.016138 0.035 0.106 0.212
0.452170 -0.106941 0.016970 0.039 0.110 0.208
0.449371 -0.107354 0.017414 0.035 0.106 0.204
0.446576 -0.107764 0.017857 0.035 0.106 0.204
0.443786 -0.108171 0.018301 0.039 0.110 0.208
0.440493 -0.107794 0.019132 0.031 0.110 0.212
0.438219 -0.108979 0.019187 0.024 0.098 0.212
0.435442 -0.109379 0.019630 0.008 0.090 0.212
0.432670 -0.109777 0.020073 0.020 0.102 0.224
0.429902 -0.110173 0.020515 0.020 0.102 0.224
0.427140 -0.110566 0.020958 0.020 0.102 0.224
0.424875 -0.111746 0.021013 0.020 0.098 0.231
0.422119 -0.112135 0.021455 0.020 0.098 0.231
0.420345 -0.114105 0.021123 0.020 0.098 0.231
0.418567 -0.116077 0.020790 0.020 0.098 0.231
0.416784 -0.118052 0.020458 0.012 0.102 0.231
0.414996 -0.120029 0.020125 0.012 0.102 0.239
0.413204 -0.122008 0.019793 0.039 0.106 0.224
0.411408 -0.123990 0.019461 0.039 0.106 0.224
0.409607 -0.125974 0.019129 0.439 0.333 0.247
0.407801 -0.127961 0.018797 0.510 0.325 0.063
0.406461 -0.130750 0.018078 0.510 0.310 0.035
0.404644 -0.132743 0.017747 0.518 0.322 0.035
0.403288 -0.135541 0.017028 0.529 0.333 0.047
0.401923 -0.138344 0.016310 0.541 0.349 0.043
0.400548 -0.141152 0.015592 0.537 0.345 0.039
0.399624 -0.144771 0.014488 0.537 0.341 0.047
0.398229 -0.147589 0.013770 0.537 0.341 0.047
0.397734 -0.152031 0.012280 0.545 0.349 0.106
0.397673 -0.157293 0.010403 0.627 0.435 0.318
0.397589 -0.162566 0.008527 0.467 0.314 0.235
0.397929 -0.168664 0.006264 0.557 0.459 0.388
0.402250 -0.182103 0.000525 0.565 0.455 0.380
0.407831 -0.198023 -0.006372 0.537 0.463 0.412
0.486406 -0.120119 0.002137 0.369 0.392 0.400
0.480859 -0.116741 0.004539 0.200 0.224 0.231
0.475869 -0.114118 0.006550 0.224 0.243 0.271
0.470901 -0.111482 0.008560 0.275 0.314 0.333
0.466482 -0.109606 0.010179 0.271 0.341 0.376
0.462603 -0.108493 0.011407 0.043 0.114 0.204
0.459258 -0.108146 0.012244 0.039 0.110 0.200
0.455923 -0.107794 0.013081 0.031 0.102 0.200
0.452597 -0.107437 0.013917 0.027 0.098 0.204
0.449280 -0.107076 0.014754 0.027 0.098 0.204
0.446483 -0.107488 0.015199 0.027 0.098 0.204
0.443691 -0.107898 0.015645 0.020 0.090 0.196
0.440904 -0.108305 0.016090 0.016 0.090 0.204
0.438121 -0.108710 0.016536 0.016 0.090 0.204
0.435342 -0.109113 0.016981 0.008 0.090 0.204
0.432569 -0.109513 0.017426 0.016 0.098 0.220
0.429800 -0.109911 0.017871 0.016 0.098 0.220
0.427530 -0.111093 0.017926 0.016 0.098 0.220
0.425261 -0.112275 0.017981 0.016 0.094 0.227
0.422501 -0.112668 0.018426 0.016 0.094 0.227
0.420234 -0.113849 0.018481 0.020 0.098 0.231
0.418452 -0.115821 0.018147 0.016 0.094 0.227
0.416667 -0.117796 0.017812 0.012 0.102 0.239
0.414876 -0.119773 0.017477 0.012 0.102 0.239
0.413081 -0.121753 0.017143 0.035 0.102 0.227
0.411282 -0.123734 0.016809 0.043 0.110 0.235
0.409478 -0.125719 0.016474 0.435 0.325 0.251
0.407669 -0.127705 0.016140 0.502 0.318 0.055
0.406326 -0.130494 0.015417 0.510 0.298 0.027
0.404506 -0.132487 0.015083 0.525 0.329 0.043
0.403146 -0.135284 0.014360 0.537 0.341 0.055
0.401778 -0.138086 0.013638 0.541 0.349 0.043
0.400400 -0.140893 0.012915 0.537 0.345 0.039
0.399471 -0.144510 0.011804 0.537 0.341 0.047
0.398529 -0.148135 0.010693 0.537 0.341 0.047
0.398027 -0.152575 0.009193 0.616 0.424 0.208
0.397958 -0.157833 0.007305 0.518 0.318 0.220
0.397867 -0.163104 0.005418 0.447 0.306 0.224
0.398646 -0.170010 0.002753 0.600 0.459 0.376
0.401172 -0.180184 -0.001466 0.541 0.451 0.369
0.406302 -0.195270 -0.008015 0.541 0.467 0.416
0.486316 -0.119795 -0.000599 0.369 0.392 0.400
0.480770 -0.116425 0.001817 0.208 0.231 0.239
0.475780 -0.113808 0.003839 0.235 0.243 0.282
0.470814 -0.111179 0.005861 0.271 0.290 0.318
0.466918 -0.110079 0.007096 0.306 0.357 0.392
0.462515 -0.108200 0.008724 0.047 0.110 0.192
0.459169 -0.107856 0.009565 0.051 0.114 0.196
0.455833 -0.107507 0.010407 0.031 0.102 0.200
0.452506 -0.107154 0.011248 0.027 0.098 0.204
0.449701 -0.107572 0.011696 0.020 0.090 0.196
0.446900 -0.107988 0.012144 0.020 0.090 0.196
0.444104 -0.108401 0.012592 0.020 0.090 0.196
0.441312 -0.108812 0.013040 0.012 0.086 0.200
0.438526 -0.109220 0.013488 0.016 0.090 0.204
0.435743 -0.109626 0.013936 0.016 0.090 0.212
0.432966 -0.110030 0.014383 0.008 0.090 0.212
0.430192 -0.110431 0.014831 0.008 0.090 0.212
0.427918 -0.111616 0.014886 0.016 0.098 0.220
0.425152 -0.112013 0.015333 0.008 0.086 0.220
0.422880 -0.113197 0.015388 0.016 0.094 0.227
0.420609 -0.114380 0.015443 0.016 0.094 0.227
0.418337 -0.115563 0.015498 0.016 0.094 0.227
0.416548 -0.117538 0.015162 0.016 0.094 0.235
0.414755 -0.119515 0.014825 0.008 0.098 0.235
0.412957 -0.121495 0.014488 0.035 0.102 0.227
0.411155 -0.123477 0.014152 0.039 0.106 0.231
0.409348 -0.125461 0.013815 0.443 0.333 0.259
0.408008 -0.128246 0.013087 0.498 0.314 0.051
0.406189 -0.130236 0.012751 0.506 0.294 0.024
0.404833 -0.133029 0.012023 0.525 0.329 0.043
0.403003 -0.135025 0.011687 0.537 0.341 0.055
0.401631 -0.137826 0.010960 0.529 0.337 0.031
0.400250 -0.140632 0.010233 0.537 0.345 0.039
0.399318 -0.144247 0.009115 0.541 0.345 0.059
0.398827 -0.148676 0.007606 0.545 0.349 0.063
0.398318 -0.153114 0.006097 0.569 0.396 0.235
0.398241 -0.158369 0.004198 0.498 0.329 0.239
0.398142 -0.163637 0.002299 0.596 0.482 0.400
0.398466 -0.169727 0.000010 0.537 0.447 0.365
0.400539 -0.179080 -0.003843 0.533 0.443 0.361
0.404775 -0.192521 -0.009649 0.522 0.439 0.373
0.486224 -0.119470 -0.003339 0.376 0.396 0.416
0.481210 -0.116873 -0.001305 0.208 0.227 0.247
0.475691 -0.113497 0.001124 0.306 0.314 0.353
0.471251 -0.111642 0.002762 0.341 0.353 0.357
0.466829 -0.109778 0.004399 0.286 0.333 0.357
0.462947 -0.108674 0.005641 0.047 0.102 0.180
0.459079 -0.107564 0.006882 0.055 0.110 0.188
0.455742 -0.107219 0.007728 0.027 0.098 0.196
0.452928 -0.107643 0.008179 0.020 0.090 0.196
0.449606 -0.107289 0.009024 0.020 0.090 0.196
0.446804 -0.107707 0.009475 0.016 0.086 0.192
0.444006 -0.108122 0.009925 0.016 0.086 0.192
0.441213 -0.108535 0.010376 0.012 0.090 0.192
0.438928 -0.109726 0.010431 0.012 0.086 0.200
0.436142 -0.110135 0.010881 0.012 0.086 0.208
0.433360 -0.110542 0.011331 0.004 0.086 0.208
0.430583 -0.110947 0.011781 0.004 0.086 0.208
0.427810 -0.111349 0.012231 0.008 0.086 0.220
0.425534 -0.112535 0.012286 0.004 0.082 0.216
0.423258 -0.113721 0.012341 0.008 0.086 0.220
0.420981 -0.114907 0.012396 0.016 0.094 0.227
0.418705 -0.116092 0.012451 0.016 0.094 0.227
0.416911 -0.118068 0.012112 0.016 0.094 0.235
0.415113 -0.120047 0.011773 0.008 0.098 0.235
0.413310 -0.122028 0.011435 0.035 0.102 0.227
0.411502 -0.124011 0.011096 0.035 0.102 0.227
0.409690 -0.125997 0.010757 0.451 0.341 0.275
0.407873 -0.127985 0.010419 0.494 0.322 0.055
0.406520 -0.130773 0.009686 0.502 0.290 0.020
0.404692 -0.132768 0.009348 0.529 0.333 0.047
0.403324 -0.135564 0.008616 0.537 0.341 0.055
0.401946 -0.138365 0.007885 0.525 0.329 0.035
0.400559 -0.141171 0.007153 0.537 0.329 0.039
0.399620 -0.144786 0.006028 0.533 0.322 0.067
0.398667 -0.148408 0.004904 0.537 0.325 0.071
0.398153 -0.152843 0.003386 0.565 0.396 0.243
0.398522 -0.158902 0.001082 0.518 0.369 0.271
0.398415 -0.164166 -0.000828 0.561 0.451 0.376
0.398730 -0.170253 -0.003131 0.525 0.435 0.353
0.400349 -0.178786 -0.006613 0.533 0.443 0.361
0.402809 -0.188964 -0.010880 0.514 0.431 0.365
0.486131 -0.119142 -0.006084 0.365 0.388 0.396
0.481118 -0.116551 -0.004039 0.208 0.231 0.239
0.476128 -0.113949 -0.001994 0.282 0.302 0.337
0.471160 -0.111334 0.000051 0.302 0.322 0.349
0.467262 -0.110243 0.001300 0.204 0.247 0.282
0.462856 -0.108376 0.002946 0.051 0.106 0.184
0.458988 -0.107270 0.004194 0.055 0.110 0.188
0.455649 -0.106928 0.005045 0.027 0.098 0.196
0.452834 -0.107354 0.005498 0.020 0.090 0.196
0.449511 -0.107004 0.006348 0.020 0.090 0.196
0.446707 -0.107424 0.006801 0.016 0.086 0.192
0.443908 -0.107842 0.007254 0.012 0.082 0.188
0.441618 -0.109034 0.007309 0.008 0.086 0.188
0.438825 -0.109449 0.007762 0.012 0.086 0.200
0.436037 -0.109860 0.008214 0.012 0.086 0.208
0.433752 -0.111051 0.008270 0.004 0.086 0.208
0.430971 -0.111459 0.008722 0.004 0.086 0.208
0.428194 -0.111865 0.009174 0.008 0.086 0.220
0.425913 -0.113053 0.009229 0.004 0.082 0.216
0.423632 -0.114241 0.009285 0.008 0.086 0.227
0.421352 -0.115429 0.009340 0.008 0.086 0.227
0.419071 -0.116617 0.009395 0.016 0.094 0.235
0.417272 -0.118595 0.009054 0.016 0.094 0.235
0.415468 -0.120574 0.008713 0.008 0.098 0.235
0.413660 -0.122557 0.008372 0.031 0.098 0.224
0.411847 -0.124541 0.008031 0.035 0.102 0.227
0.410030 -0.126528 0.007690 0.443 0.341 0.282
0.408208 -0.128518 0.007350 0.494 0.318 0.063
0.406381 -0.130510 0.007009 0.498 0.286 0.016
0.405016 -0.133302 0.006273 0.522 0.302 0.043
0.403178 -0.135300 0.005932 0.514 0.294 0.035
0.401796 -0.138100 0.005196 0.518 0.286 0.031
0.400406 -0.140905 0.004460 0.529 0.286 0.043
0.399463 -0.144518 0.003329 0.510 0.278 0.086
0.398960 -0.148941 0.001801 0.522 0.290 0.098
0.398439 -0.153374 0.000275 0.518 0.341 0.208
0.398350 -0.158623 -0.001647 0.514 0.380 0.294
0.398238 -0.163884 -0.003569 0.529 0.435 0.345
0.398547 -0.169965 -0.005885 0.529 0.435 0.345
0.399273 -0.176870 -0.008596 0.533 0.439 0.349
0.401288 -0.186225 -0.012494 0.533 0.435 0.357
0.486037 -0.118812 -0.008834 0.388 0.400 0.412
0.481025 -0.116228 -0.006777 0.208 0.220 0.231
0.476035 -0.113632 -0.004720 0.298 0.318 0.353
0.471593 -0.111789 -0.003064 0.153 0.180 0.212
0.467170 -0.109937 -0.001408 0.231 0.267 0.306
0.462764 -0.108075 0.000247 0.075 0.129 0.208
0.459413 -0.107743 0.001102 0.055 0.110 0.188
0.456071 -0.107406 0.001958 0.031 0.102 0.200
0.452738 -0.107063 0.002813 0.016 0.086 0.192
0.449926 -0.107489 0.003268 0.016 0.086 0.192
0.447118 -0.107913 0.003723 0.012 0.082 0.188
0.444314 -0.108334 0.004178 0.012 0.082 0.188
0.441516 -0.108753 0.004633 0.008 0.086 0.188
0.439223 -0.109947 0.004689 0.008 0.082 0.196
0.436431 -0.110362 0.005144 0.008 0.082 0.204
0.433644 -0.110775 0.005598 0.004 0.086 0.208
0.431356 -0.111967 0.005654 0.004 0.086 0.208
0.428576 -0.112376 0.006108 0.008 0.086 0.220
0.426290 -0.113566 0.006164 0.004 0.082 0.216
0.424005 -0.114757 0.006219 0.004 0.082 0.216
0.421719 -0.115947 0.006275 0.008 0.086 0.220
0.419434 -0.117138 0.006330 0.008 0.086 0.220
0.417630 -0.119116 0.005987 0.016 0.094 0.235
0.415821 -0.121098 0.005643 0.008 0.086 0.227
0.414007 -0.123081 0.005300 0.031 0.098 0.224
0.412189 -0.125067 0.004957 0.039 0.106 0.231
0.409895 -0.126263 0.005013 0.400 0.294 0.263
0.408540 -0.129047 0.004271 0.498 0.290 0.063
0.406708 -0.131040 0.003929 0.502 0.282 0.024
0.404872 -0.133035 0.003586 0.494 0.263 0.016
0.403494 -0.135831 0.002845 0.506 0.275 0.027
0.402106 -0.138632 0.002105 0.522 0.278 0.035
0.400710 -0.141437 0.001364 0.525 0.278 0.047
0.399761 -0.145049 0.000226 0.510 0.263 0.094
0.398797 -0.148668 -0.000912 0.537 0.290 0.122
0.398272 -0.153098 -0.002448 0.510 0.337 0.212
0.397728 -0.157538 -0.003983 0.576 0.463 0.380
0.398059 -0.163599 -0.006314 0.463 0.369 0.278
0.397919 -0.168868 -0.008246 0.541 0.435 0.349
0.398197 -0.174957 -0.010576 0.525 0.420 0.333
0.399769 -0.183490 -0.014098 0.545 0.435 0.361
0.485942 -0.118480 -0.011588 0.404 0.416 0.420
0.480930 -0.115903 -0.009520 0.204 0.216 0.220
0.476468 -0.114076 -0.007854 0.278 0.306 0.337
0.472024 -0.112240 -0.006188 0.271 0.318 0.333
0.467598 -0.110395 -0.004523 0.337 0.384 0.400
0.463190 -0.108540 -0.002859 0.086 0.141 0.220
0.459836 -0.108212 -0.001999 0.055 0.110 0.188
0.456491 -0.107879 -0.001139 0.027 0.098 0.196
0.453154 -0.107541 -0.000279 0.016 0.086 0.192
0.450338 -0.107971 0.000179 0.012 0.082 0.188
0.447526 -0.108398 0.000636 0.012 0.082 0.188
0.444719 -0.108822 0.001094 0.012 0.082 0.188
0.441916 -0.109245 0.001551 0.004 0.082 0.184
0.439118 -0.109664 0.002008 0.008 0.082 0.196
0.436324 -0.110082 0.002465 0.008 0.082 0.196
0.434032 -0.111276 0.002521 0.000 0.082 0.204
0.431739 -0.112470 0.002577 0.004 0.086 0.208
0.428955 -0.112883 0.003033 0.004 0.086 0.208
0.426665 -0.114075 0.003089 0.004 0.086 0.208
0.424375 -0.115268 0.003145 0.004 0.082 0.216
0.422085 -0.116461 0.003200 0.008 0.086 0.220
0.419795 -0.117654 0.003256 0.008 0.086 0.220
0.417505 -0.118847 0.003311 0.008 0.086 0.227
0.415693 -0.120828 0.002966 0.008 0.086 0.227
0.413876 -0.122812 0.002620 0.031 0.098 0.224
0.412056 -0.124798 0.002275 0.039 0.106 0.231
0.410230 -0.126787 0.001930 0.392 0.294 0.259
0.408400 -0.128778 0.001585 0.502 0.294 0.075
0.407032 -0.131565 0.000839 0.506 0.294 0.031
0.405191 -0.133562 0.000494 0.486 0.251 0.016
0.403345 -0.135562 0.000150 0.486 0.251 0.016
0.401954 -0.138361 -0.000595 0.514 0.259 0.047
0.400554 -0.141166 -0.001340 0.514 0.259 0.047
0.399601 -0.144776 -0.002485 0.502 0.243 0.086
0.398633 -0.148393 -0.003630 0.514 0.255 0.098
0.398103 -0.152820 -0.005175 0.588 0.424 0.298
0.397554 -0.157256 -0.006719 0.514 0.408 0.306
0.397434 -0.162507 -0.008664 0.455 0.341 0.251
0.397290 -0.167771 -0.010607 0.545 0.412 0.325
0.397565 -0.173853 -0.012950 0.525 0.392 0.306
0.398252 -0.180759 -0.015693 0.549 0.435 0.353
0.481363 -0.116336 -0.012671 0.251 0.251 0.251
0.476898 -0.114516 -0.010996 0.251 0.259 0.282
0.472452 -0.112687 -0.009322 0.263 0.302 0.322
0.468024 -0.110848 -0.007647 0.282 0.329 0.337
0.464133 -0.109766 -0.006378 0.106 0.165 0.231
0.460256 -0.108677 -0.005109 0.055 0.114 0.180
0.456908 -0.108348 -0.004244 0.027 0.098 0.196
0.453568 -0.108015 -0.003380 0.016 0.086 0.192
0.450748 -0.108448 -0.002920 0.012 0.082 0.188
0.447932 -0.108878 -0.002460 0.012 0.082 0.188
0.445120 -0.109306 -0.002000 0.008 0.078 0.184
0.442314 -0.109732 -0.001540 0.008 0.078 0.184
0.439511 -0.110155 -0.001081 0.008 0.082 0.196
0.436714 -0.110576 -0.000621 0.008 0.082 0.196
0.434417 -0.111773 -0.000565 0.008 0.082 0.196
0.432120 -0.112969 -0.000510 0.008 0.082 0.196
0.429331 -0.113385 -0.000050 0.004 0.086 0.208
0.427037 -0.114580 0.000005 0.004 0.086 0.208
0.424742 -0.115776 0.000061 0.004 0.086 0.208
0.422448 -0.116971 0.000116 0.004 0.082 0.216
0.420153 -0.118166 0.000172 0.008 0.086 0.220
0.417858 -0.119361 0.000228 0.008 0.086 0.220
0.416041 -0.121344 -0.000120 0.008 0.086 0.227
0.414220 -0.123329 -0.000467 0.027 0.102 0.224
0.412394 -0.125317 -0.000815 0.035 0.110 0.231
0.410563 -0.127306 -0.001162 0.388 0.286 0.271
0.408728 -0.129299 -0.001509 0.502 0.310 0.078
0.406888 -0.131293 -0.001857 0.518 0.329 0.039
0.405508 -0.134085 -0.002607 0.494 0.247 0.024
0.403656 -0.136086 -0.002953 0.486 0.239 0.016
0.401800 -0.138089 -0.003300 0.506 0.239 0.047
0.400397 -0.140892 -0.004049 0.506 0.235 0.055
0.399439 -0.144500 -0.005201 0.518 0.259 0.082
0.398015 -0.147314 -0.005950 0.549 0.290 0.114
0.397483 -0.151737 -0.007504 0.553 0.333 0.188
0.396932 -0.156169 -0.009058 0.584 0.431 0.318
0.396808 -0.161415 -0.011013 0.525 0.369 0.267
0.396218 -0.165868 -0.012566 0.525 0.357 0.259
0.396492 -0.171943 -0.014923 0.533 0.376 0.282
0.396299 -0.177225 -0.016876 0.549 0.435 0.353
0.481793 -0.116766 -0.015832 0.392 0.396 0.373
0.477326 -0.114953 -0.014148 0.275 0.231 0.196
0.472877 -0.113130 -0.012464 0.251 0.212 0.212
0.468968 -0.112061 -0.011187 0.224 0.243 0.263
0.464554 -0.110221 -0.009504 0.129 0.176 0.239
0.460674 -0.109137 -0.008228 0.063 0.110 0.173
0.457322 -0.108813 -0.007359 0.039 0.102 0.184
0.453979 -0.108484 -0.006490 0.016 0.086 0.184
0.451155 -0.108921 -0.006028 0.012 0.082 0.180
0.448335 -0.109355 -0.005565 0.012 0.082 0.180
0.445520 -0.109786 -0.005103 0.008 0.078 0.176
0.442709 -0.110215 -0.004641 0.008 0.078 0.184
0.439903 -0.110642 -0.004179 0.008 0.086 0.188
0.437101 -0.111066 -0.003717 0.008 0.082 0.196
0.434800 -0.112265 -0.003661 0.004 0.078 0.192
0.432498 -0.113464 -0.003605 0.008 0.082 0.196
0.429706 -0.113883 -0.003143 0.004 0.086 0.208
0.427406 -0.115081 -0.003088 0.004 0.086 0.208
0.425107 -0.116279 -0.003032 0.004 0.086 0.208
0.422808 -0.117476 -0.002976 0.004 0.082 0.216
0.420509 -0.118674 -0.002920 0.008 0.086 0.220
0.418210 -0.119872 -0.002865 0.008 0.086 0.220
0.415910 -0.121069 -0.002809 0.008 0.086 0.227
0.414086 -0.123054 -0.003159 0.024 0.098 0.220
0.412257 -0.125042 -0.003508 0.035 0.110 0.231
0.410423 -0.127032 -0.003858 0.380 0.298 0.278
0.408585 -0.129025 -0.004207 0.502 0.325 0.071
0.406743 -0.131019 -0.004557 0.510 0.329 0.031
0.405359 -0.133810 -0.005311 0.494 0.243 0.031
0.403504 -0.135811 -0.005660 0.486 0.235 0.024
0.402104 -0.138610 -0.006414 0.494 0.235 0.059
0.400695 -0.141414 -0.007168 0.490 0.231 0.067
0.399277 -0.144222 -0.007922 0.510 0.251 0.094
0.397849 -0.147036 -0.008675 0.525 0.267 0.110
0.396862 -0.150655 -0.009833 0.537 0.290 0.137
0.396309 -0.155083 -0.011396 0.541 0.325 0.196
0.395737 -0.159520 -0.012958 0.522 0.341 0.220
0.395147 -0.163967 -0.014520 0.514 0.349 0.231
0.395419 -0.170035 -0.016890 0.537 0.373 0.255
0.394788 -0.174504 -0.018451 0.561 0.482 0.396
0.482220 -0.117191 -0.019002 0.396 0.400 0.376
0.477227 -0.114624 -0.016900 0.318 0.278 0.231
0.473301 -0.113568 -0.015616 0.282 0.196 0.165
0.469389 -0.112505 -0.014332 0.227 0.169 0.165
0.465490 -0.111435 -0.013049 0.153 0.176 0.227
0.461605 -0.110358 -0.011766 0.082 0.106 0.157
0.458248 -0.110040 -0.010892 0.043 0.098 0.176
0.454899 -0.109717 -0.010018 0.024 0.082 0.176
0.451560 -0.109389 -0.009144 0.020 0.078 0.180
0.448736 -0.109827 -0.008679 0.012 0.082 0.180
0.445917 -0.110262 -0.008215 0.012 0.082 0.180
0.443102 -0.110694 -0.007750 0.008 0.078 0.176
0.440292 -0.111124 -0.007286 0.012 0.082 0.188
0.437486 -0.111552 -0.006822 0.008 0.082 0.196
0.435180 -0.112753 -0.006766 0.004 0.078 0.200
0.432874 -0.113955 -0.006710 0.008 0.082 0.204
0.430568 -0.115156 -0.006654 0.012 0.086 0.208
0.427774 -0.115578 -0.006190 0.004 0.086 0.208
0.425470 -0.116778 -0.006134 0.004 0.086 0.208
0.422683 -0.117196 -0.005670 0.004 0.082 0.216
0.420862 -0.119178 -0.006022 0.008 0.086 0.220
0.418558 -0.120378 -0.005966 0.008 0.086 0.220
0.416255 -0.121578 -0.005910 0.016 0.094 0.227
0.413951 -0.122778 -0.005855 0.024 0.098 0.220
0.412119 -0.124765 -0.006207 0.039 0.114 0.235
0.410283 -0.126756 -0.006558 0.412 0.337 0.314
0.408441 -0.128748 -0.006910 0.494 0.318 0.071
0.406596 -0.130743 -0.007262 0.510 0.310 0.051
0.405208 -0.133533 -0.008020 0.486 0.298 0.153
0.403351 -0.135534 -0.008372 0.596 0.408 0.263
0.401490 -0.137537 -0.008723 0.573 0.478 0.388
0.400079 -0.140339 -0.009481 0.557 0.471 0.376
0.398660 -0.143145 -0.010239 0.435 0.212 0.094
0.397231 -0.145957 -0.010997 0.482 0.259 0.141
0.396242 -0.149572 -0.012162 0.522 0.263 0.114
0.395686 -0.153996 -0.013734 0.545 0.314 0.165
0.395112 -0.158430 -0.015305 0.533 0.325 0.188
0.394519 -0.162872 -0.016876 0.490 0.384 0.298
0.393908 -0.167325 -0.018447 0.604 0.498 0.412
0.393279 -0.171787 -0.020016 0.518 0.502 0.459
0.477650 -0.115053 -0.020067 0.404 0.396 0.365
0.474243 -0.114763 -0.019188 0.427 0.388 0.333
0.470326 -0.113707 -0.017897 0.388 0.314 0.255
0.466423 -0.112643 -0.016607 0.369 0.271 0.200
0.462533 -0.111573 -0.015316 0.349 0.251 0.180
0.459169 -0.111261 -0.014438 0.165 0.102 0.075
0.455815 -0.110943 -0.013559 0.063 0.075 0.141
0.452470 -0.110621 -0.012681 0.027 0.078 0.176
0.449640 -0.111063 -0.012214 0.020 0.078 0.180
0.446814 -0.111503 -0.011747 0.020 0.078 0.180
0.443993 -0.111940 -0.011280 0.008 0.078 0.169
0.441177 -0.112375 -0.010813 0.012 0.082 0.188
0.438365 -0.112807 -0.010346 0.012 0.082 0.188
0.435558 -0.113237 -0.009879 0.004 0.078 0.200
0.433247 -0.114441 -0.009823 0.008 0.082 0.204
0.430447 -0.114867 -0.009357 0.008 0.082 0.196
0.428139 -0.116070 -0.009301 0.012 0.086 0.208
0.425345 -0.116493 -0.008835 0.004 0.086 0.208
0.423039 -0.117694 -0.008779 0.008 0.086 0.220
0.420733 -0.118895 -0.008723 0.016 0.094 0.227
0.418427 -0.120096 -0.008667 0.008 0.086 0.220
0.416121 -0.121298 -0.008611 0.008 0.086 0.220
0.413814 -0.122499 -0.008555 0.024 0.098 0.220
0.411980 -0.124487 -0.008909 0.035 0.110 0.231
0.410140 -0.126477 -0.009263 0.392 0.329 0.310
0.408296 -0.128470 -0.009617 0.486 0.294 0.071
0.406448 -0.130465 -0.009971 0.494 0.286 0.059
0.404595 -0.132462 -0.010324 0.557 0.412 0.294
0.402737 -0.134462 -0.010678 0.608 0.463 0.345
0.400875 -0.136464 -0.011031 0.525 0.478 0.400
0.399463 -0.139264 -0.011794 0.529 0.475 0.408
0.398042 -0.142068 -0.012557 0.424 0.212 0.110
0.396613 -0.144877 -0.013320 0.463 0.251 0.149
0.395622 -0.148490 -0.014491 0.522 0.259 0.122
0.395063 -0.152909 -0.016072 0.537 0.306 0.157
0.394043 -0.156538 -0.017243 0.471 0.306 0.196
0.393450 -0.160975 -0.018823 0.557 0.510 0.447
0.392839 -0.165422 -0.020403 0.553 0.506 0.443
0.391773 -0.169074 -0.021573 0.498 0.502 0.467
0.478071 -0.115477 -0.023244 0.396 0.404 0.369
0.474661 -0.115192 -0.022360 0.404 0.396 0.349
0.470741 -0.114141 -0.021062 0.427 0.388 0.333
0.467351 -0.113845 -0.020178 0.408 0.337 0.259
0.463457 -0.112781 -0.018881 0.349 0.278 0.200
0.459576 -0.111711 -0.017584 0.365 0.278 0.184
0.456728 -0.112163 -0.017114 0.173 0.094 0.055
0.453377 -0.111847 -0.016231 0.075 0.063 0.125
0.450541 -0.112294 -0.015762 0.031 0.075 0.165
0.447709 -0.112738 -0.015292 0.031 0.075 0.165
0.444881 -0.113180 -0.014823 0.020 0.078 0.173
0.442059 -0.113619 -0.014353 0.012 0.082 0.180
0.439241 -0.114056 -0.013884 0.012 0.082 0.188
0.436427 -0.114491 -0.013415 0.004 0.078 0.192
0.433618 -0.114923 -0.012946 0.008 0.082 0.196
0.430814 -0.115353 -0.012477 0.012 0.086 0.200
0.428501 -0.116558 -0.012421 0.012 0.086 0.208
0.425703 -0.116984 -0.011953 0.004 0.086 0.208
0.423393 -0.118188 -0.011896 0.008 0.086 0.220
0.420602 -0.118611 -0.011428 0.016 0.094 0.227
0.418294 -0.119813 -0.011372 0.008 0.086 0.220
0.415985 -0.121015 -0.011316 0.016 0.094 0.227
0.413677 -0.122218 -0.011260 0.035 0.102 0.220
0.411369 -0.123420 -0.011204 0.047 0.114 0.231
0.409529 -0.125409 -0.011560 0.357 0.282 0.275
0.407684 -0.127401 -0.011917 0.486 0.275 0.082
0.405835 -0.129395 -0.012273 0.498 0.275 0.078
0.403981 -0.131391 -0.012629 0.557 0.443 0.353
0.402123 -0.133390 -0.012984 0.584 0.471 0.380
0.400260 -0.135391 -0.013340 0.518 0.486 0.431
0.398847 -0.138189 -0.014108 0.514 0.490 0.431
0.397425 -0.140991 -0.014875 0.455 0.322 0.243
0.395994 -0.143798 -0.015642 0.396 0.263 0.184
0.395002 -0.147408 -0.016821 0.494 0.298 0.208
0.394441 -0.151823 -0.018410 0.600 0.490 0.424
0.393418 -0.155448 -0.019588 0.525 0.498 0.459
0.392382 -0.159080 -0.020766 0.506 0.510 0.486
0.391333 -0.162719 -0.021943 0.510 0.514 0.490
0.477967 -0.115140 -0.026014 0.412 0.412 0.388
0.474556 -0.114858 -0.025125 0.416 0.408 0.361
0.471154 -0.114571 -0.024236 0.412 0.404 0.357
0.467761 -0.114280 -0.023348 0.400 0.388 0.333
0.464377 -0.113984 -0.022459 0.400 0.388 0.333
0.460491 -0.112920 -0.021156 0.404 0.376 0.310
0.457127 -0.112613 -0.020268 0.400 0.349 0.255
0.454280 -0.113066 -0.019795 0.349 0.251 0.173
0.450933 -0.112751 -0.018908 0.349 0.200 0.165
0.448097 -0.113199 -0.018436 0.322 0.173 0.137
0.445266 -0.113644 -0.017964 0.235 0.106 0.110
0.442439 -0.114087 -0.017493 0.141 0.059 0.094
0.439617 -0.114527 -0.017021 0.106 0.059 0.118
0.436800 -0.114965 -0.016549 0.075 0.059 0.133
0.433987 -0.115401 -0.016078 0.071 0.055 0.129
0.431178 -0.115834 -0.015607 0.047 0.067 0.137
0.428861 -0.117042 -0.015551 0.047 0.067 0.145
0.426059 -0.117471 -0.015080 0.055 0.071 0.161
0.423263 -0.117899 -0.014609 0.106 0.118 0.192
0.420470 -0.118324 -0.014138 0.114 0.125 0.200
0.418160 -0.119527 -0.014082 0.110 0.114 0.173
0.415849 -0.120731 -0.014026 0.122 0.118 0.161
0.413066 -0.121151 -0.013555 0.157 0.106 0.122
0.410757 -0.122354 -0.013499 0.161 0.110 0.125
0.408917 -0.124342 -0.013858 0.427 0.251 0.161
0.407072 -0.126332 -0.014216 0.490 0.263 0.094
0.405222 -0.128325 -0.014574 0.494 0.267 0.106
0.403368 -0.130321 -0.014933 0.545 0.447 0.376
0.401509 -0.132318 -0.015291 0.584 0.486 0.416
0.399645 -0.134318 -0.015649 0.518 0.494 0.443
0.397777 -0.136321 -0.016007 0.510 0.498 0.443
0.396356 -0.139120 -0.016778 0.475 0.408 0.353
0.394926 -0.141924 -0.017550 0.561 0.478 0.420
0.394381 -0.146325 -0.019150 0.584 0.502 0.443
0.393373 -0.149939 -0.020335 0.522 0.490 0.443
0.392351 -0.153559 -0.021519 0.498 0.502 0.467
0.390875 -0.156387 -0.022290 0.486 0.514 0.490
0.390266 -0.160822 -0.023888 0.463 0.490 0.467
0.474450 -0.114522 -0.027895 0.424 0.424 0.408
0.471564 -0.114997 -0.027420 0.431 0.435 0.400
0.467652 -0.113951 -0.026108 0.420 0.427 0.392
0.464780 -0.114419 -0.025633 0.396 0.400 0.357
0.461402 -0.114122 -0.024741 0.396 0.380 0.337
0.458033 -0.113821 -0.023848 0.424 0.396 0.329
0.454673 -0.113515 -0.022956 0.455 0.380 0.314
0.451323 -0.113204 -0.022063 0.376 0.255 0.204
0.448483 -0.113655 -0.021589 0.302 0.180 0.129
0.445648 -0.114104 -0.021115 0.322 0.184 0.125
0.442817 -0.114550 -0.020641 0.353 0.204 0.161
0.439991 -0.114994 -0.020167 0.341 0.180 0.149
0.437170 -0.115436 -0.019693 0.333 0.208 0.184
0.434353 -0.115875 -0.019219 0.325 0.200 0.176
0.431541 -0.116312 -0.018745 0.310 0.224 0.184
0.428733 -0.116746 -0.018272 0.271 0.192 0.161
0.426413 -0.117954 -0.018216 0.271 0.180 0.161
0.423131 -0.117608 -0.017325 0.294 0.212 0.161
0.420337 -0.118035 -0.016852 0.322 0.239 0.188
0.418024 -0.119240 -0.016796 0.369 0.298 0.220
0.415237 -0.119663 -0.016323 0.384 0.318 0.212
0.412455 -0.120085 -0.015850 0.447 0.361 0.216
0.410146 -0.121287 -0.015794 0.420 0.333 0.188
0.408305 -0.123274 -0.016155 0.400 0.259 0.106
0.406459 -0.125264 -0.016515 0.447 0.251 0.110
0.404609 -0.127256 -0.016876 0.431 0.259 0.149
0.402294 -0.128461 -0.016820 0.506 0.451 0.384
0.400436 -0.130457 -0.017180 0.553 0.498 0.431
0.398575 -0.132455 -0.017541 0.506 0.498 0.451
0.397162 -0.135247 -0.018317 0.506 0.510 0.467
0.395740 -0.138044 -0.019094 0.498 0.502 0.467
0.394308 -0.140845 -0.019870 0.494 0.498 0.463
0.393314 -0.144447 -0.021062 0.498 0.502 0.467
0.391863 -0.147260 -0.021838 0.490 0.498 0.463
0.390843 -0.150875 -0.023030 0.478 0.502 0.494
0.389371 -0.153698 -0.023805 0.333 0.353 0.388
0.473823 -0.113428 -0.030249 0.267 0.267 0.267
0.470938 -0.113904 -0.029772 0.376 0.376 0.376
0.467542 -0.113620 -0.028874 0.424 0.431 0.396
0.464669 -0.114090 -0.028396 0.424 0.431 0.396
0.461290 -0.113796 -0.027499 0.420 0.427 0.392
0.458427 -0.114261 -0.027022 0.400 0.404 0.361
0.455064 -0.113959 -0.026125 0.400 0.384 0.341
0.451710 -0.113653 -0.025228 0.420 0.396 0.345
0.448867 -0.114107 -0.024751 0.420 0.396 0.345
0.446027 -0.114559 -0.024275 0.427 0.400 0.333
0.443193 -0.115009 -0.023798 0.463 0.416 0.345
0.440363 -0.115457 -0.023322 0.482 0.416 0.345
0.437537 -0.115902 -0.022845 0.471 0.400 0.322
0.434716 -0.116344 -0.022369 0.463 0.392 0.314
0.431900 -0.116785 -0.021893 0.463 0.392 0.314
0.429089 -0.117222 -0.021417 0.451 0.384 0.286
0.426281 -0.117658 -0.020941 0.471 0.404 0.306
0.422999 -0.117314 -0.020046 0.482 0.416 0.310
0.420203 -0.117744 -0.019571 0.498 0.431 0.325
0.417412 -0.118171 -0.019095 0.490 0.431 0.322
0.414625 -0.118596 -0.018620 0.502 0.455 0.341
0.411843 -0.119018 -0.018145 0.506 0.467 0.357
0.409535 -0.120221 -0.018089 0.498 0.471 0.357
0.407693 -0.122207 -0.018452 0.498 0.471 0.357
0.405847 -0.124195 -0.018815 0.502 0.471 0.376
0.403534 -0.125400 -0.018759 0.506 0.475 0.420
0.401221 -0.126605 -0.018703 0.498 0.486 0.431
0.399365 -0.128598 -0.019066 0.506 0.494 0.439
0.397960 -0.131383 -0.019847 0.486 0.494 0.451
0.396093 -0.133382 -0.020210 0.478 0.494 0.467
0.394672 -0.136176 -0.020991 0.482 0.498 0.471
0.393242 -0.138974 -0.021771 0.478 0.494 0.467
0.392249 -0.142572 -0.022971 0.471 0.486 0.459
0.390798 -0.145381 -0.023751 0.337 0.349 0.353
0.389338 -0.148194 -0.024531 0.216 0.235 0.263
0.466917 -0.112529 -0.031221 0.263 0.267 0.251
0.464044 -0.113000 -0.030741 0.310 0.314 0.298
0.461176 -0.113469 -0.030262 0.455 0.459 0.435
0.457805 -0.113174 -0.029360 0.420 0.427 0.392
0.454948 -0.113637 -0.028881 0.412 0.420 0.384
0.452096 -0.114097 -0.028401 0.412 0.416 0.380
0.448747 -0.113791 -0.027500 0.412 0.416 0.380
0.445906 -0.114245 -0.027021 0.416 0.408 0.361
0.443070 -0.114697 -0.026542 0.424 0.416 0.369
0.440238 -0.115147 -0.026064 0.439 0.408 0.353
0.437411 -0.115594 -0.025585 0.451 0.424 0.357
0.434589 -0.116039 -0.025107 0.455 0.427 0.361
0.431771 -0.116481 -0.024628 0.455 0.427 0.361
0.428473 -0.116148 -0.023728 0.463 0.435 0.361
0.425667 -0.116585 -0.023250 0.467 0.439 0.365
0.422865 -0.117019 -0.022772 0.475 0.447 0.373
0.419590 -0.116674 -0.021873 0.475 0.447 0.373
0.416799 -0.117102 -0.021395 0.478 0.451 0.376
0.414014 -0.117528 -0.020917 0.475 0.455 0.376
0.411232 -0.117952 -0.020440 0.482 0.463 0.384
0.408924 -0.119154 -0.020384 0.478 0.471 0.396
0.407081 -0.121139 -0.020749 0.478 0.471 0.396
0.404771 -0.122343 -0.020693 0.482 0.471 0.416
0.402460 -0.123546 -0.020637 0.486 0.478 0.431
0.400609 -0.125536 -0.021002 0.482 0.486 0.451
0.398752 -0.127528 -0.021367 0.490 0.494 0.459
0.396892 -0.129523 -0.021732 0.475 0.490 0.463
0.395026 -0.131520 -0.022097 0.463 0.490 0.467
0.393606 -0.134310 -0.022883 0.447 0.475 0.451
0.392177 -0.137105 -0.023668 0.431 0.455 0.455
0.390739 -0.139905 -0.024453 0.353 0.376 0.376
0.460043 -0.111621 -0.032180 0.243 0.243 0.243
0.457182 -0.112087 -0.031698 0.435 0.431 0.439
0.454326 -0.112551 -0.031217 0.435 0.439 0.424
0.451474 -0.113013 -0.030735 0.420 0.424 0.400
0.448627 -0.113472 -0.030254 0.412 0.416 0.392
0.445784 -0.113928 -0.029772 0.412 0.416 0.373
0.442946 -0.114383 -0.029291 0.416 0.420 0.376
0.440113 -0.114835 -0.028810 0.416 0.420 0.376
0.437284 -0.115284 -0.028329 0.427 0.431 0.388
0.433972 -0.114962 -0.027424 0.431 0.435 0.392
0.431154 -0.115405 -0.026944 0.435 0.439 0.396
0.427858 -0.115075 -0.026039 0.439 0.443 0.400
0.425052 -0.115512 -0.025559 0.451 0.455 0.412
0.422251 -0.115947 -0.025078 0.455 0.459 0.416
0.418977 -0.115605 -0.024174 0.455 0.459 0.416
0.416187 -0.116034 -0.023694 0.455 0.459 0.416
0.412930 -0.115683 -0.022791 0.459 0.463 0.420
0.410621 -0.116885 -0.022735 0.459 0.467 0.424
0.408313 -0.118088 -0.022679 0.455 0.475 0.435
0.406004 -0.119290 -0.022623 0.451 0.471 0.431
0.403696 -0.120492 -0.022567 0.451 0.471 0.431
0.401388 -0.121695 -0.022511 0.451 0.467 0.439
0.399538 -0.123682 -0.022878 0.447 0.463 0.443
0.397683 -0.125672 -0.023246 0.439 0.455 0.435
0.395824 -0.127664 -0.023613 0.392 0.416 0.416
0.393961 -0.129659 -0.023980 0.255 0.275 0.294
0.392542 -0.132446 -0.024770 0.220 0.251 0.255
0.450351 -0.111167 -0.032642 0.216 0.216 0.224
0.447507 -0.111626 -0.032158 0.200 0.200 0.208
0.444667 -0.112082 -0.031675 0.278 0.278 0.286
0.441832 -0.112536 -0.031191 0.380 0.380 0.380
0.439002 -0.112988 -0.030708 0.396 0.400 0.384
0.436176 -0.113438 -0.030225 0.412 0.416 0.392
0.433354 -0.113885 -0.029742 0.424 0.427 0.404
0.430052 -0.113560 -0.028833 0.424 0.431 0.396
0.427242 -0.114001 -0.028350 0.416 0.435 0.396
0.424437 -0.114439 -0.027867 0.416 0.435 0.396
0.421158 -0.114102 -0.026958 0.416 0.435 0.396
0.418364 -0.114535 -0.026476 0.427 0.447 0.408
0.415101 -0.114190 -0.025568 0.427 0.447 0.408
0.412318 -0.114616 -0.025086 0.451 0.459 0.424
0.410010 -0.115819 -0.025030 0.443 0.463 0.424
0.407234 -0.116242 -0.024548 0.435 0.463 0.431
0.404928 -0.117443 -0.024492 0.420 0.447 0.416
0.402622 -0.118644 -0.024436 0.431 0.459 0.427
0.400316 -0.119845 -0.024380 0.420 0.447 0.424
0.398468 -0.121831 -0.024750 0.388 0.412 0.412
0.396615 -0.123818 -0.025119 0.329 0.353 0.353
0.394758 -0.125808 -0.025489 0.192 0.212 0.239
0.440225 -0.109928 -0.032658 0.176 0.176 0.184
0.437400 -0.110379 -0.032173 0.204 0.204 0.212
0.435068 -0.111593 -0.032116 0.247 0.235 0.216
0.432250 -0.112040 -0.031631 0.278 0.267 0.247
0.428951 -0.111716 -0.030717 0.329 0.329 0.306
0.426144 -0.112157 -0.030232 0.329 0.345 0.318
0.423342 -0.112595 -0.029747 0.329 0.345 0.325
0.420066 -0.112259 -0.028834 0.345 0.357 0.353
0.417275 -0.112692 -0.028349 0.337 0.349 0.345
0.414016 -0.112347 -0.027436 0.282 0.294 0.290
0.411236 -0.112774 -0.026952 0.271 0.286 0.267
0.408930 -0.113975 -0.026896 0.220 0.231 0.227
0.406157 -0.114398 -0.026412 0.184 0.208 0.208
0.403854 -0.115598 -0.026356 0.161 0.184 0.184
