# X Y Z R G B (Robot Frame Coordinates in m)
0.615307 -0.029164 -0.036544 0.463 0.467 0.310
0.611646 -0.029045 -0.035354 0.482 0.490 0.314
0.608599 -0.029588 -0.034600 0.486 0.514 0.329
0.615177 -0.040938 -0.040811 0.494 0.522 0.337
0.612715 -0.042173 -0.040493 0.498 0.525 0.341
0.610256 -0.043406 -0.040175 0.506 0.533 0.341
0.607801 -0.044634 -0.039856 0.510 0.502 0.298
0.605349 -0.045859 -0.039537 0.506 0.498 0.294
0.602902 -0.047080 -0.039218 0.510 0.498 0.275
0.600457 -0.048297 -0.038899 0.506 0.482 0.263
0.598017 -0.049511 -0.038580 0.518 0.490 0.290
0.594993 -0.050030 -0.037824 0.502 0.475 0.275
0.583202 -0.040155 -0.030521 0.498 0.471 0.271
0.580220 -0.040631 -0.029763 0.490 0.475 0.278
0.618793 -0.029024 -0.040534 0.455 0.435 0.267
0.612093 -0.025573 -0.037153 0.475 0.447 0.255
0.608442 -0.025449 -0.035956 0.502 0.494 0.298
0.604801 -0.025313 -0.034759 0.502 0.514 0.310
0.594567 -0.017742 -0.028747 0.510 0.522 0.318
0.590968 -0.017565 -0.027547 0.510 0.541 0.337
0.589170 -0.019411 -0.027660 0.510 0.541 0.329
0.587372 -0.021258 -0.027774 0.518 0.518 0.310
0.584981 -0.022423 -0.027449 0.518 0.510 0.275
0.582593 -0.023584 -0.027124 0.518 0.510 0.275
0.579619 -0.024055 -0.026360 0.518 0.498 0.259
0.579004 -0.027270 -0.027350 0.522 0.502 0.263
0.576624 -0.028424 -0.027025 0.518 0.478 0.247
0.580673 -0.037181 -0.031524 0.514 0.475 0.243
0.578279 -0.038347 -0.031200 0.498 0.443 0.208
0.575890 -0.039510 -0.030875 0.510 0.463 0.235
0.573504 -0.040669 -0.030550 0.494 0.467 0.275
0.618045 -0.020320 -0.040033 0.451 0.412 0.243
0.605247 -0.010247 -0.032239 0.431 0.392 0.224
0.601616 -0.010107 -0.031035 0.498 0.412 0.188
0.608886 -0.021988 -0.037743 0.518 0.471 0.243
0.605847 -0.022530 -0.036979 0.518 0.498 0.267
0.601613 -0.021719 -0.035335 0.514 0.518 0.290
0.590198 -0.012805 -0.028410 0.525 0.529 0.302
0.587209 -0.013295 -0.027643 0.529 0.549 0.333
0.586612 -0.016488 -0.028636 0.529 0.549 0.333
0.584820 -0.018330 -0.028749 0.529 0.541 0.329
0.582435 -0.019489 -0.028422 0.529 0.533 0.306
0.580053 -0.020646 -0.028094 0.529 0.533 0.306
0.577087 -0.021113 -0.027325 0.529 0.522 0.278
0.577062 -0.025008 -0.028760 0.537 0.514 0.259
0.574101 -0.025470 -0.027991 0.541 0.494 0.220
0.565896 -0.019708 -0.023253 0.518 0.439 0.141
0.562384 -0.019446 -0.022041 0.502 0.424 0.125
0.559462 -0.019867 -0.021270 0.525 0.431 0.149
0.557704 -0.021673 -0.021380 0.522 0.424 0.161
0.561707 -0.030460 -0.025906 0.514 0.435 0.180
0.559931 -0.032285 -0.026018 0.533 0.455 0.200
0.558154 -0.034110 -0.026130 0.518 0.475 0.263
0.556949 -0.036638 -0.026683 0.475 0.482 0.314
0.598967 0.000454 -0.029139 0.459 0.408 0.200
0.599610 -0.004039 -0.031018 0.486 0.404 0.161
0.595995 -0.003887 -0.029806 0.514 0.431 0.188
0.588766 0.000282 -0.025941 0.529 0.467 0.216
0.585184 0.000467 -0.024727 0.525 0.482 0.227
0.582814 -0.000679 -0.024396 0.529 0.510 0.271
0.584041 -0.005860 -0.026719 0.533 0.529 0.306
0.581668 -0.007009 -0.026389 0.533 0.549 0.325
0.584060 -0.013570 -0.029598 0.529 0.553 0.325
0.582272 -0.015406 -0.029711 0.529 0.553 0.325
0.579893 -0.016561 -0.029380 0.529 0.545 0.322
0.577518 -0.017713 -0.029050 0.529 0.545 0.322
0.573970 -0.017492 -0.027834 0.529 0.529 0.294
0.560468 -0.005597 -0.019084 0.525 0.510 0.243
0.557557 -0.006010 -0.018308 0.541 0.494 0.212
0.563392 -0.016764 -0.024180 0.537 0.478 0.173
0.560468 -0.017190 -0.023404 0.537 0.478 0.173
0.557552 -0.017609 -0.022628 0.525 0.455 0.153
0.555220 -0.018716 -0.022295 0.510 0.435 0.145
0.543685 -0.008665 -0.014862 0.522 0.427 0.153
0.541389 -0.009735 -0.014527 0.529 0.463 0.204
0.539668 -0.011502 -0.014635 0.541 0.475 0.216
0.539088 -0.014675 -0.015632 0.518 0.494 0.282
0.537363 -0.016446 -0.015740 0.486 0.482 0.302
0.536206 -0.018923 -0.016293 0.467 0.482 0.310
0.598769 0.004496 -0.030423 0.424 0.447 0.290
0.595157 0.004646 -0.029204 0.463 0.412 0.204
0.593984 0.002154 -0.029760 0.482 0.412 0.165
0.590992 0.001654 -0.028984 0.506 0.435 0.188
0.585593 0.003827 -0.026431 0.525 0.459 0.200
0.582020 0.004018 -0.025209 0.525 0.467 0.196
0.579059 0.003548 -0.024431 0.537 0.494 0.239
0.578496 0.000398 -0.025431 0.537 0.518 0.278
0.576138 -0.000738 -0.025097 0.549 0.529 0.290
0.569028 0.003538 -0.021205 0.545 0.541 0.318
0.564913 0.004457 -0.019535 0.533 0.549 0.318
0.561404 0.004712 -0.018310 0.537 0.553 0.322
0.558494 0.004297 -0.017529 0.537 0.553 0.322
0.555592 0.003889 -0.016747 0.537 0.553 0.322
0.555624 0.000062 -0.018192 0.529 0.529 0.278
0.552727 -0.000340 -0.017410 0.537 0.506 0.220
0.545764 0.004087 -0.013508 0.541 0.482 0.176
0.542894 0.003713 -0.012724 0.533 0.475 0.169
0.540032 0.003345 -0.011940 0.533 0.475 0.169
0.537753 0.002291 -0.011602 0.533 0.463 0.161
0.538925 -0.002938 -0.013939 0.529 0.451 0.153
0.537215 -0.004694 -0.014047 0.525 0.427 0.133
0.535506 -0.006450 -0.014155 0.537 0.439 0.145
0.534365 -0.008908 -0.014709 0.533 0.486 0.212
0.533221 -0.011370 -0.015263 0.522 0.502 0.263
0.532639 -0.014541 -0.016264 0.510 0.498 0.275
0.532049 -0.017720 -0.017266 0.494 0.482 0.259
0.532015 -0.021615 -0.018715 0.486 0.475 0.251
0.531970 -0.025521 -0.020165 0.478 0.451 0.251
0.594956 0.008672 -0.030473 0.431 0.447 0.259
0.591355 0.008828 -0.029246 0.467 0.439 0.204
0.588978 0.007671 -0.028911 0.478 0.431 0.165
0.585999 0.007182 -0.028130 0.486 0.439 0.173
0.581823 0.008031 -0.026455 0.478 0.412 0.137
0.578262 0.008228 -0.025226 0.506 0.412 0.137
0.575311 0.007766 -0.024443 0.522 0.427 0.153
0.573561 0.005969 -0.024553 0.549 0.502 0.227
0.570621 0.005519 -0.023769 0.553 0.506 0.231
0.565906 0.007101 -0.021644 0.557 0.533 0.278
0.561802 0.008025 -0.019965 0.549 0.549 0.306
0.558302 0.008285 -0.018732 0.545 0.565 0.322
0.555401 0.007875 -0.017945 0.549 0.573 0.337
0.552508 0.007472 -0.017159 0.549 0.573 0.337
0.551376 0.005024 -0.017715 0.533 0.553 0.310
0.547908 0.005317 -0.016479 0.541 0.537 0.267
0.542708 0.007686 -0.013900 0.537 0.486 0.176
0.539847 0.007317 -0.013111 0.537 0.459 0.153
0.537571 0.006263 -0.012770 0.522 0.443 0.137
0.535298 0.005213 -0.012429 0.537 0.447 0.145
0.534750 0.002081 -0.013433 0.537 0.447 0.145
0.533051 0.000336 -0.013540 0.525 0.427 0.125
0.531352 -0.001409 -0.013647 0.525 0.443 0.157
0.530222 -0.003855 -0.014202 0.549 0.467 0.180
0.529088 -0.006305 -0.014758 0.537 0.498 0.231
0.528515 -0.009463 -0.015763 0.522 0.502 0.263
0.527935 -0.012629 -0.016769 0.518 0.498 0.259
0.527909 -0.016510 -0.018224 0.506 0.486 0.247
0.527872 -0.020403 -0.019680 0.490 0.443 0.216
0.527266 -0.023594 -0.020687 0.498 0.431 0.216
0.590541 0.013496 -0.030051 0.431 0.451 0.243
0.586953 0.013661 -0.028817 0.467 0.439 0.196
0.583982 0.013175 -0.028031 0.471 0.431 0.165
0.581018 0.012697 -0.027244 0.478 0.439 0.173
0.577459 0.012891 -0.026008 0.475 0.408 0.133
0.574511 0.012430 -0.025220 0.498 0.396 0.114
0.570972 0.012644 -0.023983 0.518 0.412 0.122
0.568637 0.011529 -0.023643 0.545 0.463 0.184
0.565711 0.011089 -0.022854 0.557 0.475 0.196
0.562199 0.011332 -0.021615 0.553 0.514 0.247
0.558697 0.011585 -0.020375 0.561 0.545 0.286
0.555207 0.011850 -0.019135 0.553 0.561 0.314
0.552315 0.011445 -0.018344 0.549 0.573 0.337
0.549430 0.011049 -0.017552 0.553 0.576 0.341
0.547137 0.009976 -0.017210 0.541 0.565 0.329
0.543682 0.010277 -0.015967 0.529 0.549 0.290
0.539658 0.011277 -0.014274 0.557 0.545 0.259
0.536806 0.010913 -0.013480 0.569 0.498 0.188
0.534538 0.009867 -0.013136 0.510 0.439 0.129
0.532273 0.008823 -0.012792 0.525 0.412 0.098
0.530584 0.007089 -0.012898 0.525 0.404 0.086
0.528896 0.005355 -0.013005 0.541 0.408 0.094
0.527208 0.003621 -0.013111 0.533 0.408 0.110
0.526088 0.001187 -0.013668 0.549 0.424 0.125
0.524964 -0.001251 -0.014226 0.557 0.459 0.165
0.524400 -0.004396 -0.015235 0.541 0.494 0.220
0.523267 -0.006843 -0.015793 0.533 0.510 0.247
0.523251 -0.010709 -0.017255 0.533 0.510 0.247
0.523225 -0.014586 -0.018716 0.506 0.459 0.192
0.522630 -0.017762 -0.019727 0.529 0.427 0.153
0.522584 -0.021660 -0.021191 0.522 0.408 0.149
0.521974 -0.024853 -0.022203 0.498 0.424 0.196
0.520805 -0.027337 -0.022763 0.506 0.431 0.204
0.589720 0.018148 -0.030843 0.412 0.447 0.306
0.586743 0.017654 -0.030052 0.435 0.455 0.255
0.583167 0.017825 -0.028811 0.459 0.451 0.208
0.579601 0.018007 -0.027568 0.467 0.443 0.180
0.576650 0.017538 -0.026776 0.482 0.424 0.145
0.573705 0.017076 -0.025984 0.467 0.408 0.129
0.570768 0.016622 -0.025191 0.486 0.380 0.090
0.567240 0.016843 -0.023946 0.522 0.388 0.082
0.564319 0.016406 -0.023152 0.533 0.412 0.102
0.561405 0.015976 -0.022358 0.545 0.424 0.114
0.558498 0.015553 -0.021563 0.561 0.463 0.161
0.555009 0.015813 -0.020316 0.569 0.494 0.212
0.551530 0.016084 -0.019068 0.549 0.529 0.255
0.548648 0.015688 -0.018272 0.557 0.565 0.310
0.545774 0.015298 -0.017475 0.561 0.569 0.314
0.543490 0.014234 -0.017130 0.549 0.576 0.329
0.540047 0.014542 -0.015879 0.553 0.573 0.329
0.536615 0.014861 -0.014629 0.553 0.565 0.298
0.533771 0.014503 -0.013830 0.565 0.529 0.235
0.531511 0.013463 -0.013483 0.545 0.510 0.216
0.529254 0.012426 -0.013136 0.545 0.459 0.129
0.527000 0.011393 -0.012789 0.522 0.412 0.078
0.525321 0.009668 -0.012895 0.533 0.404 0.078
0.523642 0.007944 -0.013001 0.541 0.408 0.094
0.521963 0.006219 -0.013107 0.541 0.408 0.094
0.520849 0.003793 -0.013666 0.557 0.439 0.137
0.520295 0.000661 -0.014679 0.533 0.471 0.184
0.519171 -0.001774 -0.015239 0.541 0.510 0.239
0.518604 -0.004920 -0.016253 0.541 0.510 0.239
0.518588 -0.008781 -0.017721 0.514 0.467 0.192
0.518005 -0.011943 -0.018735 0.525 0.427 0.133
0.517415 -0.015112 -0.019751 0.533 0.408 0.125
0.516817 -0.018289 -0.020766 0.525 0.404 0.129
0.516212 -0.021474 -0.021783 0.525 0.404 0.129
0.515600 -0.024665 -0.022799 0.494 0.435 0.227
0.589505 0.022132 -0.032074 0.400 0.420 0.275
0.585920 0.022289 -0.030827 0.412 0.435 0.290
0.582953 0.021802 -0.030031 0.439 0.451 0.255
0.579389 0.021979 -0.028782 0.451 0.451 0.216
0.575834 0.022168 -0.027532 0.471 0.447 0.192
0.572893 0.021707 -0.026735 0.475 0.427 0.145
0.569959 0.021253 -0.025937 0.463 0.416 0.133
0.567032 0.020806 -0.025139 0.486 0.380 0.090
0.563516 0.021034 -0.023887 0.514 0.380 0.075
0.560605 0.020604 -0.023088 0.529 0.396 0.082
0.557702 0.020181 -0.022288 0.545 0.424 0.106
0.554806 0.019766 -0.021488 0.549 0.427 0.110
0.551917 0.019358 -0.020687 0.565 0.467 0.165
0.548448 0.019634 -0.019432 0.549 0.502 0.220
0.545575 0.019243 -0.018631 0.557 0.541 0.282
0.542709 0.018859 -0.017829 0.565 0.549 0.290
0.539851 0.018483 -0.017026 0.561 0.569 0.322
0.537000 0.018114 -0.016223 0.557 0.576 0.333
0.533577 0.018438 -0.014965 0.557 0.565 0.310
0.530742 0.018086 -0.014161 0.553 0.533 0.243
0.528490 0.017052 -0.013812 0.533 0.514 0.224
0.526241 0.016022 -0.013463 0.545 0.478 0.149
0.523996 0.014995 -0.013113 0.537 0.439 0.094
0.521754 0.013973 -0.012763 0.533 0.416 0.078
0.520084 0.012257 -0.012868 0.541 0.412 0.086
0.518413 0.010542 -0.012973 0.541 0.412 0.086
0.517308 0.008126 -0.013534 0.553 0.420 0.106
0.516198 0.005707 -0.014095 0.541 0.447 0.125
0.515085 0.003283 -0.014657 0.553 0.502 0.192
0.514528 0.000151 -0.015674 0.549 0.494 0.196
0.513963 -0.002989 -0.016693 0.529 0.475 0.176
0.513391 -0.006136 -0.017711 0.537 0.451 0.129
0.512258 -0.008580 -0.018274 0.549 0.447 0.122
0.511673 -0.011740 -0.019293 0.529 0.416 0.094
0.511631 -0.015622 -0.020770 0.525 0.412 0.090
0.510482 -0.018083 -0.021333 0.533 0.408 0.110
0.515339 -0.028452 -0.026923 0.537 0.416 0.141
0.515797 -0.033101 -0.028859 0.510 0.427 0.192
0.516240 -0.037765 -0.030796 0.510 0.427 0.192
0.514505 -0.039547 -0.030905 0.482 0.435 0.251
0.582736 0.025768 -0.031242 0.396 0.420 0.282
0.579778 0.025286 -0.030442 0.435 0.455 0.247
0.576223 0.025469 -0.029185 0.451 0.447 0.224
0.572678 0.025662 -0.027928 0.467 0.439 0.196
0.569746 0.025206 -0.027126 0.467 0.427 0.161
0.566820 0.024758 -0.026323 0.459 0.420 0.153
0.563902 0.024317 -0.025520 0.467 0.392 0.102
0.560396 0.024549 -0.024260 0.498 0.380 0.086
0.557494 0.024125 -0.023456 0.514 0.380 0.067
0.554599 0.023708 -0.022651 0.529 0.392 0.067
0.551712 0.023299 -0.021846 0.533 0.396 0.071
0.548832 0.022896 -0.021041 0.549 0.420 0.086
0.545372 0.023177 -0.019778 0.553 0.455 0.153
0.542508 0.022791 -0.018972 0.557 0.498 0.227
0.539651 0.022413 -0.018165 0.561 0.537 0.282
0.536801 0.022043 -0.017357 0.565 0.541 0.286
0.533959 0.021679 -0.016549 0.573 0.576 0.314
0.531124 0.021324 -0.015741 0.561 0.580 0.322
0.528296 0.020975 -0.014932 0.557 0.569 0.302
0.525475 0.020634 -0.014123 0.553 0.502 0.184
0.523234 0.019610 -0.013770 0.537 0.486 0.169
0.520997 0.018590 -0.013418 0.541 0.443 0.090
0.518763 0.017574 -0.013065 0.549 0.424 0.071
0.517100 0.015866 -0.013170 0.545 0.412 0.059
0.515437 0.014158 -0.013275 0.541 0.408 0.055
0.513774 0.012450 -0.013379 0.549 0.412 0.071
0.512673 0.010041 -0.013942 0.565 0.435 0.102
0.511568 0.007628 -0.014505 0.557 0.455 0.129
0.510460 0.005211 -0.015069 0.553 0.478 0.153
0.509904 0.002084 -0.016091 0.553 0.478 0.153
0.508787 -0.000342 -0.016655 0.549 0.463 0.133
0.507666 -0.002771 -0.017219 0.565 0.475 0.133
0.507092 -0.005917 -0.018242 0.576 0.490 0.169
0.506511 -0.009070 -0.019266 0.537 0.443 0.122
0.505376 -0.011514 -0.019831 0.529 0.424 0.118
0.501509 -0.010373 -0.018100 0.529 0.424 0.118
0.499832 -0.012096 -0.018206 0.529 0.420 0.141
0.499238 -0.015262 -0.019231 0.518 0.420 0.173
0.499178 -0.019159 -0.020715 0.510 0.412 0.165
0.498568 -0.022341 -0.021740 0.494 0.435 0.235
0.580166 0.028587 -0.032097 0.345 0.365 0.255
0.577215 0.028110 -0.031291 0.412 0.420 0.235
0.573668 0.028295 -0.030028 0.427 0.427 0.220
0.570131 0.028491 -0.028763 0.447 0.439 0.196
0.567205 0.028039 -0.027956 0.455 0.431 0.169
0.564287 0.027595 -0.027148 0.451 0.427 0.165
0.561376 0.027157 -0.026340 0.463 0.416 0.141
0.557877 0.027393 -0.025073 0.482 0.408 0.125
0.554982 0.026972 -0.024264 0.498 0.384 0.071
0.552094 0.026559 -0.023455 0.522 0.384 0.059
0.549214 0.026153 -0.022645 0.522 0.384 0.059
0.546340 0.025755 -0.021834 0.537 0.400 0.067
0.542888 0.026038 -0.020564 0.553 0.420 0.106
0.540031 0.025656 -0.019753 0.549 0.467 0.180
0.537181 0.025282 -0.018941 0.557 0.510 0.243
0.534339 0.024915 -0.018129 0.569 0.522 0.255
0.531503 0.024556 -0.017316 0.576 0.561 0.294
0.528675 0.024204 -0.016502 0.565 0.569 0.306
0.525854 0.023859 -0.015689 0.565 0.576 0.310
0.523040 0.023522 -0.014874 0.561 0.525 0.224
0.520806 0.022503 -0.014519 0.525 0.490 0.188
0.518574 0.021487 -0.014164 0.545 0.455 0.098
0.516347 0.020476 -0.013809 0.557 0.431 0.071
0.514123 0.019468 -0.013453 0.545 0.404 0.047
0.512467 0.017767 -0.013557 0.537 0.396 0.039
0.510811 0.016067 -0.013662 0.549 0.408 0.059
0.509717 0.013666 -0.014227 0.557 0.427 0.094
0.508059 0.011963 -0.014331 0.557 0.427 0.102
0.506959 0.009556 -0.014896 0.565 0.451 0.129
0.505855 0.007146 -0.015461 0.576 0.463 0.141
0.504748 0.004732 -0.016027 0.557 0.467 0.125
0.503637 0.002315 -0.016593 0.565 0.467 0.129
0.502522 -0.000106 -0.017159 0.580 0.486 0.157
0.501404 -0.002531 -0.017725 0.584 0.490 0.161
0.500282 -0.004960 -0.018291 0.576 0.506 0.188
0.498067 -0.005959 -0.017935 0.529 0.471 0.165
0.496399 -0.007672 -0.018040 0.522 0.443 0.137
0.495272 -0.010107 -0.018607 0.533 0.427 0.129
0.494681 -0.013267 -0.019636 0.533 0.427 0.129
0.494082 -0.016435 -0.020665 0.522 0.416 0.118
0.491869 -0.017432 -0.020309 0.518 0.408 0.137
0.499271 -0.031528 -0.028271 0.498 0.412 0.196
0.499693 -0.036200 -0.030227 0.506 0.420 0.204
0.574657 0.030928 -0.032128 0.408 0.400 0.247
0.571117 0.031116 -0.030856 0.424 0.424 0.224
0.567588 0.031315 -0.029585 0.435 0.435 0.200
0.564669 0.030867 -0.028773 0.451 0.435 0.176
0.561758 0.030426 -0.027960 0.443 0.427 0.169
0.558854 0.029992 -0.027147 0.451 0.420 0.149
0.555957 0.029566 -0.026334 0.471 0.412 0.133
0.552474 0.029814 -0.025059 0.482 0.404 0.106
0.549594 0.029404 -0.024244 0.494 0.380 0.067
0.546720 0.029002 -0.023429 0.498 0.384 0.071
0.543854 0.028608 -0.022614 0.514 0.384 0.059
0.540995 0.028221 -0.021798 0.529 0.392 0.059
0.538143 0.027841 -0.020982 0.541 0.412 0.086
0.535298 0.027468 -0.020165 0.545 0.451 0.129
0.532461 0.027104 -0.019348 0.569 0.475 0.153
0.529630 0.026746 -0.018530 0.569 0.510 0.196
0.526807 0.026396 -0.017712 0.565 0.529 0.235
0.523992 0.026053 -0.016893 0.569 0.549 0.267
0.521183 0.025718 -0.016074 0.573 0.561 0.282
0.518381 0.025390 -0.015255 0.561 0.549 0.271
0.516156 0.024379 -0.014897 0.537 0.467 0.149
0.513935 0.023372 -0.014539 0.569 0.443 0.075
0.511717 0.022369 -0.014180 0.557 0.408 0.035
0.510067 0.020674 -0.014284 0.545 0.396 0.024
0.507855 0.019676 -0.013926 0.549 0.396 0.043
0.506766 0.017283 -0.014492 0.545 0.404 0.047
0.505116 0.015588 -0.014596 0.549 0.404 0.067
0.503466 0.013893 -0.014700 0.553 0.408 0.071
0.502370 0.011493 -0.015267 0.569 0.424 0.086
0.501271 0.009089 -0.015835 0.576 0.447 0.106
0.499617 0.007390 -0.015939 0.573 0.455 0.110
0.498513 0.004981 -0.016507 0.573 0.455 0.110
0.496857 0.003280 -0.016611 0.573 0.463 0.122
0.495747 0.000866 -0.017179 0.576 0.467 0.125
0.494089 -0.000837 -0.017283 0.565 0.490 0.165
0.492432 -0.002540 -0.017388 0.553 0.502 0.184
0.491315 -0.004962 -0.017956 0.541 0.471 0.153
0.490194 -0.007388 -0.018525 0.525 0.455 0.137
0.489070 -0.009817 -0.019094 0.525 0.447 0.133
0.487407 -0.011526 -0.019199 0.522 0.431 0.122
0.483078 -0.009598 -0.016981 0.514 0.404 0.133
0.481955 -0.012026 -0.017550 0.498 0.408 0.169
0.481359 -0.015188 -0.018584 0.510 0.420 0.180
0.572103 0.033740 -0.032950 0.267 0.271 0.157
0.568571 0.033931 -0.031672 0.408 0.396 0.227
0.565049 0.034133 -0.030393 0.404 0.408 0.188
0.562138 0.033689 -0.029576 0.424 0.424 0.188
0.559233 0.033252 -0.028758 0.427 0.427 0.192
0.556932 0.032161 -0.028403 0.443 0.420 0.165
0.554040 0.031737 -0.027584 0.455 0.416 0.149
0.550563 0.031985 -0.026303 0.471 0.412 0.133
0.547688 0.031578 -0.025483 0.482 0.404 0.106
0.544820 0.031177 -0.024663 0.475 0.396 0.098
0.541958 0.030785 -0.023843 0.486 0.392 0.071
0.539104 0.030400 -0.023022 0.502 0.384 0.055
0.536258 0.030022 -0.022201 0.525 0.396 0.063
0.533418 0.029651 -0.021380 0.529 0.400 0.067
0.530586 0.029288 -0.020558 0.541 0.412 0.078
0.527761 0.028932 -0.019735 0.573 0.490 0.149
0.524943 0.028584 -0.018912 0.561 0.502 0.188
0.522132 0.028243 -0.018089 0.561 0.525 0.231
0.519329 0.027910 -0.017265 0.576 0.545 0.267
0.516532 0.027584 -0.016440 0.573 0.541 0.263
0.513743 0.027265 -0.015616 0.533 0.490 0.196
0.511528 0.026263 -0.015255 0.569 0.455 0.098
0.509316 0.025264 -0.014894 0.569 0.420 0.047
0.507671 0.023575 -0.014998 0.545 0.392 0.031
0.505465 0.022582 -0.014636 0.545 0.392 0.031
0.503822 0.020894 -0.014740 0.549 0.396 0.043
0.502179 0.019206 -0.014843 0.545 0.404 0.055
0.500536 0.017518 -0.014947 0.553 0.400 0.055
0.498893 0.015831 -0.015051 0.561 0.408 0.063
0.497802 0.013437 -0.015620 0.576 0.439 0.098
0.496157 0.011748 -0.015723 0.569 0.451 0.106
0.494512 0.010058 -0.015827 0.569 0.455 0.098
0.492867 0.008368 -0.015931 0.569 0.455 0.098
0.491767 0.005965 -0.016500 0.569 0.455 0.098
0.490120 0.004274 -0.016604 0.565 0.475 0.125
0.488474 0.002583 -0.016708 0.553 0.486 0.157
0.487367 0.000172 -0.017278 0.541 0.482 0.161
0.485718 -0.001521 -0.017382 0.529 0.471 0.149
0.484606 -0.003937 -0.017952 0.525 0.459 0.129
0.482955 -0.005632 -0.018056 0.525 0.451 0.125
0.479708 -0.005149 -0.016760 0.522 0.431 0.122
0.478593 -0.007566 -0.017330 0.522 0.416 0.118
0.477475 -0.009988 -0.017901 0.510 0.404 0.106
0.476354 -0.012413 -0.018472 0.514 0.396 0.110
0.484683 -0.028046 -0.027452 0.510 0.404 0.157
0.483522 -0.030512 -0.028026 0.463 0.447 0.259
0.566631 0.036088 -0.032937 0.365 0.353 0.220
0.563116 0.036291 -0.031651 0.396 0.396 0.196
0.560209 0.035849 -0.030829 0.412 0.408 0.192
0.557310 0.035414 -0.030007 0.420 0.416 0.200
0.555013 0.034325 -0.029649 0.439 0.420 0.173
0.552126 0.033903 -0.028826 0.451 0.420 0.149
0.548656 0.034153 -0.027537 0.463 0.416 0.133
0.545785 0.033747 -0.026713 0.471 0.416 0.125
0.542922 0.033349 -0.025888 0.467 0.412 0.122
0.540066 0.032958 -0.025063 0.471 0.392 0.086
0.537217 0.032575 -0.024238 0.490 0.388 0.063
0.534376 0.032199 -0.023412 0.506 0.388 0.051
0.531541 0.031830 -0.022585 0.514 0.384 0.051
0.528714 0.031469 -0.021758 0.525 0.396 0.063
0.525894 0.031116 -0.020931 0.541 0.412 0.071
0.523081 0.030769 -0.020103 0.553 0.443 0.102
0.520276 0.030430 -0.019275 0.545 0.486 0.165
0.517477 0.030099 -0.018446 0.557 0.525 0.239
0.514686 0.029775 -0.017617 0.565 0.533 0.247
0.511902 0.029458 -0.016787 0.569 0.549 0.275
0.509126 0.029149 -0.015957 0.580 0.545 0.251
0.506920 0.028155 -0.015594 0.557 0.459 0.106
0.505281 0.026471 -0.015697 0.557 0.424 0.055
0.503081 0.025482 -0.015333 0.541 0.408 0.039
0.501443 0.023800 -0.015436 0.541 0.400 0.043
0.499805 0.022118 -0.015540 0.545 0.404 0.055
0.497612 0.021137 -0.015175 0.549 0.396 0.051
0.495976 0.019456 -0.015278 0.553 0.400 0.055
0.494340 0.017776 -0.015381 0.573 0.412 0.071
0.492705 0.016096 -0.015484 0.576 0.443 0.090
0.491069 0.014415 -0.015588 0.569 0.443 0.082
0.489433 0.012735 -0.015691 0.569 0.455 0.090
0.487797 0.011055 -0.015794 0.573 0.459 0.094
0.486161 0.009374 -0.015897 0.569 0.471 0.125
0.484525 0.007694 -0.016000 0.561 0.475 0.153
0.483428 0.005296 -0.016572 0.549 0.478 0.161
0.481790 0.003613 -0.016675 0.537 0.459 0.145
0.480152 0.001931 -0.016778 0.537 0.459 0.145
0.478515 0.000249 -0.016881 0.541 0.463 0.149
0.476345 -0.000708 -0.016515 0.541 0.463 0.149
0.474709 -0.002388 -0.016618 0.525 0.447 0.133
0.473073 -0.004069 -0.016721 0.518 0.439 0.125
0.471964 -0.006480 -0.017294 0.510 0.412 0.102
0.467179 -0.003766 -0.014580 0.518 0.400 0.106
0.466598 -0.006906 -0.015622 0.510 0.400 0.122
0.474863 -0.022573 -0.024649 0.498 0.427 0.188
0.474756 -0.026497 -0.026163 0.510 0.439 0.200
0.561185 0.038446 -0.032901 0.247 0.235 0.110
0.558284 0.038005 -0.032074 0.384 0.373 0.204
0.555390 0.037572 -0.031247 0.408 0.396 0.227
0.553097 0.036487 -0.030886 0.404 0.400 0.176
0.550216 0.036066 -0.030059 0.435 0.420 0.161
0.546751 0.036317 -0.028762 0.451 0.420 0.149
0.543886 0.035913 -0.027933 0.455 0.416 0.133
0.541614 0.034850 -0.027572 0.451 0.412 0.129
0.538762 0.034459 -0.026742 0.459 0.404 0.114
0.535916 0.034076 -0.025912 0.467 0.388 0.082
0.533078 0.033700 -0.025081 0.486 0.384 0.059
0.530247 0.033332 -0.024250 0.490 0.373 0.035
0.527423 0.032970 -0.023418 0.494 0.376 0.039
0.524031 0.033295 -0.022118 0.518 0.380 0.039
0.521223 0.032951 -0.021285 0.557 0.420 0.078
0.518422 0.032614 -0.020452 0.533 0.443 0.133
0.515629 0.032284 -0.019618 0.541 0.506 0.212
0.512843 0.031962 -0.018784 0.549 0.514 0.220
0.510064 0.031647 -0.017950 0.565 0.553 0.275
0.507293 0.031339 -0.017115 0.565 0.561 0.290
0.505092 0.030348 -0.016749 0.561 0.541 0.259
0.502894 0.029361 -0.016383 0.549 0.439 0.090
0.500701 0.028377 -0.016016 0.529 0.420 0.071
0.499068 0.026701 -0.016119 0.541 0.408 0.047
0.497436 0.025024 -0.016222 0.545 0.404 0.055
0.495249 0.024048 -0.015855 0.553 0.392 0.051
0.493066 0.023075 -0.015488 0.557 0.396 0.047
0.491437 0.021402 -0.015590 0.561 0.400 0.051
0.489260 0.020435 -0.015223 0.576 0.435 0.078
0.487633 0.018764 -0.015325 0.576 0.443 0.082
0.486006 0.017093 -0.015428 0.569 0.455 0.090
0.484379 0.015422 -0.015530 0.573 0.459 0.094
0.482752 0.013751 -0.015633 0.576 0.478 0.125
0.481125 0.012080 -0.015735 0.569 0.494 0.169
0.480036 0.009691 -0.016309 0.557 0.498 0.184
0.477871 0.008737 -0.015940 0.537 0.478 0.165
0.476245 0.007066 -0.016043 0.533 0.475 0.161
0.474085 0.006118 -0.015674 0.537 0.478 0.165
0.472460 0.004448 -0.015776 0.541 0.471 0.153
0.470306 0.003505 -0.015407 0.529 0.451 0.137
0.468682 0.001838 -0.015510 0.525 0.435 0.125
0.467059 0.000171 -0.015612 0.525 0.435 0.125
0.463865 0.000699 -0.014299 0.506 0.416 0.114
0.462769 -0.001697 -0.014873 0.506 0.408 0.106
0.459068 -0.000418 -0.013087 0.510 0.408 0.125
0.458493 -0.003549 -0.014133 0.518 0.416 0.133
0.457909 -0.006688 -0.015179 0.510 0.463 0.243
0.458348 -0.011316 -0.017170 0.467 0.478 0.318
0.556362 0.040158 -0.033309 0.243 0.216 0.086
0.553473 0.039727 -0.032477 0.353 0.325 0.196
0.551184 0.038644 -0.032115 0.396 0.388 0.192
0.548308 0.038226 -0.031282 0.416 0.408 0.165
0.545439 0.037815 -0.030448 0.435 0.420 0.153
0.542577 0.037411 -0.029615 0.447 0.416 0.137
0.540308 0.036349 -0.029251 0.447 0.416 0.137
0.537459 0.035958 -0.028416 0.451 0.408 0.114
0.534617 0.035575 -0.027581 0.463 0.392 0.090
0.531782 0.035199 -0.026746 0.482 0.384 0.075
0.528954 0.034831 -0.025910 0.490 0.373 0.043
0.526134 0.034470 -0.025074 0.490 0.373 0.043
0.522745 0.034794 -0.023766 0.514 0.376 0.043
0.519368 0.035128 -0.022458 0.541 0.404 0.071
0.516572 0.034793 -0.021620 0.533 0.439 0.118
0.513784 0.034466 -0.020781 0.537 0.502 0.208
0.511003 0.034145 -0.019943 0.545 0.510 0.216
0.508230 0.033832 -0.019103 0.561 0.549 0.271
0.505463 0.033527 -0.018264 0.557 0.553 0.282
0.503267 0.032539 -0.017895 0.553 0.549 0.278
0.501074 0.031554 -0.017526 0.553 0.533 0.251
0.498884 0.030573 -0.017157 0.541 0.522 0.239
0.496698 0.029596 -0.016788 0.541 0.482 0.169
0.495071 0.027925 -0.016890 0.553 0.435 0.090
0.492891 0.026953 -0.016521 0.553 0.412 0.055
0.490714 0.025985 -0.016151 0.557 0.404 0.051
0.488541 0.025021 -0.015781 0.561 0.408 0.055
0.486371 0.024060 -0.015410 0.573 0.420 0.067
0.484751 0.022397 -0.015512 0.569 0.427 0.071
0.483132 0.020733 -0.015614 0.584 0.451 0.090
0.481512 0.019069 -0.015716 0.584 0.451 0.090
0.479892 0.017406 -0.015819 0.576 0.463 0.106
0.477733 0.016456 -0.015448 0.576 0.478 0.125
0.476653 0.014078 -0.016023 0.561 0.494 0.165
0.474498 0.013132 -0.015651 0.557 0.514 0.212
0.472346 0.012190 -0.015280 0.561 0.518 0.216
0.470198 0.011252 -0.014908 0.553 0.514 0.231
0.468584 0.009594 -0.015010 0.533 0.494 0.180
0.466441 0.008661 -0.014638 0.529 0.455 0.129
0.464302 0.007732 -0.014266 0.529 0.443 0.122
0.462691 0.006078 -0.014367 0.537 0.451 0.129
0.460035 0.005885 -0.013521 0.541 0.463 0.149
0.458428 0.004234 -0.013622 0.525 0.447 0.141
0.455782 0.004053 -0.012775 0.510 0.412 0.110
0.455213 0.000933 -0.013824 0.506 0.408 0.106
0.454638 -0.002195 -0.014875 0.525 0.408 0.122
0.454569 -0.006070 -0.016400 0.541 0.463 0.208
0.450904 -0.004761 -0.014603 0.494 0.486 0.290
0.549275 0.040798 -0.033333 0.220 0.208 0.090
0.546994 0.039722 -0.032968 0.400 0.384 0.235
0.544128 0.039311 -0.032130 0.404 0.392 0.169
0.541270 0.038908 -0.031291 0.416 0.412 0.149
0.539004 0.037846 -0.030925 0.420 0.416 0.153
0.536158 0.037456 -0.030086 0.427 0.404 0.141
0.533319 0.037073 -0.029246 0.451 0.396 0.106
0.530487 0.036697 -0.028406 0.467 0.388 0.082
0.527663 0.036329 -0.027565 0.475 0.373 0.055
0.524846 0.035968 -0.026724 0.475 0.373 0.055
0.521461 0.036290 -0.025410 0.490 0.373 0.043
0.518088 0.036624 -0.024094 0.533 0.396 0.063
0.514725 0.036969 -0.022778 0.518 0.427 0.118
0.511942 0.036644 -0.021935 0.525 0.486 0.204
0.509167 0.036325 -0.021091 0.537 0.498 0.216
0.506398 0.036014 -0.020247 0.537 0.522 0.255
0.503637 0.035711 -0.019403 0.545 0.549 0.286
0.501444 0.034725 -0.019032 0.541 0.553 0.286
0.498696 0.034435 -0.018186 0.537 0.549 0.282
0.496512 0.033458 -0.017815 0.533 0.545 0.278
0.494333 0.032486 -0.017443 0.529 0.533 0.263
0.492711 0.030820 -0.017545 0.553 0.510 0.208
0.490537 0.029853 -0.017173 0.553 0.463 0.114
0.488366 0.028890 -0.016800 0.549 0.424 0.063
0.486199 0.027930 -0.016427 0.541 0.416 0.055
0.484036 0.026975 -0.016054 0.553 0.412 0.055
0.481876 0.026022 -0.015681 0.576 0.424 0.071
0.480263 0.024366 -0.015783 0.580 0.439 0.082
0.478651 0.022710 -0.015884 0.580 0.455 0.094
0.477038 0.021053 -0.015986 0.580 0.455 0.094
0.474887 0.020111 -0.015612 0.573 0.467 0.098
0.473277 0.018456 -0.015714 0.561 0.471 0.114
0.471131 0.017519 -0.015340 0.561 0.502 0.180
0.468989 0.016585 -0.014965 0.573 0.514 0.192
0.466851 0.015655 -0.014591 0.561 0.525 0.231
0.464717 0.014729 -0.014216 0.525 0.490 0.196
0.462586 0.013806 -0.013841 0.529 0.471 0.149
0.460458 0.012887 -0.013466 0.529 0.443 0.122
0.458858 0.011244 -0.013567 0.537 0.451 0.129
0.456214 0.011061 -0.012715 0.549 0.463 0.141
0.454618 0.009421 -0.012815 0.537 0.459 0.153
0.452503 0.008515 -0.012439 0.522 0.431 0.129
0.451425 0.006142 -0.013016 0.522 0.404 0.110
0.450859 0.003027 -0.014071 0.518 0.400 0.106
0.450285 -0.000095 -0.015125 0.541 0.435 0.145
0.448170 -0.001001 -0.014749 0.514 0.463 0.216
0.447588 -0.004132 -0.015805 0.510 0.506 0.325
0.448013 -0.008760 -0.017815 0.510 0.506 0.325
0.542819 0.040806 -0.033807 0.353 0.333 0.173
0.539964 0.040402 -0.032964 0.412 0.400 0.176
0.537701 0.039342 -0.032595 0.416 0.404 0.180
0.534858 0.038951 -0.031751 0.424 0.408 0.149
0.532022 0.038568 -0.030906 0.431 0.392 0.118
0.529194 0.038193 -0.030061 0.451 0.388 0.094
0.526373 0.037824 -0.029216 0.463 0.365 0.055
0.523559 0.037463 -0.028370 0.471 0.373 0.063
0.520179 0.037785 -0.027049 0.486 0.373 0.051
0.516810 0.038119 -0.025726 0.522 0.392 0.067
0.513451 0.038463 -0.024403 0.510 0.420 0.125
0.510103 0.038818 -0.023080 0.518 0.486 0.200
0.507333 0.038502 -0.022231 0.529 0.498 0.212
0.504569 0.038193 -0.021382 0.529 0.514 0.247
0.501813 0.037891 -0.020533 0.533 0.545 0.278
0.499625 0.036908 -0.020159 0.537 0.545 0.290
0.496882 0.036620 -0.019309 0.537 0.545 0.290
0.494703 0.035646 -0.018935 0.533 0.541 0.286
0.491972 0.035370 -0.018084 0.533 0.537 0.275
0.490356 0.033710 -0.018186 0.525 0.514 0.227
0.488188 0.032748 -0.017811 0.553 0.494 0.180
0.486023 0.031789 -0.017436 0.549 0.451 0.098
0.483862 0.030835 -0.017060 0.533 0.435 0.082
0.481705 0.029883 -0.016685 0.549 0.424 0.063
0.479551 0.028936 -0.016309 0.561 0.420 0.063
0.477401 0.027992 -0.015933 0.573 0.420 0.059
0.475796 0.026343 -0.016034 0.561 0.420 0.063
0.474191 0.024694 -0.016135 0.576 0.435 0.078
0.472048 0.023758 -0.015759 0.576 0.451 0.090
0.469909 0.022825 -0.015382 0.561 0.447 0.082
0.467773 0.021896 -0.015005 0.565 0.471 0.106
0.465641 0.020971 -0.014628 0.573 0.478 0.114
0.463512 0.020049 -0.014250 0.573 0.506 0.176
0.461387 0.019131 -0.013873 0.565 0.537 0.239
0.459266 0.018217 -0.013495 0.557 0.541 0.239
0.457148 0.017307 -0.013117 0.545 0.486 0.180
0.455034 0.016400 -0.012738 0.525 0.467 0.161
0.452924 0.015497 -0.012360 0.533 0.443 0.133
0.450817 0.014597 -0.011981 0.553 0.463 0.153
0.449232 0.012969 -0.012081 0.541 0.463 0.157
0.447646 0.011340 -0.012181 0.510 0.420 0.118
0.447089 0.008239 -0.013239 0.498 0.408 0.106
0.446012 0.005868 -0.013818 0.529 0.412 0.118
0.444932 0.003494 -0.014398 0.533 0.427 0.137
0.443848 0.001115 -0.014978 0.518 0.478 0.239
0.444281 -0.003498 -0.016997 0.541 0.502 0.263
0.444195 -0.007381 -0.018537 0.518 0.529 0.325
0.444098 -0.011274 -0.020077 0.506 0.533 0.349
0.446498 -0.018927 -0.024019 0.486 0.514 0.349
0.538660 0.041895 -0.034631 0.267 0.247 0.133
0.536399 0.040836 -0.034260 0.259 0.239 0.125
0.533560 0.040445 -0.033411 0.416 0.384 0.220
0.530728 0.040062 -0.032562 0.412 0.392 0.153
0.527903 0.039687 -0.031712 0.427 0.388 0.114
0.525085 0.039318 -0.030862 0.443 0.380 0.086
0.522275 0.038958 -0.030012 0.443 0.380 0.086
0.518899 0.039279 -0.028683 0.467 0.376 0.075
0.515533 0.039611 -0.027354 0.498 0.400 0.098
0.512179 0.039954 -0.026024 0.490 0.431 0.125
0.508835 0.040309 -0.024693 0.510 0.478 0.200
0.506068 0.039993 -0.023840 0.518 0.486 0.208
0.503308 0.039684 -0.022986 0.510 0.506 0.243
0.500555 0.039382 -0.022132 0.514 0.522 0.275
0.497809 0.039088 -0.021278 0.518 0.525 0.286
0.495071 0.038801 -0.020423 0.533 0.541 0.302
0.492896 0.037830 -0.020046 0.529 0.537 0.298
0.490171 0.037557 -0.019190 0.525 0.533 0.278
0.488005 0.036595 -0.018813 0.518 0.529 0.263
0.485843 0.035637 -0.018435 0.525 0.522 0.251
0.483685 0.034684 -0.018057 0.537 0.502 0.208
0.481530 0.033733 -0.017679 0.518 0.482 0.188
0.479379 0.032787 -0.017301 0.522 0.447 0.114
0.477232 0.031844 -0.016923 0.533 0.420 0.063
0.475088 0.030905 -0.016544 0.557 0.404 0.043
0.472947 0.029969 -0.016165 0.553 0.400 0.039
0.471349 0.028328 -0.016266 0.561 0.408 0.047
0.469214 0.027398 -0.015886 0.573 0.431 0.075
0.467083 0.026472 -0.015507 0.573 0.439 0.078
0.464955 0.025549 -0.015127 0.580 0.475 0.114
0.462831 0.024630 -0.014747 0.565 0.475 0.118
0.460711 0.023715 -0.014367 0.573 0.482 0.125
0.458594 0.022804 -0.013987 0.569 0.537 0.224
0.456480 0.021896 -0.013606 0.561 0.541 0.251
0.454371 0.020992 -0.013225 0.569 0.514 0.224
0.451742 0.020818 -0.012363 0.533 0.478 0.188
0.449642 0.019924 -0.011982 0.525 0.447 0.149
0.447545 0.019033 -0.011600 0.541 0.463 0.157
0.445968 0.017413 -0.011700 0.549 0.471 0.173
0.444392 0.015794 -0.011799 0.525 0.447 0.141
0.443329 0.013439 -0.012380 0.514 0.435 0.129
0.442262 0.011080 -0.012961 0.522 0.416 0.118
0.441192 0.008718 -0.013542 0.529 0.424 0.125
0.440118 0.006352 -0.014123 0.529 0.471 0.208
0.440053 0.002496 -0.015669 0.553 0.494 0.231
0.439977 -0.001371 -0.017215 0.533 0.529 0.306
0.439890 -0.005249 -0.018762 0.518 0.537 0.337
0.444300 -0.015875 -0.024649 0.510 0.537 0.345
0.439684 -0.013038 -0.021858 0.494 0.522 0.345
0.439068 -0.016197 -0.022924 0.478 0.506 0.329
0.532263 0.041937 -0.035067 0.227 0.204 0.110
0.529434 0.041554 -0.034213 0.282 0.243 0.125
0.526613 0.041179 -0.033359 0.361 0.333 0.141
0.523799 0.040811 -0.032504 0.404 0.380 0.125
0.520991 0.040450 -0.031649 0.412 0.388 0.133
0.517619 0.040770 -0.030313 0.459 0.384 0.102
0.514258 0.041102 -0.028977 0.482 0.408 0.125
0.510908 0.041444 -0.027640 0.478 0.435 0.141
0.507568 0.041798 -0.026302 0.498 0.478 0.204
0.504804 0.041482 -0.025444 0.506 0.486 0.212
0.501485 0.041856 -0.024105 0.510 0.502 0.251
0.498737 0.041556 -0.023246 0.506 0.514 0.275
0.495997 0.041264 -0.022387 0.498 0.514 0.282
0.493821 0.040290 -0.022008 0.510 0.525 0.294
0.491093 0.040011 -0.021148 0.518 0.533 0.302
0.488372 0.039739 -0.020287 0.510 0.529 0.286
0.486211 0.038781 -0.019907 0.518 0.525 0.271
0.484054 0.037826 -0.019527 0.518 0.522 0.259
0.481351 0.037572 -0.018665 0.529 0.510 0.235
0.479203 0.036627 -0.018285 0.522 0.502 0.227
0.477058 0.035685 -0.017904 0.514 0.455 0.149
0.474916 0.034747 -0.017523 0.525 0.416 0.075
0.472779 0.033812 -0.017141 0.549 0.408 0.051
0.470644 0.032881 -0.016760 0.553 0.400 0.047
0.468514 0.031954 -0.016378 0.557 0.404 0.051
0.466387 0.031031 -0.015996 0.573 0.412 0.063
0.464264 0.030111 -0.015614 0.561 0.420 0.063
0.462144 0.029195 -0.015231 0.580 0.471 0.122
0.460028 0.028283 -0.014849 0.569 0.478 0.129
0.457915 0.027374 -0.014466 0.569 0.478 0.129
0.455806 0.026469 -0.014082 0.584 0.494 0.153
0.453701 0.025568 -0.013699 0.565 0.490 0.157
0.451599 0.024671 -0.013315 0.569 0.498 0.188
0.448980 0.024502 -0.012448 0.573 0.525 0.243
0.446887 0.023614 -0.012064 0.576 0.529 0.247
0.444798 0.022730 -0.011680 0.545 0.510 0.251
0.443228 0.021118 -0.011779 0.541 0.510 0.231
0.441659 0.019506 -0.011878 0.537 0.482 0.184
0.440090 0.017894 -0.011977 0.514 0.459 0.161
0.438521 0.016282 -0.012075 0.529 0.435 0.114
0.437460 0.013932 -0.012658 0.541 0.427 0.114
0.436397 0.011578 -0.013241 0.537 0.447 0.145
0.435835 0.008478 -0.014309 0.541 0.502 0.235
0.435769 0.004627 -0.015861 0.549 0.510 0.243
0.435191 0.001510 -0.016930 0.533 0.533 0.290
0.431605 0.002872 -0.015091 0.537 0.533 0.310
0.435009 -0.006245 -0.020037 0.541 0.537 0.314
0.435398 -0.010890 -0.022077 0.537 0.533 0.310
0.436763 -0.017056 -0.025087 0.518 0.514 0.298
0.435148 -0.018715 -0.025189 0.502 0.514 0.318
0.435989 -0.024158 -0.027716 0.463 0.494 0.318
0.528143 0.043045 -0.035859 0.235 0.212 0.110
0.525324 0.042669 -0.035000 0.251 0.212 0.086
0.522513 0.042301 -0.034141 0.380 0.353 0.161
0.519710 0.041940 -0.033281 0.424 0.384 0.145
0.516342 0.042260 -0.031938 0.427 0.388 0.149
0.512985 0.042591 -0.030595 0.451 0.412 0.145
0.509638 0.042932 -0.029251 0.455 0.424 0.153
0.506303 0.043285 -0.027906 0.475 0.459 0.200
0.503542 0.042969 -0.027044 0.467 0.467 0.224
0.500227 0.043342 -0.025698 0.478 0.478 0.235
0.497483 0.043042 -0.024834 0.478 0.486 0.247
0.494745 0.042750 -0.023970 0.475 0.490 0.259
0.492572 0.041778 -0.023588 0.490 0.506 0.275
0.489848 0.041499 -0.022724 0.498 0.514 0.282
0.487131 0.041227 -0.021858 0.502 0.518 0.286
0.484421 0.040962 -0.020992 0.506 0.522 0.290
0.482267 0.040010 -0.020610 0.514 0.522 0.275
0.479570 0.039759 -0.019743 0.510 0.514 0.251
0.477426 0.038816 -0.019360 0.506 0.510 0.247
0.474741 0.038577 -0.018493 0.510 0.478 0.192
0.472606 0.037644 -0.018109 0.518 0.447 0.137
0.470474 0.036714 -0.017725 0.529 0.420 0.078
0.468346 0.035788 -0.017341 0.533 0.396 0.055
0.466222 0.034866 -0.016956 0.533 0.396 0.055
0.464101 0.033947 -0.016572 0.549 0.384 0.055
0.461984 0.033032 -0.016187 0.549 0.388 0.047
0.459870 0.032120 -0.015802 0.565 0.404 0.063
0.457760 0.031213 -0.015416 0.565 0.427 0.086
0.455654 0.030309 -0.015031 0.584 0.447 0.106
0.453551 0.029409 -0.014645 0.576 0.467 0.125
0.451452 0.028512 -0.014259 0.573 0.463 0.122
0.449357 0.027619 -0.013873 0.553 0.475 0.161
0.446744 0.027455 -0.013001 0.573 0.533 0.259
0.444657 0.026571 -0.012614 0.588 0.549 0.275
0.442574 0.025691 -0.012227 0.541 0.545 0.282
0.441011 0.024085 -0.012325 0.549 0.529 0.255
0.438933 0.023211 -0.011938 0.541 0.482 0.169
0.437371 0.021606 -0.012036 0.518 0.459 0.153
0.435299 0.020738 -0.011649 0.525 0.431 0.110
0.434247 0.018397 -0.012233 0.533 0.412 0.094
0.433191 0.016053 -0.012818 0.545 0.424 0.114
0.432132 0.013706 -0.013403 0.553 0.478 0.188
0.431572 0.010611 -0.014475 0.565 0.490 0.200
0.431005 0.007510 -0.015547 0.553 0.529 0.267
0.428933 0.006641 -0.015160 0.537 0.537 0.294
0.430844 -0.000214 -0.018667 0.537 0.537 0.302
0.432234 -0.006343 -0.021689 0.537 0.537 0.302
0.434590 -0.014000 -0.025687 0.529 0.522 0.278
0.431997 -0.014144 -0.024814 0.529 0.522 0.278
0.434314 -0.021842 -0.028814 0.510 0.514 0.294
0.433671 -0.025021 -0.029892 0.514 0.518 0.298
0.518430 0.043429 -0.034909 0.275 0.235 0.110
0.515066 0.043748 -0.033559 0.314 0.275 0.149
0.511713 0.044078 -0.032209 0.404 0.388 0.200
0.508371 0.044419 -0.030858 0.408 0.400 0.165
0.505039 0.044771 -0.029506 0.431 0.424 0.188
0.502282 0.044454 -0.028639 0.431 0.427 0.204
0.498971 0.044827 -0.027286 0.439 0.435 0.212
0.496230 0.044527 -0.026417 0.451 0.447 0.224
0.493496 0.044235 -0.025548 0.451 0.455 0.227
0.491325 0.043264 -0.025165 0.478 0.494 0.263
0.488604 0.042984 -0.024295 0.490 0.506 0.275
0.485890 0.042713 -0.023425 0.498 0.514 0.282
0.483184 0.042448 -0.022554 0.502 0.518 0.286
0.480484 0.042191 -0.021683 0.506 0.514 0.275
0.477792 0.041942 -0.020812 0.502 0.510 0.255
0.475652 0.041002 -0.020426 0.498 0.506 0.251
0.472972 0.040765 -0.019554 0.506 0.486 0.204
0.470841 0.039834 -0.019168 0.514 0.455 0.149
0.468714 0.038907 -0.018781 0.529 0.431 0.094
0.466591 0.037984 -0.018394 0.529 0.400 0.059
0.464471 0.037065 -0.018007 0.522 0.392 0.051
0.462354 0.036149 -0.017620 0.533 0.376 0.043
0.460241 0.035236 -0.017233 0.537 0.376 0.035
0.458132 0.034328 -0.016845 0.557 0.384 0.047
0.456027 0.033423 -0.016457 0.557 0.396 0.055
0.453925 0.032522 -0.016069 0.565 0.404 0.063
0.451826 0.031624 -0.015681 0.588 0.451 0.110
0.449732 0.030731 -0.015292 0.576 0.447 0.106
0.447119 0.030563 -0.014416 0.565 0.475 0.173
0.445033 0.029678 -0.014027 0.569 0.522 0.239
0.442432 0.029523 -0.013150 0.584 0.537 0.255
0.440356 0.028648 -0.012760 0.565 0.545 0.271
0.438797 0.027047 -0.012858 0.557 0.514 0.212
0.436726 0.026177 -0.012468 0.545 0.459 0.137
0.434658 0.025311 -0.012078 0.549 0.451 0.114
0.432594 0.024449 -0.011687 0.541 0.443 0.106
0.431548 0.022117 -0.012274 0.533 0.404 0.071
0.429994 0.020520 -0.012372 0.545 0.400 0.063
0.428943 0.018183 -0.012959 0.553 0.408 0.078
0.427888 0.015842 -0.013546 0.569 0.424 0.094
0.426830 0.013497 -0.014133 0.576 0.471 0.173
0.425270 0.011894 -0.014231 0.549 0.510 0.235
0.426193 0.006553 -0.016776 0.549 0.525 0.263
0.429572 -0.002556 -0.021768 0.541 0.518 0.255
0.421082 0.006335 -0.015016 0.537 0.502 0.243
0.428854 -0.009583 -0.024416 0.541 0.494 0.220
0.419426 0.000860 -0.016682 0.541 0.494 0.227
0.419322 -0.003021 -0.018250 0.537 0.502 0.251
0.427466 -0.019814 -0.028147 0.541 0.506 0.255
0.427309 -0.023749 -0.029719 0.518 0.506 0.290
0.427142 -0.027695 -0.031291 0.502 0.494 0.298
0.426964 -0.031652 -0.032864 0.471 0.467 0.286
0.513221 0.045905 -0.034688 0.243 0.220 0.118
0.510442 0.045563 -0.033818 0.302 0.278 0.137
0.507104 0.045903 -0.032460 0.376 0.361 0.173
0.503777 0.046254 -0.031101 0.404 0.400 0.184
0.501023 0.045938 -0.030229 0.420 0.416 0.192
0.497716 0.046310 -0.028869 0.427 0.424 0.200
0.494978 0.046010 -0.027996 0.431 0.427 0.204
0.492248 0.045718 -0.027122 0.439 0.435 0.212
0.490080 0.044748 -0.026736 0.463 0.467 0.247
0.487362 0.044469 -0.025862 0.471 0.486 0.263
0.484652 0.044197 -0.024987 0.475 0.490 0.267
0.481948 0.043932 -0.024112 0.482 0.498 0.267
0.479252 0.043676 -0.023236 0.478 0.494 0.263
0.476563 0.043426 -0.022360 0.490 0.498 0.259
0.473881 0.043184 -0.021483 0.490 0.498 0.259
0.471207 0.042949 -0.020606 0.486 0.490 0.227
0.469080 0.042021 -0.020217 0.494 0.459 0.165
0.466957 0.041097 -0.019828 0.525 0.439 0.118
0.464838 0.040177 -0.019439 0.525 0.416 0.075
0.462723 0.039260 -0.019049 0.518 0.408 0.067
0.460611 0.038347 -0.018660 0.514 0.384 0.043
0.458502 0.037437 -0.018270 0.525 0.373 0.027
0.456397 0.036532 -0.017880 0.537 0.365 0.020
0.454296 0.035630 -0.017489 0.541 0.369 0.024
0.452199 0.034731 -0.017099 0.545 0.373 0.027
0.450105 0.033837 -0.016708 0.553 0.392 0.043
0.448014 0.032946 -0.016317 0.561 0.408 0.063
0.445406 0.032780 -0.015435 0.565 0.427 0.102
0.443325 0.031898 -0.015044 0.565 0.486 0.188
0.440730 0.031745 -0.014162 0.569 0.490 0.192
0.438657 0.030872 -0.013770 0.549 0.478 0.176
0.436588 0.030004 -0.013377 0.565 0.475 0.133
0.434523 0.029139 -0.012984 0.553 0.439 0.082
0.432462 0.028277 -0.012592 0.557 0.424 0.071
0.430404 0.027420 -0.012198 0.561 0.427 0.075
0.428856 0.025830 -0.012296 0.553 0.412 0.055
0.427308 0.024240 -0.012393 0.561 0.388 0.043
0.425761 0.022651 -0.012491 0.549 0.388 0.047
0.424714 0.020320 -0.013080 0.561 0.400 0.059
0.423165 0.018728 -0.013177 0.569 0.424 0.102
0.421616 0.017137 -0.013275 0.565 0.467 0.165
0.421554 0.013304 -0.014847 0.557 0.525 0.255
0.416540 0.016948 -0.011504 0.541 0.518 0.255
0.417460 0.011611 -0.014060 0.533 0.510 0.247
0.413946 0.013028 -0.012190 0.545 0.506 0.239
0.415823 0.006162 -0.015731 0.533 0.494 0.220
0.415240 0.003051 -0.016814 0.541 0.494 0.220
0.411255 0.005238 -0.014451 0.545 0.498 0.224
0.410670 0.002125 -0.015533 0.545 0.506 0.267
0.410560 -0.001757 -0.017108 0.525 0.514 0.290
0.410438 -0.005651 -0.018685 0.525 0.514 0.298
0.410306 -0.009555 -0.020261 0.494 0.486 0.290
0.410164 -0.013470 -0.021839 0.463 0.455 0.259
0.502517 0.047736 -0.032691 0.224 0.208 0.067
0.499204 0.048098 -0.031325 0.376 0.365 0.188
0.496463 0.047791 -0.030448 0.412 0.400 0.224
0.493728 0.047491 -0.029570 0.408 0.400 0.196
0.491001 0.047199 -0.028691 0.420 0.416 0.200
0.488836 0.046230 -0.028303 0.427 0.431 0.212
0.486122 0.045951 -0.027424 0.443 0.459 0.235
0.483414 0.045679 -0.026544 0.439 0.455 0.231
0.480714 0.045415 -0.025664 0.451 0.467 0.243
0.478021 0.045158 -0.024784 0.463 0.478 0.247
0.475336 0.044909 -0.023903 0.471 0.486 0.255
0.472657 0.044667 -0.023022 0.475 0.494 0.243
0.469986 0.044432 -0.022140 0.471 0.490 0.239
0.467862 0.043505 -0.021749 0.486 0.467 0.184
0.465204 0.043283 -0.020866 0.514 0.443 0.133
0.463089 0.042366 -0.020474 0.518 0.420 0.082
0.460978 0.041452 -0.020082 0.514 0.416 0.078
0.458870 0.040541 -0.019690 0.514 0.396 0.051
0.456766 0.039635 -0.019298 0.514 0.380 0.027
0.454665 0.038732 -0.018905 0.537 0.365 0.020
0.452569 0.037833 -0.018512 0.537 0.365 0.020
0.450475 0.036937 -0.018119 0.541 0.369 0.024
0.448386 0.036045 -0.017725 0.557 0.384 0.039
0.446300 0.035157 -0.017332 0.561 0.400 0.059
0.443697 0.034993 -0.016446 0.561 0.416 0.086
0.441620 0.034114 -0.016052 0.561 0.471 0.169
0.439030 0.033963 -0.015165 0.576 0.486 0.184
0.436962 0.033093 -0.014770 0.561 0.490 0.188
0.434384 0.032955 -0.013882 0.553 0.478 0.145
0.432325 0.032094 -0.013487 0.553 0.439 0.082
0.430270 0.031238 -0.013091 0.557 0.424 0.063
0.428218 0.030385 -0.012696 0.561 0.427 0.067
0.426170 0.029536 -0.012300 0.569 0.416 0.055
0.424630 0.027953 -0.012397 0.565 0.392 0.039
0.423089 0.026371 -0.012494 0.545 0.373 0.027
0.421549 0.024789 -0.012591 0.557 0.384 0.039
0.420008 0.023207 -0.012688 0.573 0.416 0.090
0.418468 0.021624 -0.012785 0.576 0.459 0.157
0.417423 0.019296 -0.013376 0.545 0.506 0.239
0.414400 0.019955 -0.011991 0.553 0.537 0.278
0.414338 0.016128 -0.013570 0.553 0.537 0.278
0.411816 0.016047 -0.012679 0.549 0.533 0.267
0.412229 0.011453 -0.014753 0.541 0.522 0.247
0.411170 0.009110 -0.015345 0.529 0.498 0.220
0.408653 0.009034 -0.014454 0.522 0.482 0.200
0.408074 0.005930 -0.015540 0.533 0.494 0.212
0.407969 0.002058 -0.017122 0.545 0.506 0.231
0.407853 -0.001825 -0.018704 0.533 0.510 0.255
0.407726 -0.005719 -0.020288 0.529 0.510 0.278
0.408063 -0.010391 -0.022367 0.522 0.502 0.271
0.406965 -0.012773 -0.022961 0.506 0.482 0.271
0.406808 -0.016699 -0.024546 0.490 0.467 0.255
0.407109 -0.021408 -0.026627 0.475 0.447 0.263
0.406460 -0.024584 -0.027718 0.475 0.447 0.263
0.497949 0.049577 -0.032904 0.243 0.224 0.094
0.495211 0.049270 -0.032022 0.255 0.235 0.106
0.492480 0.048971 -0.031139 0.412 0.392 0.216
0.489756 0.048679 -0.030256 0.404 0.396 0.192
0.487594 0.047710 -0.029865 0.408 0.412 0.192
0.484883 0.047431 -0.028981 0.427 0.431 0.212
0.482179 0.047160 -0.028097 0.424 0.427 0.208
0.479482 0.046896 -0.027212 0.435 0.451 0.227
0.476792 0.046639 -0.026327 0.443 0.459 0.227
0.474110 0.046389 -0.025442 0.455 0.471 0.239
0.471435 0.046147 -0.024556 0.467 0.486 0.243
0.468767 0.045913 -0.023669 0.467 0.486 0.243
0.466646 0.044987 -0.023276 0.475 0.482 0.235
0.463991 0.044765 -0.022388 0.494 0.482 0.204
0.461878 0.043849 -0.021994 0.502 0.451 0.141
0.459770 0.042936 -0.021600 0.502 0.451 0.141
0.457132 0.042732 -0.020711 0.502 0.424 0.110
0.455033 0.041829 -0.020316 0.494 0.396 0.059
0.452937 0.040929 -0.019921 0.518 0.380 0.039
0.450844 0.040032 -0.019525 0.522 0.380 0.031
0.448755 0.039139 -0.019130 0.525 0.384 0.035
0.446670 0.038250 -0.018734 0.545 0.392 0.047
0.444589 0.037365 -0.018338 0.553 0.400 0.055
0.441991 0.037203 -0.017447 0.549 0.412 0.078
0.439918 0.036327 -0.017050 0.557 0.467 0.157
0.437333 0.036177 -0.016158 0.573 0.482 0.173
0.435270 0.035311 -0.015761 0.569 0.518 0.208
0.432697 0.035174 -0.014869 0.573 0.525 0.243
0.430132 0.035045 -0.013976 0.561 0.514 0.231
0.428083 0.034193 -0.013578 0.553 0.482 0.180
0.426037 0.033345 -0.013179 0.525 0.455 0.153
0.423995 0.032500 -0.012780 0.533 0.416 0.078
0.422460 0.030923 -0.012877 0.553 0.400 0.039
0.420424 0.030084 -0.012478 0.533 0.373 0.031
0.418890 0.028510 -0.012575 0.545 0.380 0.059
0.417357 0.026935 -0.012671 0.553 0.388 0.067
0.415328 0.026103 -0.012272 0.569 0.420 0.110
0.414291 0.023785 -0.012865 0.541 0.459 0.173
0.412265 0.022957 -0.012465 0.541 0.522 0.247
0.411224 0.020635 -0.013058 0.553 0.533 0.259
0.409202 0.019811 -0.012658 0.553 0.537 0.278
0.408645 0.016733 -0.013748 0.553 0.533 0.286
0.407595 0.014402 -0.014341 0.553 0.533 0.286
0.405575 0.013579 -0.013941 0.557 0.537 0.290
0.405003 0.010487 -0.015032 0.549 0.529 0.282
0.404425 0.007386 -0.016123 0.537 0.502 0.243
0.404317 0.003517 -0.017712 0.533 0.510 0.247
0.404198 -0.000364 -0.019301 0.525 0.498 0.263
0.405967 -0.007317 -0.022881 0.525 0.498 0.263
0.404874 -0.009693 -0.023477 0.522 0.490 0.275
0.405190 -0.014379 -0.025566 0.514 0.486 0.259
0.405492 -0.019081 -0.027656 0.494 0.455 0.231
0.405312 -0.023024 -0.029250 0.482 0.443 0.220
0.403725 -0.024655 -0.029350 0.478 0.424 0.235
0.491233 0.050448 -0.032704 0.247 0.235 0.110
0.488513 0.050157 -0.031816 0.251 0.235 0.086
0.486353 0.049189 -0.031423 0.337 0.318 0.141
0.483645 0.048910 -0.030534 0.388 0.388 0.180
0.480945 0.048639 -0.029645 0.388 0.388 0.180
0.478799 0.047686 -0.029251 0.404 0.404 0.196
0.476111 0.047427 -0.028361 0.420 0.424 0.204
0.473430 0.047176 -0.027471 0.443 0.447 0.220
0.470757 0.046932 -0.026580 0.447 0.451 0.224
0.468090 0.046696 -0.025689 0.455 0.459 0.231
0.465431 0.046467 -0.024798 0.459 0.467 0.227
0.462779 0.046245 -0.023906 0.475 0.475 0.224
0.460669 0.045330 -0.023509 0.478 0.463 0.196
0.458563 0.044418 -0.023112 0.478 0.463 0.196
0.455929 0.044215 -0.022219 0.486 0.455 0.176
0.453832 0.043312 -0.021822 0.486 0.447 0.165
0.451739 0.042413 -0.021424 0.502 0.439 0.145
0.449123 0.042228 -0.020530 0.514 0.435 0.129
0.447039 0.041338 -0.020132 0.518 0.396 0.078
0.444958 0.040452 -0.019733 0.537 0.408 0.082
0.442880 0.039570 -0.019334 0.541 0.412 0.086
0.440288 0.039409 -0.018439 0.553 0.439 0.118
0.438220 0.038536 -0.018040 0.545 0.486 0.173
0.435640 0.038388 -0.017143 0.561 0.502 0.188
0.433581 0.037524 -0.016743 0.561 0.525 0.224
0.431013 0.037390 -0.015846 0.565 0.533 0.255
0.428453 0.037263 -0.014948 0.561 0.529 0.259
0.425900 0.037143 -0.014050 0.565 0.533 0.263
0.423861 0.036299 -0.013649 0.565 0.533 0.263
0.421825 0.035459 -0.013247 0.545 0.482 0.196
0.420295 0.033888 -0.013344 0.545 0.424 0.106
0.418265 0.033054 -0.012942 0.518 0.380 0.047
0.416238 0.032223 -0.012540 0.541 0.384 0.067
0.414712 0.030656 -0.012637 0.545 0.388 0.071
0.412691 0.029831 -0.012234 0.553 0.404 0.094
0.411660 0.027521 -0.012829 0.541 0.435 0.137
0.409642 0.026699 -0.012426 0.549 0.502 0.220
0.408118 0.025134 -0.012523 0.561 0.514 0.231
0.406594 0.023568 -0.012619 0.557 0.541 0.282
0.405556 0.021251 -0.013214 0.553 0.537 0.278
0.404030 0.019683 -0.013310 0.553 0.537 0.278
0.402504 0.018116 -0.013406 0.553 0.545 0.294
0.401459 0.015791 -0.014001 0.553 0.545 0.294
0.400890 0.012704 -0.015096 0.549 0.549 0.306
0.400313 0.009609 -0.016192 0.541 0.541 0.298
0.400205 0.005744 -0.017787 0.529 0.529 0.286
0.403876 -0.004248 -0.023381 0.529 0.529 0.286
0.403259 -0.007384 -0.024479 0.522 0.514 0.271
0.403576 -0.012063 -0.026577 0.522 0.502 0.263
0.403878 -0.016757 -0.028676 0.533 0.506 0.271
0.403700 -0.020695 -0.030276 0.549 0.522 0.286
0.402581 -0.023095 -0.030876 0.541 0.494 0.267
0.402384 -0.027051 -0.032477 0.482 0.412 0.173
0.401716 -0.030240 -0.033579 0.482 0.388 0.176
0.401499 -0.034216 -0.035181 0.471 0.388 0.208
0.485114 0.050666 -0.032976 0.251 0.231 0.102
0.482409 0.050387 -0.032083 0.337 0.318 0.149
0.480261 0.049430 -0.031686 0.392 0.373 0.204
0.478116 0.048476 -0.031289 0.392 0.392 0.192
0.475429 0.048215 -0.030395 0.408 0.412 0.192
0.472750 0.047963 -0.029500 0.424 0.427 0.208
0.470078 0.047717 -0.028605 0.431 0.435 0.208
0.467413 0.047479 -0.027709 0.447 0.451 0.224
0.464756 0.047248 -0.026813 0.447 0.455 0.216
0.462105 0.047025 -0.025917 0.459 0.459 0.216
0.459462 0.046809 -0.025020 0.471 0.463 0.212
0.457359 0.045898 -0.024620 0.482 0.467 0.200
0.454728 0.045695 -0.023722 0.482 0.467 0.200
0.452633 0.044793 -0.023323 0.490 0.459 0.188
0.450543 0.043895 -0.022923 0.490 0.451 0.169
0.447930 0.043710 -0.022024 0.506 0.451 0.161
0.445848 0.042821 -0.021623 0.502 0.447 0.157
0.443248 0.042650 -0.020723 0.518 0.455 0.161
0.441175 0.041770 -0.020322 0.545 0.471 0.180
0.438588 0.041612 -0.019421 0.541 0.478 0.184
0.436524 0.040741 -0.019020 0.549 0.502 0.220
0.433949 0.040596 -0.018118 0.561 0.514 0.231
0.431894 0.039735 -0.017716 0.557 0.537 0.263
0.429332 0.039602 -0.016814 0.561 0.545 0.278
0.426777 0.039477 -0.015911 0.557 0.553 0.290
0.424230 0.039359 -0.015008 0.549 0.549 0.298
0.421689 0.039248 -0.014105 0.541 0.541 0.290
0.419660 0.038413 -0.013701 0.541 0.541 0.290
0.418135 0.036848 -0.013797 0.549 0.541 0.290
0.416111 0.036018 -0.013392 0.561 0.529 0.259
0.414091 0.035192 -0.012988 0.545 0.471 0.188
0.412073 0.034370 -0.012583 0.541 0.467 0.184
0.410555 0.032809 -0.012679 0.537 0.424 0.110
0.409036 0.031249 -0.012775 0.545 0.424 0.114
0.407026 0.030434 -0.012370 0.541 0.424 0.122
0.405509 0.028876 -0.012465 0.545 0.471 0.180
0.403992 0.027318 -0.012561 0.565 0.490 0.200
0.402475 0.025760 -0.012656 0.569 0.522 0.247
0.400958 0.024202 -0.012752 0.557 0.525 0.255
0.399441 0.022643 -0.012847 0.557 0.541 0.275
0.398404 0.020329 -0.013445 0.561 0.545 0.278
0.397364 0.018011 -0.014042 0.557 0.557 0.306
0.396320 0.015689 -0.014640 0.549 0.549 0.314
0.395747 0.012601 -0.015739 0.545 0.545 0.310
0.391383 0.015616 -0.012823 0.541 0.541 0.306
0.391281 0.011763 -0.014425 0.529 0.529 0.294
0.389761 0.010201 -0.014521 0.525 0.518 0.275
0.389175 0.007101 -0.015622 0.525 0.510 0.251
0.388583 0.003993 -0.016723 0.533 0.482 0.227
0.388911 -0.000668 -0.018829 0.537 0.494 0.247
0.387838 -0.003020 -0.019429 0.557 0.471 0.212
0.386761 -0.005375 -0.020028 0.514 0.388 0.149
0.388433 -0.012405 -0.023646 0.498 0.369 0.149
0.388252 -0.016339 -0.025252 0.498 0.369 0.149
0.393065 -0.028889 -0.032394 0.498 0.420 0.227
0.479577 0.050221 -0.033727 0.243 0.224 0.110
0.477432 0.049266 -0.033328 0.251 0.224 0.094
0.474748 0.049004 -0.032429 0.325 0.314 0.153
0.472070 0.048749 -0.031530 0.396 0.396 0.196
0.469399 0.048502 -0.030630 0.408 0.400 0.196
0.466736 0.048262 -0.029730 0.420 0.412 0.208
0.464080 0.048029 -0.028829 0.431 0.435 0.208
0.461431 0.047804 -0.027928 0.435 0.439 0.212
0.458790 0.047587 -0.027026 0.455 0.455 0.220
0.456155 0.047376 -0.026124 0.463 0.463 0.220
0.453528 0.047173 -0.025221 0.463 0.463 0.220
0.451436 0.046273 -0.024819 0.471 0.463 0.212
0.449348 0.045375 -0.024417 0.482 0.467 0.208
0.446739 0.045191 -0.023513 0.486 0.463 0.200
0.444659 0.044303 -0.023110 0.494 0.471 0.208
0.442063 0.044131 -0.022205 0.502 0.482 0.208
0.439473 0.043967 -0.021300 0.514 0.494 0.220
0.436891 0.043811 -0.020395 0.522 0.502 0.227
0.434832 0.042943 -0.019991 0.529 0.514 0.247
0.432262 0.042800 -0.019084 0.537 0.522 0.255
0.430211 0.041941 -0.018680 0.549 0.545 0.275
0.427654 0.041810 -0.017773 0.549 0.553 0.290
0.425105 0.041687 -0.016865 0.557 0.561 0.298
0.422562 0.041571 -0.015957 0.545 0.553 0.298
0.420027 0.041463 -0.015049 0.545 0.553 0.298
0.418002 0.040630 -0.014642 0.545 0.553 0.306
0.415980 0.039802 -0.014236 0.545 0.565 0.322
0.413962 0.038976 -0.013829 0.549 0.545 0.282
0.411947 0.038155 -0.013422 0.553 0.506 0.231
0.409937 0.037338 -0.013014 0.545 0.498 0.224
0.408423 0.035783 -0.013110 0.541 0.443 0.133
0.406910 0.034228 -0.013205 0.545 0.424 0.106
0.404906 0.033418 -0.012797 0.537 0.404 0.090
0.402906 0.032612 -0.012389 0.549 0.431 0.129
0.401396 0.031061 -0.012484 0.549 0.431 0.129
0.399886 0.029510 -0.012580 0.573 0.478 0.196
0.398377 0.027959 -0.012675 0.549 0.502 0.227
0.396867 0.026408 -0.012770 0.553 0.537 0.271
0.395357 0.024858 -0.012865 0.561 0.545 0.278
0.394325 0.022550 -0.013464 0.561 0.561 0.318
0.392813 0.020997 -0.013559 0.545 0.553 0.314
0.392250 0.017922 -0.014663 0.541 0.549 0.310
0.389318 0.018654 -0.013246 0.541 0.549 0.310
0.388749 0.015574 -0.014350 0.537 0.545 0.306
0.387235 0.014020 -0.014445 0.525 0.533 0.294
0.386189 0.011697 -0.015045 0.522 0.514 0.263
0.385604 0.008600 -0.016150 0.522 0.486 0.235
0.385011 0.005496 -0.017255 0.506 0.471 0.220
0.384412 0.002384 -0.018361 0.506 0.412 0.129
0.383345 0.000041 -0.018963 0.510 0.365 0.078
0.386396 -0.009304 -0.024111 0.514 0.349 0.078
0.386218 -0.013230 -0.025724 0.502 0.329 0.090
0.378308 -0.003885 -0.018746 0.502 0.329 0.090
0.376782 -0.005453 -0.018842 0.486 0.329 0.110
0.375706 -0.007805 -0.019444 0.455 0.333 0.129
0.476204 0.050742 -0.034865 0.239 0.227 0.110
0.473522 0.050480 -0.033961 0.243 0.224 0.102
0.471390 0.049536 -0.033559 0.337 0.325 0.165
0.468721 0.049287 -0.032655 0.404 0.396 0.200
0.466059 0.049045 -0.031750 0.404 0.396 0.200
0.463405 0.048811 -0.030844 0.416 0.420 0.200
0.460757 0.048584 -0.029939 0.427 0.431 0.212
0.458117 0.048364 -0.029032 0.443 0.447 0.220
0.455484 0.048152 -0.028126 0.455 0.463 0.224
0.452859 0.047948 -0.027218 0.455 0.463 0.224
0.450768 0.047046 -0.026814 0.463 0.463 0.212
0.448155 0.046854 -0.025906 0.471 0.463 0.212
0.445549 0.046670 -0.024997 0.475 0.471 0.208
0.443472 0.045783 -0.024592 0.490 0.475 0.216
0.440879 0.045611 -0.023683 0.494 0.478 0.220
0.438293 0.045447 -0.022773 0.510 0.494 0.235
0.435714 0.045291 -0.021863 0.518 0.502 0.243
0.433142 0.045142 -0.020952 0.529 0.514 0.255
0.430578 0.045000 -0.020041 0.537 0.522 0.263
0.428532 0.044144 -0.019634 0.549 0.545 0.282
0.425980 0.044015 -0.018722 0.549 0.549 0.298
0.423435 0.043894 -0.017810 0.545 0.553 0.298
0.420898 0.043780 -0.016897 0.545 0.565 0.314
0.418368 0.043673 -0.015984 0.549 0.569 0.318
0.416347 0.042844 -0.015575 0.549 0.565 0.333
0.414329 0.042018 -0.015166 0.545 0.561 0.329
0.412316 0.041196 -0.014756 0.533 0.553 0.310
0.410306 0.040377 -0.014347 0.549 0.545 0.282
0.408299 0.039562 -0.013937 0.522 0.518 0.255
0.406296 0.038751 -0.013527 0.529 0.439 0.129
0.404788 0.037202 -0.013622 0.549 0.412 0.086
0.402791 0.036397 -0.013211 0.545 0.388 0.055
0.400797 0.035595 -0.012801 0.549 0.392 0.067
0.399292 0.034050 -0.012895 0.553 0.396 0.071
0.397304 0.033253 -0.012484 0.561 0.404 0.086
0.395801 0.031710 -0.012579 0.537 0.420 0.125
0.394299 0.030166 -0.012674 0.522 0.486 0.227
0.392796 0.028623 -0.012768 0.533 0.533 0.298
0.391294 0.027080 -0.012863 0.545 0.545 0.310
0.389791 0.025536 -0.012958 0.545 0.545 0.310
0.388762 0.023233 -0.013559 0.537 0.537 0.294
0.386786 0.022449 -0.013147 0.545 0.545 0.302
0.385753 0.020142 -0.013749 0.545 0.545 0.302
0.384248 0.018597 -0.013843 0.537 0.545 0.298
0.383210 0.016284 -0.014445 0.537 0.545 0.298
0.382168 0.013968 -0.015047 0.537 0.537 0.294
0.381123 0.011648 -0.015649 0.533 0.498 0.239
0.380534 0.008551 -0.016759 0.502 0.467 0.208
0.379021 0.006996 -0.016854 0.498 0.380 0.086
0.374765 0.010102 -0.013905 0.510 0.361 0.059
0.373718 0.007780 -0.014507 0.502 0.329 0.055
0.374934 0.001552 -0.017648 0.498 0.325 0.051
0.373870 -0.000786 -0.018252 0.498 0.310 0.059
0.372803 -0.003129 -0.018855 0.478 0.306 0.075
0.371732 -0.005475 -0.019459 0.463 0.365 0.180
0.467503 0.050762 -0.034175 0.235 0.216 0.094
0.465382 0.049828 -0.033770 0.243 0.224 0.102
0.462729 0.049592 -0.032860 0.412 0.380 0.216
0.460084 0.049363 -0.031949 0.404 0.392 0.176
0.457445 0.049142 -0.031039 0.424 0.420 0.204
0.454814 0.048928 -0.030127 0.435 0.431 0.208
0.452189 0.048722 -0.029215 0.435 0.431 0.208
0.450099 0.047819 -0.028809 0.455 0.455 0.220
0.447488 0.047625 -0.027896 0.459 0.459 0.224
0.444883 0.047439 -0.026983 0.463 0.463 0.220
0.442286 0.047261 -0.026070 0.467 0.467 0.224
0.439696 0.047089 -0.025156 0.475 0.475 0.231
0.437114 0.046925 -0.024241 0.478 0.478 0.235
0.434538 0.046769 -0.023326 0.490 0.490 0.247
0.431970 0.046620 -0.022411 0.506 0.506 0.263
0.429409 0.046478 -0.021495 0.529 0.529 0.286
0.426855 0.046344 -0.020579 0.529 0.529 0.286
0.424308 0.046217 -0.019663 0.529 0.537 0.298
0.421769 0.046097 -0.018745 0.525 0.545 0.302
0.419236 0.045985 -0.017828 0.533 0.553 0.310
0.416711 0.045881 -0.016910 0.533 0.553 0.310
0.414695 0.045054 -0.016498 0.545 0.565 0.322
0.412682 0.044231 -0.016087 0.545 0.561 0.329
0.410673 0.043411 -0.015675 0.537 0.553 0.322
0.408667 0.042596 -0.015262 0.545 0.545 0.294
0.406665 0.041784 -0.014850 0.522 0.522 0.271
0.404666 0.040975 -0.014437 0.529 0.439 0.137
0.402671 0.040171 -0.014025 0.537 0.400 0.067
0.400680 0.039370 -0.013612 0.545 0.392 0.047
0.398692 0.038573 -0.013198 0.549 0.388 0.047
0.397193 0.037033 -0.013293 0.549 0.388 0.047
0.395211 0.036241 -0.012879 0.553 0.388 0.067
0.393714 0.034703 -0.012973 0.545 0.404 0.090
0.392217 0.033165 -0.013068 0.533 0.475 0.204
0.390242 0.032381 -0.012654 0.525 0.518 0.275
0.388746 0.030845 -0.012748 0.541 0.533 0.290
0.387251 0.029309 -0.012842 0.545 0.545 0.302
0.385755 0.027773 -0.012936 0.537 0.537 0.294
0.384260 0.026237 -0.013030 0.537 0.537 0.294
0.382765 0.024701 -0.013125 0.545 0.545 0.302
0.381269 0.023165 -0.013219 0.549 0.549 0.306
0.380239 0.020863 -0.013822 0.541 0.549 0.302
0.378742 0.019325 -0.013917 0.537 0.545 0.306
0.377706 0.017017 -0.014521 0.537 0.518 0.271
0.376667 0.014705 -0.015125 0.518 0.498 0.251
0.375166 0.013163 -0.015219 0.537 0.463 0.180
0.372297 0.013949 -0.013784 0.529 0.388 0.082
0.371256 0.011635 -0.014388 0.506 0.337 0.035
0.371569 0.006979 -0.016523 0.498 0.329 0.027
0.370516 0.004653 -0.017128 0.498 0.314 0.051
0.369459 0.002323 -0.017733 0.490 0.302 0.051
0.368398 -0.000012 -0.018339 0.486 0.314 0.075
0.367334 -0.002349 -0.018944 0.475 0.341 0.106
0.366709 -0.005479 -0.020061 0.494 0.361 0.125
0.461519 0.051067 -0.034368 0.275 0.235 0.118
0.458877 0.050838 -0.033453 0.369 0.337 0.165
0.456241 0.050617 -0.032538 0.412 0.396 0.192
0.453613 0.050403 -0.031622 0.420 0.416 0.192
0.450993 0.050197 -0.030705 0.424 0.420 0.196
0.448905 0.049295 -0.030296 0.447 0.447 0.212
0.446297 0.049101 -0.029379 0.451 0.451 0.216
0.443696 0.048915 -0.028461 0.459 0.459 0.224
0.441102 0.048737 -0.027543 0.463 0.463 0.220
0.438515 0.048565 -0.026624 0.467 0.467 0.224
0.435936 0.048402 -0.025705 0.467 0.467 0.224
0.433364 0.048245 -0.024785 0.482 0.482 0.239
0.430799 0.048096 -0.023865 0.490 0.498 0.251
0.428241 0.047955 -0.022945 0.510 0.518 0.278
0.425691 0.047820 -0.022024 0.510 0.518 0.278
0.423147 0.047694 -0.021103 0.514 0.518 0.290
0.420611 0.047574 -0.020181 0.510 0.525 0.294
0.418082 0.047462 -0.019258 0.525 0.541 0.310
0.415561 0.047357 -0.018336 0.525 0.541 0.310
0.413046 0.047260 -0.017412 0.533 0.549 0.318
0.411037 0.046440 -0.016998 0.545 0.561 0.329
0.409033 0.045623 -0.016584 0.537 0.553 0.322
0.407031 0.044810 -0.016169 0.545 0.545 0.294
0.405033 0.044001 -0.015754 0.522 0.522 0.271
0.403039 0.043196 -0.015339 0.529 0.486 0.184
0.401049 0.042394 -0.014924 0.537 0.427 0.078
0.399062 0.041596 -0.014508 0.545 0.404 0.047
0.397079 0.040801 -0.014092 0.545 0.384 0.035
0.395583 0.039265 -0.014186 0.537 0.376 0.027
0.393605 0.038477 -0.013770 0.545 0.373 0.035
0.391631 0.037691 -0.013354 0.545 0.380 0.059
0.390139 0.036159 -0.013448 0.537 0.400 0.106
0.388170 0.035379 -0.013031 0.541 0.463 0.200
0.386680 0.033849 -0.013125 0.569 0.490 0.227
0.384717 0.033075 -0.012708 0.573 0.553 0.306
0.383229 0.031546 -0.012802 0.553 0.561 0.314
0.381740 0.030018 -0.012895 0.541 0.549 0.310
0.379784 0.029251 -0.012478 0.537 0.545 0.306
0.378298 0.027724 -0.012571 0.553 0.561 0.322
0.377276 0.025432 -0.013177 0.557 0.557 0.322
0.375788 0.023903 -0.013270 0.541 0.541 0.298
0.374299 0.022375 -0.013364 0.533 0.533 0.290
0.373270 0.020075 -0.013970 0.522 0.522 0.278
0.371780 0.018544 -0.014064 0.522 0.502 0.255
0.369835 0.017789 -0.013646 0.541 0.459 0.173
0.368800 0.015484 -0.014252 0.537 0.400 0.075
0.368214 0.012396 -0.015370 0.518 0.361 0.035
0.367171 0.010081 -0.015977 0.498 0.341 0.016
0.366124 0.007763 -0.016584 0.490 0.310 0.020
0.365073 0.005441 -0.017191 0.486 0.302 0.031
0.364019 0.003115 -0.017798 0.490 0.314 0.059
0.362961 0.000786 -0.018405 0.498 0.322 0.067
0.361458 -0.000758 -0.018500 0.506 0.357 0.098
0.360834 -0.003884 -0.019621 0.482 0.376 0.161
0.455570 0.051394 -0.034542 0.227 0.188 0.063
0.452943 0.051178 -0.033621 0.357 0.337 0.169
0.450324 0.050970 -0.032700 0.412 0.392 0.224
0.447712 0.050769 -0.031778 0.408 0.400 0.196
0.445107 0.050576 -0.030856 0.412 0.408 0.184
0.442510 0.050390 -0.029934 0.431 0.427 0.204
0.439919 0.050211 -0.029011 0.447 0.447 0.212
0.437336 0.050040 -0.028088 0.451 0.451 0.216
0.434760 0.049876 -0.027164 0.455 0.455 0.220
0.432191 0.049720 -0.026240 0.455 0.455 0.220
0.429630 0.049571 -0.025315 0.471 0.478 0.239
0.427075 0.049429 -0.024390 0.475 0.478 0.251
0.424528 0.049295 -0.023464 0.486 0.490 0.263
0.421988 0.049168 -0.022538 0.490 0.494 0.267
0.419455 0.049049 -0.021611 0.490 0.506 0.275
0.416930 0.048937 -0.020684 0.498 0.514 0.290
0.414411 0.048832 -0.019757 0.510 0.525 0.294
0.411900 0.048735 -0.018829 0.522 0.537 0.306
0.409894 0.047916 -0.018412 0.525 0.541 0.310
0.407396 0.047832 -0.017484 0.529 0.545 0.314
0.405399 0.047022 -0.017066 0.529 0.537 0.290
0.403405 0.046215 -0.016649 0.518 0.525 0.278
0.401415 0.045413 -0.016231 0.525 0.506 0.231
0.399429 0.044614 -0.015813 0.533 0.463 0.153
0.397447 0.043818 -0.015395 0.553 0.443 0.102
0.395468 0.043027 -0.014977 0.541 0.400 0.051
0.393976 0.041494 -0.015071 0.533 0.392 0.043
0.392002 0.040708 -0.014652 0.537 0.376 0.035
0.390033 0.039926 -0.014233 0.557 0.380 0.055
0.388066 0.039147 -0.013814 0.549 0.392 0.067
0.386103 0.038372 -0.013395 0.541 0.443 0.149
0.384619 0.036848 -0.013488 0.573 0.475 0.180
0.382662 0.036078 -0.013068 0.569 0.529 0.263
0.381179 0.034555 -0.013162 0.545 0.545 0.294
0.379227 0.033791 -0.012742 0.541 0.549 0.310
0.377279 0.033031 -0.012322 0.549 0.565 0.341
0.375799 0.031512 -0.012415 0.549 0.565 0.341
0.374320 0.029992 -0.012508 0.545 0.561 0.337
0.372841 0.028473 -0.012601 0.541 0.549 0.310
0.371362 0.026954 -0.012694 0.533 0.541 0.294
0.370341 0.024664 -0.013302 0.529 0.537 0.290
0.368860 0.023143 -0.013395 0.518 0.518 0.267
0.366924 0.022396 -0.012974 0.518 0.478 0.212
0.365898 0.020100 -0.013582 0.529 0.427 0.110
0.364868 0.017802 -0.014190 0.537 0.392 0.063
0.363835 0.015499 -0.014798 0.518 0.373 0.043
0.362798 0.013193 -0.015406 0.514 0.357 0.039
0.361757 0.010882 -0.016015 0.502 0.329 0.047
0.360713 0.008569 -0.016624 0.490 0.318 0.043
0.359665 0.006251 -0.017233 0.494 0.322 0.047
0.358173 0.004719 -0.017327 0.498 0.333 0.063
0.357558 0.001605 -0.018452 0.498 0.365 0.114
0.356500 -0.000723 -0.019062 0.475 0.380 0.161
0.447045 0.051540 -0.033769 0.243 0.204 0.078
0.444442 0.051345 -0.032842 0.329 0.314 0.125
0.441846 0.051157 -0.031915 0.416 0.404 0.188
0.439257 0.050977 -0.030987 0.427 0.427 0.192
0.436675 0.050804 -0.030059 0.439 0.439 0.204
0.434101 0.050639 -0.029131 0.451 0.451 0.216
0.431020 0.051193 -0.027689 0.451 0.451 0.216
0.428462 0.051044 -0.026760 0.459 0.459 0.224
0.425911 0.050902 -0.025830 0.463 0.467 0.239
0.423367 0.050768 -0.024899 0.471 0.475 0.247
0.420830 0.050641 -0.023969 0.478 0.482 0.255
0.418301 0.050522 -0.023037 0.486 0.490 0.263
0.415779 0.050410 -0.022106 0.494 0.510 0.286
0.413264 0.050306 -0.021174 0.506 0.522 0.298
0.410756 0.050209 -0.020241 0.510 0.525 0.302
0.408752 0.049390 -0.019822 0.522 0.537 0.306
0.406257 0.049306 -0.018888 0.522 0.537 0.306
0.404263 0.048497 -0.018469 0.525 0.533 0.286
0.402272 0.047692 -0.018049 0.529 0.514 0.255
0.400285 0.046890 -0.017629 0.525 0.510 0.251
0.398301 0.046092 -0.017208 0.525 0.482 0.188
0.396321 0.045297 -0.016788 0.545 0.459 0.137
0.394345 0.044507 -0.016367 0.537 0.408 0.067
0.392372 0.043720 -0.015946 0.525 0.396 0.055
0.390403 0.042937 -0.015525 0.533 0.376 0.043
0.388437 0.042157 -0.015103 0.549 0.384 0.055
0.386475 0.041381 -0.014682 0.549 0.392 0.067
0.384517 0.040609 -0.014260 0.561 0.416 0.094
0.382562 0.039841 -0.013838 0.580 0.435 0.114
0.380611 0.039076 -0.013415 0.580 0.482 0.173
0.379134 0.037558 -0.013508 0.565 0.510 0.220
0.377188 0.036799 -0.013086 0.545 0.537 0.286
0.375246 0.036044 -0.012663 0.549 0.565 0.341
0.373307 0.035292 -0.012240 0.549 0.565 0.341
0.371835 0.033780 -0.012332 0.537 0.549 0.337
0.370363 0.032268 -0.012425 0.525 0.549 0.322
0.368891 0.030756 -0.012518 0.525 0.549 0.314
0.367419 0.029244 -0.012611 0.529 0.553 0.318
0.365947 0.027732 -0.012703 0.525 0.545 0.302
0.364475 0.026220 -0.012796 0.514 0.522 0.267
0.363003 0.024708 -0.012889 0.533 0.518 0.259
0.361982 0.022420 -0.013499 0.549 0.518 0.247
0.360957 0.020127 -0.014108 0.541 0.510 0.239
0.359481 0.018611 -0.014201 0.537 0.463 0.180
0.358450 0.016313 -0.014812 0.533 0.443 0.149
0.357416 0.014012 -0.015422 0.518 0.392 0.094
0.356378 0.011706 -0.016033 0.510 0.365 0.071
0.354897 0.010185 -0.016126 0.494 0.349 0.055
0.354292 0.007084 -0.017255 0.502 0.357 0.078
0.353243 0.004768 -0.017866 0.502 0.353 0.086
0.352191 0.002447 -0.018478 0.494 0.369 0.114
0.351567 -0.000672 -0.019608 0.502 0.376 0.122
0.443776 0.052115 -0.034828 0.255 0.220 0.082
0.441182 0.051925 -0.033896 0.337 0.306 0.141
0.438595 0.051743 -0.032964 0.416 0.404 0.188
0.436014 0.051568 -0.032031 0.408 0.396 0.180
0.433441 0.051401 -0.031098 0.427 0.420 0.184
0.430363 0.051952 -0.029649 0.424 0.424 0.188
0.427806 0.051802 -0.028715 0.431 0.427 0.204
0.424748 0.052373 -0.027265 0.439 0.439 0.204
0.422207 0.052239 -0.026330 0.447 0.447 0.212
0.420179 0.051394 -0.025911 0.455 0.463 0.224
0.417652 0.051273 -0.024975 0.459 0.463 0.235
0.415131 0.051159 -0.024038 0.475 0.478 0.251
0.412617 0.051053 -0.023102 0.478 0.482 0.255
0.410111 0.050954 -0.022164 0.498 0.502 0.275
0.407612 0.050863 -0.021227 0.506 0.510 0.282
0.405120 0.050779 -0.020289 0.510 0.514 0.286
0.403128 0.049971 -0.019867 0.510 0.518 0.278
0.401140 0.049166 -0.019444 0.510 0.510 0.267
0.399156 0.048365 -0.019022 0.506 0.506 0.263
0.397175 0.047568 -0.018599 0.510 0.494 0.235
0.395197 0.046775 -0.018176 0.518 0.486 0.208
0.393223 0.045985 -0.017753 0.529 0.467 0.173
0.391253 0.045199 -0.017329 0.514 0.451 0.157
0.388806 0.045161 -0.016388 0.525 0.431 0.110
0.386845 0.044385 -0.015964 0.525 0.408 0.078
0.384888 0.043612 -0.015540 0.541 0.404 0.071
0.382934 0.042842 -0.015116 0.561 0.404 0.071
0.380983 0.042077 -0.014691 0.573 0.416 0.082
0.379036 0.041315 -0.014266 0.573 0.427 0.090
0.377093 0.040557 -0.013841 0.576 0.447 0.122
0.375154 0.039802 -0.013416 0.541 0.482 0.220
0.373218 0.039051 -0.012990 0.545 0.537 0.294
0.371285 0.038304 -0.012564 0.549 0.541 0.298
0.369819 0.036798 -0.012657 0.533 0.537 0.310
0.367892 0.036056 -0.012231 0.522 0.545 0.318
0.366427 0.034552 -0.012323 0.518 0.541 0.314
0.364962 0.033047 -0.012415 0.525 0.549 0.314
0.363497 0.031542 -0.012508 0.525 0.549 0.314
0.362033 0.030038 -0.012600 0.522 0.541 0.298
0.360568 0.028533 -0.012692 0.533 0.541 0.286
0.359553 0.026253 -0.013304 0.545 0.541 0.278
0.358086 0.024747 -0.013396 0.537 0.533 0.271
0.356620 0.023240 -0.013488 0.533 0.486 0.212
0.355597 0.020952 -0.014101 0.537 0.471 0.196
0.354571 0.018661 -0.014713 0.529 0.447 0.161
0.353542 0.016365 -0.015325 0.502 0.384 0.098
0.352070 0.014853 -0.015418 0.490 0.373 0.086
0.351035 0.012553 -0.016031 0.494 0.369 0.086
0.349996 0.010248 -0.016644 0.494 0.357 0.078
0.348954 0.007940 -0.017257 0.494 0.353 0.086
0.348340 0.004833 -0.018391 0.498 0.357 0.090
0.347288 0.002516 -0.019005 0.510 0.404 0.157
0.346662 -0.000604 -0.020139 0.467 0.439 0.255
0.437415 0.053214 -0.034423 0.243 0.204 0.086
0.434838 0.053039 -0.033486 0.247 0.208 0.090
0.432269 0.052872 -0.032548 0.392 0.349 0.208
0.429706 0.052712 -0.031610 0.404 0.396 0.200
0.427151 0.052560 -0.030671 0.400 0.396 0.173
0.424095 0.053129 -0.029214 0.412 0.412 0.176
0.421556 0.052993 -0.028275 0.424 0.424 0.188
0.419529 0.052147 -0.027853 0.439 0.439 0.204
0.417002 0.052024 -0.026912 0.451 0.459 0.220
0.414483 0.051908 -0.025971 0.463 0.471 0.231
0.411971 0.051800 -0.025030 0.471 0.478 0.239
0.409467 0.051700 -0.024088 0.478 0.486 0.247
0.406969 0.051607 -0.023146 0.486 0.490 0.263
0.404479 0.051521 -0.022203 0.490 0.494 0.267
0.402488 0.050712 -0.021779 0.498 0.506 0.267
0.400500 0.049906 -0.021354 0.506 0.506 0.263
0.398516 0.049105 -0.020929 0.502 0.502 0.259
0.396049 0.049043 -0.019985 0.498 0.490 0.239
0.394075 0.048250 -0.019560 0.510 0.486 0.231
0.392103 0.047462 -0.019134 0.518 0.478 0.204
0.390136 0.046677 -0.018708 0.514 0.475 0.200
0.387692 0.046639 -0.017762 0.514 0.455 0.149
0.385256 0.046609 -0.016816 0.518 0.431 0.110
0.383303 0.045838 -0.016390 0.529 0.412 0.075
0.381353 0.045072 -0.015963 0.561 0.404 0.071
0.379407 0.044309 -0.015535 0.569 0.412 0.078
0.377465 0.043550 -0.015108 0.573 0.420 0.075
0.375526 0.042795 -0.014680 0.573 0.435 0.094
0.373591 0.042043 -0.014252 0.545 0.463 0.184
0.371659 0.041295 -0.013824 0.553 0.533 0.286
0.369731 0.040551 -0.013396 0.553 0.533 0.286
0.367807 0.039810 -0.012967 0.533 0.541 0.302
0.365886 0.039073 -0.012539 0.529 0.537 0.298
0.364427 0.037574 -0.012631 0.522 0.545 0.318
0.362967 0.036075 -0.012723 0.529 0.553 0.325
0.361508 0.034576 -0.012815 0.529 0.553 0.325
0.360049 0.033077 -0.012906 0.529 0.553 0.318
0.358589 0.031578 -0.012998 0.537 0.557 0.314
0.357130 0.030079 -0.013090 0.541 0.549 0.302
0.355671 0.028580 -0.013182 0.541 0.549 0.302
0.354211 0.027081 -0.013274 0.541 0.549 0.294
0.353195 0.024801 -0.013888 0.545 0.549 0.286
0.352176 0.022518 -0.014502 0.557 0.533 0.271
0.350713 0.021015 -0.014594 0.533 0.486 0.220
0.349250 0.019513 -0.014687 0.522 0.475 0.208
0.348223 0.017222 -0.015301 0.502 0.443 0.165
0.347193 0.014928 -0.015916 0.510 0.435 0.153
0.346159 0.012630 -0.016531 0.482 0.380 0.106
0.345121 0.010328 -0.017146 0.475 0.373 0.098
0.344080 0.008022 -0.017761 0.490 0.369 0.094
0.343462 0.004916 -0.018900 0.498 0.392 0.129
0.343263 0.001003 -0.020562 0.467 0.416 0.216
0.431610 0.053634 -0.034513 0.227 0.188 0.078
0.429049 0.053472 -0.033570 0.259 0.224 0.086
0.426496 0.053318 -0.032627 0.392 0.384 0.188
0.423442 0.053884 -0.031163 0.396 0.392 0.169
0.420904 0.053746 -0.030219 0.404 0.400 0.176
0.418878 0.052899 -0.029794 0.424 0.420 0.196
0.416353 0.052775 -0.028849 0.427 0.424 0.200
0.413836 0.052658 -0.027904 0.439 0.439 0.204
0.411325 0.052548 -0.026958 0.447 0.455 0.216
0.408822 0.052445 -0.026011 0.459 0.467 0.227
0.406326 0.052350 -0.025065 0.463 0.471 0.231
0.403837 0.052263 -0.024117 0.471 0.478 0.239
0.401847 0.051453 -0.023691 0.471 0.478 0.239
0.399860 0.050646 -0.023264 0.478 0.486 0.247
0.397877 0.049844 -0.022837 0.478 0.486 0.247
0.395412 0.049780 -0.021888 0.486 0.486 0.243
0.392954 0.049724 -0.020938 0.494 0.486 0.243
0.390985 0.048936 -0.020510 0.506 0.490 0.231
0.389020 0.048152 -0.020082 0.502 0.486 0.227
0.386580 0.048115 -0.019132 0.506 0.486 0.212
0.384147 0.048084 -0.018181 0.514 0.478 0.176
0.382196 0.047315 -0.017752 0.533 0.447 0.125
0.379776 0.047298 -0.016800 0.533 0.416 0.078
0.377834 0.046538 -0.016370 0.529 0.412 0.075
0.375896 0.045782 -0.015940 0.545 0.408 0.067
0.373962 0.045029 -0.015510 0.561 0.424 0.090
0.372031 0.044280 -0.015080 0.545 0.447 0.153
0.370104 0.043535 -0.014649 0.557 0.522 0.263
0.368180 0.042793 -0.014218 0.561 0.525 0.267
0.366260 0.042056 -0.013787 0.537 0.537 0.294
0.364344 0.041322 -0.013356 0.541 0.549 0.310
0.362431 0.040591 -0.012924 0.537 0.553 0.322
0.360977 0.039098 -0.013016 0.545 0.569 0.341
0.359523 0.037604 -0.013108 0.545 0.569 0.341
0.358069 0.036111 -0.013199 0.533 0.557 0.329
0.356615 0.034617 -0.013291 0.533 0.557 0.329
0.355161 0.033124 -0.013383 0.549 0.573 0.337
0.353707 0.031630 -0.013474 0.557 0.584 0.337
0.352253 0.030137 -0.013566 0.549 0.569 0.325
0.351242 0.027864 -0.014182 0.545 0.565 0.314
0.349786 0.026369 -0.014273 0.561 0.545 0.278
0.348330 0.024873 -0.014365 0.541 0.494 0.212
0.346875 0.023378 -0.014457 0.525 0.478 0.196
0.345854 0.021096 -0.015073 0.514 0.455 0.176
0.344830 0.018809 -0.015690 0.510 0.443 0.169
0.343371 0.017310 -0.015782 0.502 0.416 0.149
0.342342 0.015019 -0.016399 0.486 0.376 0.106
0.341309 0.012723 -0.017016 0.486 0.376 0.106
0.340699 0.009628 -0.018158 0.490 0.388 0.114
0.340506 0.005727 -0.019827 0.475 0.384 0.145
0.422789 0.054639 -0.033112 0.227 0.184 0.051
0.420253 0.054500 -0.032163 0.278 0.235 0.102
0.418227 0.053652 -0.031736 0.412 0.380 0.216
0.415704 0.053526 -0.030787 0.392 0.376 0.180
0.413188 0.053407 -0.029837 0.412 0.408 0.192
0.410679 0.053295 -0.028886 0.427 0.424 0.200
0.408177 0.053191 -0.027935 0.435 0.431 0.208
0.405683 0.053094 -0.026983 0.451 0.447 0.224
0.403196 0.053005 -0.026032 0.451 0.455 0.227
0.401206 0.052194 -0.025603 0.459 0.467 0.227
0.399220 0.051387 -0.025173 0.471 0.478 0.239
0.397238 0.050583 -0.024744 0.463 0.471 0.231
0.394774 0.050518 -0.023791 0.475 0.482 0.235
0.392318 0.050460 -0.022837 0.478 0.478 0.235
0.389868 0.050409 -0.021882 0.494 0.486 0.235
0.387906 0.049626 -0.021452 0.502 0.486 0.227
0.385469 0.049589 -0.020497 0.502 0.486 0.227
0.383039 0.049558 -0.019541 0.506 0.486 0.204
0.381091 0.048790 -0.019109 0.514 0.463 0.153
0.378674 0.048773 -0.018153 0.533 0.439 0.118
0.376265 0.048763 -0.017196 0.525 0.431 0.110
0.374331 0.048010 -0.016764 0.529 0.420 0.086
0.372401 0.047260 -0.016331 0.553 0.431 0.114
0.370474 0.046514 -0.015898 0.545 0.447 0.145
0.368552 0.045771 -0.015465 0.549 0.510 0.243
0.366632 0.045033 -0.015032 0.565 0.525 0.259
0.364717 0.044298 -0.014598 0.545 0.537 0.286
0.362805 0.043566 -0.014164 0.545 0.553 0.314
0.360896 0.042839 -0.013730 0.537 0.553 0.322
0.359446 0.041349 -0.013821 0.545 0.569 0.333
0.357995 0.039859 -0.013913 0.545 0.569 0.333
0.356545 0.038370 -0.014004 0.541 0.565 0.337
0.354646 0.037651 -0.013570 0.533 0.557 0.329
0.353197 0.036163 -0.013661 0.549 0.573 0.345
0.351749 0.034676 -0.013752 0.561 0.584 0.349
0.350300 0.033188 -0.013843 0.573 0.596 0.361
0.349293 0.030921 -0.014461 0.557 0.565 0.310
0.347843 0.029431 -0.014553 0.580 0.537 0.243
0.346393 0.027941 -0.014644 0.541 0.463 0.149
0.344942 0.026452 -0.014735 0.541 0.463 0.149
0.343927 0.024176 -0.015354 0.537 0.459 0.161
0.342474 0.022684 -0.015445 0.514 0.451 0.165
0.341022 0.021192 -0.015537 0.510 0.431 0.161
0.339999 0.018909 -0.016155 0.514 0.412 0.137
0.338973 0.016622 -0.016774 0.490 0.388 0.114
0.338368 0.013536 -0.017921 0.490 0.380 0.102
0.338181 0.009645 -0.019596 0.490 0.380 0.102
0.337560 0.006542 -0.020744 0.482 0.384 0.129
0.337352 0.002631 -0.022420 0.502 0.404 0.149
0.422136 0.055395 -0.035061 0.239 0.200 0.082
0.419601 0.055254 -0.034107 0.247 0.208 0.090
0.417576 0.054405 -0.033678 0.251 0.204 0.082
0.415055 0.054277 -0.032724 0.314 0.294 0.133
0.412540 0.054156 -0.031769 0.412 0.396 0.192
0.410033 0.054042 -0.030814 0.412 0.408 0.192
0.407533 0.053936 -0.029858 0.420 0.416 0.200
0.405040 0.053838 -0.028902 0.435 0.431 0.208
0.402554 0.053747 -0.027946 0.435 0.439 0.212
0.400565 0.052935 -0.027515 0.451 0.459 0.220
0.398580 0.052127 -0.027083 0.455 0.463 0.224
0.396599 0.051323 -0.026651 0.455 0.463 0.224
0.394136 0.051255 -0.025693 0.455 0.463 0.224
0.391681 0.051196 -0.024735 0.459 0.467 0.227
0.389234 0.051143 -0.023776 0.467 0.467 0.231
0.386793 0.051098 -0.022817 0.486 0.478 0.235
0.384360 0.051061 -0.021857 0.486 0.478 0.235
0.381933 0.051031 -0.020896 0.490 0.486 0.224
0.379988 0.050263 -0.020462 0.498 0.478 0.204
0.377574 0.050246 -0.019501 0.518 0.475 0.180
0.375168 0.050236 -0.018540 0.518 0.459 0.153
0.373237 0.049484 -0.018105 0.514 0.455 0.149
0.371309 0.048735 -0.017670 0.537 0.459 0.161
0.369385 0.047990 -0.017234 0.541 0.463 0.165
0.367465 0.047249 -0.016799 0.541 0.502 0.220
0.365548 0.046511 -0.016363 0.561 0.522 0.239
0.363635 0.045777 -0.015927 0.553 0.537 0.271
0.361726 0.045046 -0.015491 0.549 0.549 0.298
0.359820 0.044320 -0.015054 0.545 0.553 0.314
0.357918 0.043597 -0.014618 0.545 0.565 0.322
0.356471 0.042111 -0.014709 0.545 0.565 0.322
0.355024 0.040625 -0.014800 0.541 0.565 0.329
0.353129 0.039909 -0.014363 0.541 0.565 0.337
0.351684 0.038425 -0.014454 0.549 0.573 0.345
0.350239 0.036941 -0.014545 0.553 0.576 0.341
0.348794 0.035457 -0.014636 0.557 0.580 0.345
0.347349 0.033973 -0.014727 0.561 0.561 0.318
0.345904 0.032488 -0.014818 0.576 0.537 0.263
0.344459 0.031004 -0.014909 0.561 0.490 0.180
0.343015 0.029520 -0.015000 0.549 0.478 0.169
0.342003 0.027250 -0.015620 0.529 0.451 0.145
0.340557 0.025764 -0.015712 0.525 0.435 0.133
0.339110 0.024278 -0.015803 0.514 0.412 0.137
0.338092 0.022001 -0.016423 0.525 0.408 0.122
0.337070 0.019721 -0.017044 0.510 0.392 0.106
0.336469 0.016642 -0.018195 0.494 0.369 0.086
0.335861 0.013556 -0.019347 0.502 0.365 0.086
0.335246 0.010462 -0.020499 0.494 0.373 0.098
0.335044 0.006561 -0.022181 0.502 0.380 0.106
0.334830 0.002648 -0.023865 0.506 0.424 0.180
0.414405 0.055028 -0.034661 0.235 0.208 0.094
0.411892 0.054905 -0.033702 0.255 0.216 0.098
0.409883 0.054070 -0.033270 0.318 0.298 0.137
0.407383 0.053961 -0.032310 0.404 0.384 0.224
0.404889 0.053858 -0.031349 0.400 0.392 0.188
0.402403 0.053763 -0.030388 0.408 0.412 0.192
0.399925 0.053676 -0.029427 0.420 0.424 0.196
0.397940 0.052867 -0.028993 0.439 0.439 0.204
0.395960 0.052062 -0.028559 0.439 0.439 0.204
0.393499 0.051993 -0.027596 0.447 0.447 0.212
0.391045 0.051931 -0.026633 0.451 0.451 0.216
0.388599 0.051877 -0.025670 0.451 0.451 0.216
0.386160 0.051831 -0.024706 0.459 0.451 0.208
0.383728 0.051791 -0.023741 0.459 0.451 0.208
0.381303 0.051759 -0.022776 0.475 0.467 0.216
0.378886 0.051735 -0.021811 0.494 0.478 0.220
0.376476 0.051718 -0.020845 0.502 0.471 0.192
0.374072 0.051708 -0.019879 0.522 0.467 0.176
0.372144 0.050956 -0.019442 0.522 0.467 0.176
0.370219 0.050209 -0.019004 0.529 0.467 0.180
0.368298 0.049464 -0.018566 0.537 0.475 0.188
0.366380 0.048724 -0.018128 0.541 0.502 0.220
0.364466 0.047987 -0.017690 0.561 0.522 0.239
0.362555 0.047254 -0.017252 0.549 0.545 0.275
0.360649 0.046525 -0.016813 0.549 0.549 0.298
0.358745 0.045799 -0.016374 0.557 0.557 0.314
0.356846 0.045077 -0.015935 0.545 0.553 0.314
0.354950 0.044359 -0.015496 0.545 0.553 0.314
0.353506 0.042877 -0.015586 0.541 0.565 0.329
0.351616 0.042164 -0.015147 0.549 0.573 0.345
0.350174 0.040683 -0.015238 0.549 0.569 0.353
0.348733 0.039203 -0.015328 0.549 0.573 0.345
0.347292 0.037722 -0.015419 0.553 0.576 0.349
0.345850 0.036242 -0.015510 0.557 0.565 0.325
0.344409 0.034761 -0.015601 0.584 0.561 0.298
0.342968 0.033281 -0.015692 0.573 0.537 0.243
0.341526 0.031800 -0.015783 0.565 0.529 0.235
0.340085 0.030320 -0.015873 0.541 0.471 0.169
0.338644 0.028839 -0.015964 0.522 0.431 0.129
0.337202 0.027359 -0.016055 0.522 0.404 0.110
0.336189 0.025088 -0.016678 0.525 0.388 0.094
0.335171 0.022814 -0.017301 0.514 0.376 0.082
0.334575 0.019743 -0.018456 0.506 0.365 0.059
0.333971 0.016664 -0.019612 0.506 0.357 0.055
0.333360 0.013577 -0.020768 0.510 0.361 0.059
0.332741 0.010484 -0.021924 0.514 0.365 0.063
0.332533 0.006581 -0.023614 0.522 0.384 0.098
0.332313 0.002668 -0.025304 0.475 0.412 0.161
0.409236 0.054818 -0.035200 0.243 0.204 0.094
0.406737 0.054707 -0.034235 0.247 0.208 0.098
0.404246 0.054603 -0.033270 0.388 0.369 0.208
0.401761 0.054506 -0.032305 0.396 0.388 0.184
0.399284 0.054417 -0.031339 0.408 0.404 0.180
0.397300 0.053607 -0.030902 0.424 0.424 0.188
0.395320 0.052801 -0.030466 0.431 0.431 0.196
0.392861 0.052730 -0.029499 0.439 0.439 0.204
0.390409 0.052667 -0.028531 0.439 0.439 0.204
0.387964 0.052611 -0.027563 0.439 0.439 0.204
0.385527 0.052563 -0.026595 0.455 0.447 0.204
0.383097 0.052522 -0.025626 0.455 0.447 0.204
0.380673 0.052488 -0.024656 0.467 0.459 0.216
0.378257 0.052462 -0.023686 0.463 0.455 0.212
0.375849 0.052443 -0.022716 0.475 0.455 0.208
0.373447 0.052431 -0.021745 0.494 0.471 0.208
0.371519 0.051679 -0.021305 0.498 0.475 0.212
0.369131 0.051680 -0.020334 0.510 0.475 0.216
0.367212 0.050937 -0.019893 0.518 0.486 0.216
0.365297 0.050198 -0.019453 0.541 0.510 0.239
0.363385 0.049462 -0.019012 0.549 0.518 0.247
0.361477 0.048730 -0.018572 0.553 0.537 0.278
0.359573 0.048001 -0.018130 0.541 0.541 0.290
0.357672 0.047277 -0.017689 0.541 0.541 0.290
0.355775 0.046556 -0.017248 0.541 0.549 0.302
0.353882 0.045838 -0.016806 0.541 0.549 0.302
0.351992 0.045125 -0.016364 0.537 0.553 0.322
0.350105 0.044415 -0.015922 0.549 0.573 0.345
0.348668 0.042938 -0.016012 0.549 0.573 0.345
0.347230 0.041461 -0.016103 0.545 0.569 0.341
0.345792 0.039984 -0.016193 0.545 0.569 0.341
0.344354 0.038508 -0.016284 0.549 0.565 0.341
0.342917 0.037031 -0.016375 0.561 0.565 0.302
0.341479 0.035554 -0.016465 0.588 0.557 0.278
0.340041 0.034077 -0.016556 0.573 0.525 0.243
0.338603 0.032600 -0.016646 0.561 0.514 0.231
0.337166 0.031124 -0.016737 0.533 0.471 0.176
0.335728 0.029647 -0.016828 0.545 0.455 0.161
0.334717 0.027381 -0.017452 0.522 0.384 0.090
0.333703 0.025111 -0.018077 0.510 0.373 0.078
0.332685 0.022838 -0.018703 0.518 0.361 0.043
0.332085 0.019766 -0.019863 0.514 0.357 0.039
0.331477 0.016687 -0.021023 0.514 0.357 0.039
0.330863 0.013601 -0.022184 0.510 0.369 0.063
0.330241 0.010507 -0.023345 0.514 0.373 0.067
0.330027 0.006604 -0.025042 0.506 0.404 0.129
0.329801 0.002689 -0.026740 0.443 0.427 0.239
0.404093 0.054626 -0.035724 0.243 0.216 0.102
0.401608 0.054526 -0.034754 0.251 0.212 0.086
0.399131 0.054433 -0.033783 0.337 0.306 0.133
0.396660 0.054347 -0.032812 0.420 0.396 0.184
0.394681 0.053540 -0.032374 0.420 0.396 0.184
0.392224 0.053468 -0.031402 0.420 0.408 0.184
0.389773 0.053403 -0.030429 0.435 0.416 0.184
0.387330 0.053345 -0.029457 0.435 0.427 0.192
0.384894 0.053295 -0.028484 0.439 0.431 0.196
0.382465 0.053252 -0.027510 0.443 0.435 0.200
0.380043 0.053217 -0.026536 0.447 0.439 0.204
0.377629 0.053189 -0.025561 0.447 0.439 0.204
0.375222 0.053168 -0.024586 0.455 0.447 0.196
0.372822 0.053155 -0.023611 0.467 0.459 0.208
0.370895 0.052401 -0.023169 0.471 0.463 0.212
0.368508 0.052401 -0.022193 0.494 0.475 0.227
0.366127 0.052408 -0.021216 0.494 0.478 0.220
0.364215 0.051669 -0.020773 0.518 0.502 0.243
0.362306 0.050935 -0.020330 0.525 0.518 0.267
0.360400 0.050203 -0.019887 0.537 0.533 0.271
0.358499 0.049476 -0.019443 0.537 0.537 0.286
0.356601 0.048752 -0.019000 0.537 0.537 0.286
0.354706 0.048032 -0.018556 0.541 0.549 0.302
0.352815 0.047316 -0.018111 0.541 0.549 0.302
0.350928 0.046603 -0.017667 0.537 0.553 0.322
0.349044 0.045894 -0.017222 0.545 0.569 0.341
0.347164 0.045189 -0.016778 0.549 0.573 0.345
0.345730 0.043716 -0.016868 0.545 0.569 0.341
0.344296 0.042243 -0.016958 0.545 0.569 0.341
0.342862 0.040770 -0.017049 0.541 0.565 0.337
0.341427 0.039297 -0.017139 0.557 0.565 0.318
0.339993 0.037824 -0.017229 0.580 0.561 0.286
0.338559 0.036351 -0.017320 0.576 0.529 0.247
0.337125 0.034877 -0.017410 0.569 0.522 0.239
0.335691 0.033404 -0.017501 0.545 0.482 0.196
0.334257 0.031931 -0.017591 0.553 0.471 0.184
0.333249 0.029670 -0.018218 0.522 0.396 0.098
0.332237 0.027405 -0.018845 0.502 0.376 0.078
0.331222 0.025136 -0.019472 0.522 0.365 0.047
0.330203 0.022864 -0.020100 0.518 0.361 0.043
0.329600 0.019792 -0.021264 0.514 0.357 0.039
0.328989 0.016713 -0.022430 0.510 0.369 0.055
0.328371 0.013627 -0.023595 0.510 0.369 0.055
0.328160 0.009731 -0.025298 0.510 0.392 0.098
0.327526 0.006628 -0.026465 0.467 0.416 0.169
0.327295 0.002713 -0.028170 0.412 0.427 0.255
0.398976 0.054450 -0.036232 0.239 0.204 0.067
0.396505 0.054361 -0.035257 0.325 0.294 0.122
0.394042 0.054280 -0.034281 0.408 0.376 0.204
0.391586 0.054206 -0.033305 0.416 0.392 0.180
0.389137 0.054139 -0.032328 0.424 0.400 0.180
0.386695 0.054079 -0.031350 0.427 0.404 0.184
0.384261 0.054027 -0.030373 0.435 0.427 0.192
0.381834 0.053982 -0.029394 0.435 0.427 0.192
0.379413 0.053945 -0.028416 0.443 0.435 0.200
0.377001 0.053915 -0.027436 0.443 0.435 0.200
0.374595 0.053893 -0.026457 0.447 0.439 0.196
0.372197 0.053878 -0.025477 0.459 0.451 0.200
0.370270 0.053124 -0.025033 0.463 0.455 0.204
0.367884 0.053122 -0.024052 0.471 0.463 0.212
0.365506 0.053127 -0.023070 0.482 0.475 0.224
0.363134 0.053140 -0.022089 0.490 0.490 0.239
0.361228 0.052406 -0.021643 0.506 0.506 0.263
0.359325 0.051675 -0.021198 0.514 0.514 0.271
0.357426 0.050949 -0.020752 0.529 0.529 0.286
0.355531 0.050226 -0.020305 0.529 0.529 0.294
0.353639 0.049507 -0.019859 0.529 0.537 0.298
0.351750 0.048792 -0.019413 0.529 0.537 0.298
0.349865 0.048080 -0.018966 0.529 0.545 0.314
0.347984 0.047372 -0.018519 0.537 0.553 0.329
0.346107 0.046668 -0.018071 0.549 0.573 0.345
0.344674 0.045197 -0.018162 0.549 0.569 0.353
0.342802 0.044498 -0.017714 0.549 0.569 0.353
0.341372 0.043028 -0.017804 0.549 0.569 0.353
0.339941 0.041559 -0.017894 0.553 0.573 0.357
0.338511 0.040090 -0.017984 0.557 0.557 0.306
0.337080 0.038620 -0.018075 0.573 0.525 0.243
0.335650 0.037151 -0.018165 0.561 0.514 0.231
0.334219 0.035681 -0.018255 0.553 0.471 0.184
0.332789 0.034212 -0.018345 0.549 0.475 0.184
0.331783 0.031955 -0.018974 0.541 0.443 0.149
0.330775 0.029695 -0.019603 0.510 0.412 0.118
0.329762 0.027431 -0.020232 0.518 0.376 0.063
0.328746 0.025163 -0.020862 0.510 0.365 0.043
0.327727 0.022892 -0.021492 0.514 0.369 0.047
0.327120 0.019820 -0.022661 0.502 0.369 0.063
0.326506 0.016741 -0.023831 0.506 0.373 0.067
0.326298 0.012854 -0.025541 0.502 0.396 0.098
0.325668 0.009758 -0.026712 0.475 0.412 0.161
0.325030 0.006655 -0.027883 0.431 0.431 0.231
0.391429 0.054214 -0.035745 0.243 0.204 0.078
0.388980 0.054143 -0.034764 0.322 0.290 0.133
0.386538 0.054080 -0.033782 0.412 0.396 0.192
0.384103 0.054025 -0.032799 0.400 0.396 0.180
0.381202 0.054713 -0.031279 0.408 0.404 0.188
0.378784 0.054674 -0.030295 0.420 0.416 0.192
0.376372 0.054642 -0.029312 0.424 0.424 0.188
0.373968 0.054618 -0.028327 0.435 0.435 0.192
0.371571 0.054601 -0.027343 0.435 0.435 0.184
0.369646 0.053846 -0.026896 0.439 0.439 0.188
0.367261 0.053842 -0.025911 0.451 0.451 0.200
0.364884 0.053846 -0.024925 0.459 0.459 0.216
0.362056 0.054608 -0.023400 0.475 0.475 0.231
0.360152 0.053875 -0.022952 0.482 0.490 0.251
0.358252 0.053146 -0.022504 0.490 0.498 0.259
0.356355 0.052420 -0.022055 0.510 0.518 0.278
0.354462 0.051698 -0.021607 0.506 0.529 0.294
0.352573 0.050980 -0.021158 0.502 0.518 0.286
0.350687 0.050266 -0.020709 0.494 0.510 0.278
0.348805 0.049555 -0.020260 0.498 0.514 0.282
0.346926 0.048848 -0.019810 0.525 0.541 0.318
0.345051 0.048145 -0.019361 0.533 0.549 0.325
0.343621 0.046675 -0.019451 0.549 0.569 0.353
0.341751 0.045977 -0.019001 0.549 0.569 0.353
0.339885 0.045283 -0.018550 0.549 0.569 0.353
0.338458 0.043818 -0.018640 0.545 0.565 0.349
0.337031 0.042352 -0.018730 0.541 0.541 0.298
0.335604 0.040886 -0.018820 0.569 0.510 0.239
0.334177 0.039421 -0.018910 0.561 0.502 0.231
0.332750 0.037955 -0.019000 0.557 0.467 0.165
0.331323 0.036489 -0.019090 0.553 0.475 0.169
0.330321 0.034237 -0.019721 0.541 0.463 0.165
0.329315 0.031981 -0.020352 0.522 0.443 0.145
0.328306 0.029722 -0.020984 0.506 0.380 0.082
0.327293 0.027459 -0.021615 0.510 0.369 0.055
0.326276 0.025192 -0.022247 0.514 0.373 0.059
0.325256 0.022921 -0.022879 0.502 0.380 0.071
0.324645 0.019849 -0.024053 0.502 0.380 0.071
0.324440 0.015971 -0.025770 0.502 0.404 0.110
0.323814 0.012882 -0.026945 0.475 0.416 0.153
0.323180 0.009786 -0.028121 0.435 0.427 0.231
0.322540 0.006683 -0.029297 0.427 0.420 0.224
0.388821 0.054150 -0.037204 0.239 0.212 0.090
0.386378 0.054083 -0.036218 0.298 0.267 0.110
0.383943 0.054024 -0.035231 0.404 0.396 0.200
0.381043 0.054708 -0.033703 0.404 0.396 0.200
0.378624 0.054665 -0.032716 0.408 0.404 0.180
0.376213 0.054630 -0.031727 0.412 0.412 0.176
0.373808 0.054602 -0.030739 0.427 0.427 0.184
0.371411 0.054581 -0.029750 0.427 0.427 0.184
0.369021 0.054568 -0.028760 0.435 0.435 0.192
0.366638 0.054563 -0.027770 0.447 0.447 0.204
0.364263 0.054564 -0.026779 0.455 0.455 0.212
0.361437 0.055324 -0.025247 0.463 0.471 0.224
0.359533 0.054590 -0.024797 0.478 0.486 0.247
0.357180 0.054614 -0.023805 0.486 0.494 0.255
0.355286 0.053889 -0.023354 0.498 0.514 0.282
0.353395 0.053169 -0.022903 0.498 0.522 0.294
0.351508 0.052451 -0.022452 0.498 0.522 0.294
0.349625 0.051738 -0.022001 0.490 0.506 0.282
0.347745 0.051028 -0.021549 0.490 0.506 0.282
0.345869 0.050322 -0.021097 0.510 0.525 0.302
0.343997 0.049620 -0.020645 0.522 0.537 0.306
0.342568 0.048152 -0.020735 0.533 0.549 0.318
0.340701 0.047455 -0.020283 0.537 0.553 0.322
0.338838 0.046762 -0.019830 0.529 0.553 0.318
0.336978 0.046073 -0.019377 0.525 0.541 0.318
0.335555 0.044611 -0.019467 0.529 0.529 0.294
0.334131 0.043149 -0.019557 0.541 0.502 0.235
0.332708 0.041687 -0.019646 0.537 0.498 0.231
0.331285 0.040225 -0.019736 0.553 0.463 0.161
0.329861 0.038763 -0.019826 0.557 0.463 0.141
0.328862 0.036515 -0.020459 0.545 0.467 0.161
0.327859 0.034264 -0.021092 0.522 0.427 0.145
0.326852 0.032009 -0.021726 0.498 0.404 0.122
0.325842 0.029751 -0.022359 0.494 0.388 0.090
0.324828 0.027488 -0.022993 0.502 0.384 0.082
0.323811 0.025222 -0.023628 0.494 0.388 0.090
0.323203 0.022156 -0.024806 0.494 0.388 0.090
0.322587 0.019082 -0.025985 0.494 0.412 0.125
0.321965 0.016001 -0.027164 0.463 0.420 0.165
0.321335 0.012913 -0.028344 0.435 0.431 0.216
0.320698 0.009817 -0.029525 0.431 0.427 0.212
0.380883 0.054704 -0.036133 0.243 0.204 0.086
0.378464 0.054658 -0.035140 0.286 0.263 0.122
0.376052 0.054619 -0.034148 0.380 0.369 0.192
0.373181 0.055328 -0.032612 0.412 0.400 0.176
0.370785 0.055306 -0.031618 0.420 0.408 0.184
0.368397 0.055291 -0.030624 0.427 0.416 0.192
0.366015 0.055283 -0.029629 0.435 0.427 0.192
0.363641 0.055283 -0.028634 0.443 0.435 0.192
0.360817 0.056040 -0.027095 0.455 0.455 0.212
0.358915 0.055305 -0.026642 0.471 0.478 0.239
0.356563 0.055328 -0.025646 0.478 0.486 0.247
0.354218 0.055357 -0.024649 0.482 0.498 0.267
0.352330 0.054637 -0.024196 0.494 0.514 0.298
0.350445 0.053921 -0.023742 0.494 0.514 0.298
0.348565 0.053208 -0.023288 0.482 0.498 0.275
0.346688 0.052500 -0.022834 0.482 0.498 0.275
0.344814 0.051795 -0.022380 0.494 0.510 0.286
0.342944 0.051093 -0.021925 0.506 0.510 0.282
0.341518 0.049627 -0.022015 0.510 0.518 0.278
0.339653 0.048932 -0.021560 0.510 0.518 0.278
0.337792 0.048239 -0.021105 0.518 0.522 0.294
0.335935 0.047551 -0.020650 0.514 0.518 0.290
0.334514 0.046091 -0.020739 0.518 0.514 0.290
0.333092 0.044631 -0.020829 0.525 0.502 0.239
0.331670 0.043171 -0.020919 0.514 0.490 0.227
0.330249 0.041710 -0.021008 0.545 0.467 0.161
0.328827 0.040250 -0.021098 0.557 0.463 0.141
0.327829 0.038006 -0.021733 0.545 0.467 0.153
0.326827 0.035757 -0.022368 0.518 0.435 0.149
0.325821 0.033505 -0.023004 0.498 0.416 0.129
0.324812 0.031249 -0.023640 0.494 0.400 0.118
0.323799 0.028989 -0.024276 0.498 0.400 0.098
0.322783 0.026726 -0.024913 0.498 0.400 0.106
0.321763 0.024459 -0.025549 0.502 0.404 0.110
0.321150 0.021391 -0.026733 0.494 0.416 0.145
0.320120 0.019115 -0.027370 0.459 0.424 0.165
0.319495 0.016033 -0.028554 0.431 0.435 0.216
0.318862 0.012945 -0.029739 0.427 0.431 0.212
0.375889 0.054610 -0.036573 0.231 0.192 0.067
0.373019 0.055314 -0.035030 0.404 0.388 0.200
0.370623 0.055289 -0.034031 0.416 0.404 0.188
0.367772 0.056013 -0.032487 0.420 0.408 0.192
0.365392 0.056004 -0.031488 0.431 0.420 0.196
0.363020 0.056002 -0.030488 0.431 0.424 0.188
0.360198 0.056756 -0.028942 0.435 0.435 0.200
0.358297 0.056021 -0.028488 0.459 0.467 0.227
0.355946 0.056041 -0.027487 0.471 0.478 0.239
0.353602 0.056069 -0.026485 0.482 0.486 0.259
0.351266 0.056104 -0.025483 0.478 0.494 0.271
0.349384 0.055389 -0.025027 0.490 0.502 0.290
0.347506 0.054677 -0.024571 0.478 0.490 0.278
0.345632 0.053969 -0.024114 0.475 0.486 0.275
0.343761 0.053265 -0.023658 0.478 0.494 0.271
0.341893 0.052565 -0.023201 0.490 0.506 0.275
0.340468 0.051101 -0.023290 0.494 0.510 0.278
0.338606 0.050406 -0.022833 0.494 0.510 0.278
0.336748 0.049715 -0.022376 0.498 0.514 0.282
0.334894 0.049027 -0.021918 0.498 0.514 0.290
0.333474 0.047569 -0.022007 0.510 0.514 0.286
0.332054 0.046111 -0.022097 0.514 0.510 0.247
0.330634 0.044652 -0.022186 0.498 0.494 0.231
0.329215 0.043194 -0.022276 0.533 0.482 0.173
0.327795 0.041736 -0.022365 0.541 0.467 0.133
0.326798 0.039494 -0.023003 0.529 0.455 0.129
0.325797 0.037248 -0.023640 0.518 0.439 0.141
0.324792 0.034999 -0.024278 0.510 0.431 0.133
0.323784 0.032746 -0.024916 0.494 0.412 0.125
0.322772 0.030489 -0.025555 0.490 0.408 0.122
0.321756 0.028228 -0.026193 0.482 0.400 0.122
0.320737 0.025964 -0.026832 0.486 0.404 0.125
0.319715 0.023696 -0.027471 0.482 0.424 0.161
0.318689 0.021424 -0.028110 0.451 0.431 0.184
0.318065 0.018349 -0.029299 0.431 0.435 0.216
0.370459 0.055273 -0.036450 0.243 0.220 0.078
0.367609 0.055993 -0.034899 0.263 0.239 0.098
0.364769 0.056724 -0.033347 0.404 0.384 0.216
0.362399 0.056721 -0.032343 0.412 0.400 0.184
0.359579 0.057472 -0.030790 0.427 0.420 0.184
0.357678 0.056736 -0.030333 0.435 0.435 0.200
0.355329 0.056754 -0.029327 0.435 0.435 0.200
0.352987 0.056780 -0.028321 0.451 0.447 0.224
0.350652 0.056814 -0.027315 0.455 0.459 0.231
0.348771 0.056098 -0.026856 0.467 0.482 0.259
0.346894 0.055385 -0.026398 0.463 0.475 0.263
0.345020 0.054676 -0.025939 0.463 0.475 0.263
0.343150 0.053971 -0.025480 0.467 0.482 0.259
0.341284 0.053270 -0.025021 0.475 0.490 0.259
0.339421 0.052572 -0.024561 0.475 0.490 0.259
0.337561 0.051879 -0.024101 0.478 0.494 0.263
0.335706 0.051188 -0.023641 0.482 0.498 0.267
0.334286 0.049730 -0.023731 0.482 0.498 0.267
0.332866 0.048272 -0.023820 0.482 0.498 0.267
0.331447 0.046813 -0.023910 0.502 0.502 0.259
0.330027 0.045355 -0.023999 0.490 0.490 0.247
0.328607 0.043897 -0.024089 0.506 0.486 0.204
0.327187 0.042439 -0.024178 0.525 0.475 0.165
0.325768 0.040980 -0.024268 0.518 0.447 0.137
0.324768 0.038737 -0.024908 0.518 0.447 0.145
0.323764 0.036491 -0.025548 0.506 0.435 0.133
0.322757 0.034240 -0.026188 0.482 0.408 0.118
0.321746 0.031986 -0.026829 0.482 0.408 0.125
0.320732 0.029728 -0.027469 0.471 0.404 0.129
0.319714 0.027467 -0.028110 0.482 0.404 0.133
0.318283 0.025997 -0.028200 0.475 0.427 0.161
0.317260 0.023730 -0.028842 0.451 0.431 0.192
0.316638 0.020660 -0.030035 0.424 0.424 0.216
0.364146 0.057445 -0.035206 0.239 0.220 0.098
0.361777 0.057440 -0.034197 0.239 0.212 0.082
0.358960 0.058188 -0.032638 0.325 0.314 0.145
0.357060 0.057451 -0.032178 0.420 0.416 0.192
0.354712 0.057468 -0.031168 0.427 0.424 0.200
0.352372 0.057492 -0.030157 0.435 0.431 0.208
0.350038 0.057524 -0.029146 0.435 0.439 0.212
0.348158 0.056807 -0.028685 0.447 0.463 0.231
0.346282 0.056093 -0.028224 0.455 0.471 0.247
0.344409 0.055384 -0.027763 0.455 0.471 0.247
0.342539 0.054678 -0.027302 0.467 0.482 0.259
0.340674 0.053976 -0.026841 0.475 0.478 0.251
0.338812 0.053277 -0.026379 0.471 0.475 0.247
0.336953 0.052582 -0.025917 0.478 0.482 0.255
0.335098 0.051891 -0.025455 0.478 0.482 0.255
0.333678 0.050433 -0.025544 0.482 0.486 0.259
0.332259 0.048974 -0.025633 0.482 0.486 0.259
0.330839 0.047516 -0.025723 0.490 0.490 0.255
0.329419 0.046058 -0.025812 0.486 0.486 0.251
0.328000 0.044600 -0.025902 0.498 0.482 0.216
0.326580 0.043141 -0.025991 0.494 0.463 0.176
0.325160 0.041683 -0.026081 0.506 0.451 0.161
0.323740 0.040225 -0.026170 0.506 0.443 0.157
0.322738 0.037981 -0.026813 0.498 0.435 0.149
0.321732 0.035733 -0.027455 0.475 0.412 0.125
0.320722 0.033482 -0.028098 0.471 0.408 0.122
0.319709 0.031227 -0.028741 0.467 0.408 0.137
0.318692 0.028968 -0.029384 0.471 0.412 0.141
0.317263 0.027500 -0.029474 0.455 0.420 0.169
0.316240 0.025236 -0.030117 0.427 0.424 0.200
0.315619 0.022170 -0.031315 0.408 0.420 0.216
0.358341 0.058905 -0.034485 0.235 0.216 0.094
0.356442 0.058166 -0.034023 0.302 0.282 0.122
0.354095 0.058181 -0.033009 0.380 0.361 0.200
0.351756 0.058204 -0.031993 0.420 0.412 0.208
0.349425 0.058234 -0.030977 0.412 0.408 0.192
0.347545 0.057516 -0.030514 0.427 0.424 0.200
0.345669 0.056801 -0.030051 0.439 0.435 0.212
0.343797 0.056091 -0.029588 0.447 0.443 0.220
0.341929 0.055384 -0.029124 0.459 0.463 0.235
0.340064 0.054681 -0.028660 0.463 0.467 0.239
0.338202 0.053982 -0.028196 0.459 0.463 0.235
0.336345 0.053286 -0.027732 0.459 0.463 0.235
0.334491 0.052594 -0.027268 0.455 0.459 0.231
0.333071 0.051135 -0.027357 0.459 0.463 0.235
0.331651 0.049677 -0.027447 0.459 0.463 0.235
0.330231 0.048219 -0.027536 0.475 0.463 0.239
0.328812 0.046761 -0.027625 0.475 0.463 0.239
0.327392 0.045302 -0.027715 0.490 0.471 0.231
0.325972 0.043844 -0.027804 0.482 0.459 0.204
0.324552 0.042386 -0.027894 0.486 0.455 0.184
0.323133 0.040928 -0.027983 0.478 0.439 0.165
0.321713 0.039469 -0.028073 0.467 0.427 0.153
0.320708 0.037224 -0.028717 0.463 0.416 0.141
0.319699 0.034976 -0.029362 0.463 0.416 0.149
0.318687 0.032723 -0.030008 0.443 0.400 0.145
0.317671 0.030467 -0.030653 0.455 0.412 0.157
0.316244 0.029002 -0.030743 0.439 0.412 0.184
0.315223 0.026740 -0.031389 0.420 0.412 0.216
0.314198 0.024475 -0.032034 0.396 0.404 0.220
0.351141 0.058915 -0.033829 0.251 0.231 0.110
0.348811 0.058943 -0.032809 0.247 0.224 0.082
0.346932 0.058225 -0.032344 0.353 0.333 0.173
0.345057 0.057510 -0.031878 0.435 0.427 0.231
0.343186 0.056798 -0.031413 0.431 0.424 0.227
0.341318 0.056090 -0.030947 0.427 0.431 0.212
0.339454 0.055386 -0.030480 0.447 0.451 0.224
0.337593 0.054686 -0.030014 0.451 0.455 0.227
0.335736 0.053989 -0.029547 0.447 0.451 0.224
0.333883 0.053297 -0.029081 0.447 0.451 0.224
0.332463 0.051838 -0.029170 0.451 0.455 0.227
0.331044 0.050380 -0.029260 0.455 0.451 0.227
0.329624 0.048922 -0.029349 0.459 0.447 0.224
0.328204 0.047463 -0.029439 0.463 0.451 0.227
0.326784 0.046005 -0.029528 0.478 0.459 0.227
0.325365 0.044547 -0.029617 0.475 0.455 0.208
0.323945 0.043089 -0.029707 0.475 0.451 0.188
0.322525 0.041630 -0.029796 0.471 0.431 0.165
0.321105 0.040172 -0.029886 0.463 0.424 0.157
0.320100 0.037928 -0.030533 0.455 0.416 0.149
0.318678 0.036468 -0.030622 0.455 0.416 0.149
0.317667 0.034218 -0.031270 0.447 0.412 0.161
0.316652 0.031965 -0.031917 0.447 0.412 0.161
0.315227 0.030501 -0.032007 0.435 0.412 0.192
0.314206 0.028242 -0.032655 0.408 0.408 0.208
0.312779 0.026777 -0.032745 0.388 0.404 0.224
0.346319 0.058934 -0.034173 0.243 0.216 0.094
0.344445 0.058218 -0.033705 0.294 0.263 0.106
0.342574 0.057505 -0.033237 0.361 0.329 0.173
0.340707 0.056797 -0.032769 0.424 0.416 0.227
0.338844 0.056092 -0.032300 0.420 0.424 0.204
0.336984 0.055391 -0.031832 0.424 0.427 0.208
0.335128 0.054693 -0.031363 0.431 0.435 0.216
0.333275 0.053999 -0.030894 0.431 0.435 0.216
0.331856 0.052541 -0.030983 0.435 0.439 0.220
0.330436 0.051083 -0.031073 0.447 0.443 0.227
0.329016 0.049624 -0.031162 0.439 0.435 0.220
0.327596 0.048166 -0.031252 0.439 0.435 0.220
0.326177 0.046708 -0.031341 0.459 0.451 0.216
0.324757 0.045250 -0.031431 0.455 0.447 0.204
0.323337 0.043791 -0.031520 0.455 0.435 0.188
0.321918 0.042333 -0.031609 0.463 0.427 0.176
0.320498 0.040875 -0.031699 0.455 0.420 0.169
0.319491 0.038632 -0.032348 0.451 0.416 0.165
0.318070 0.037171 -0.032438 0.447 0.412 0.161
0.317058 0.034923 -0.033087 0.439 0.412 0.169
0.315634 0.033461 -0.033177 0.431 0.404 0.161
0.314211 0.031999 -0.033267 0.435 0.412 0.192
0.313192 0.029743 -0.033917 0.365 0.373 0.188
0.337798 0.057557 -0.033560 0.251 0.231 0.110
0.335941 0.056857 -0.033089 0.298 0.263 0.118
0.334520 0.055397 -0.033178 0.388 0.369 0.200
0.332668 0.054702 -0.032707 0.416 0.396 0.227
0.331248 0.053244 -0.032796 0.443 0.439 0.259
0.329828 0.051785 -0.032886 0.447 0.447 0.247
0.328409 0.050327 -0.032975 0.443 0.443 0.235
0.326989 0.048869 -0.033065 0.435 0.435 0.227
0.325569 0.047411 -0.033154 0.455 0.443 0.220
0.324149 0.045952 -0.033244 0.447 0.439 0.196
0.322730 0.044494 -0.033333 0.451 0.431 0.184
0.321310 0.043036 -0.033422 0.455 0.420 0.169
0.319890 0.041577 -0.033512 0.451 0.416 0.165
0.318883 0.039335 -0.034164 0.447 0.412 0.161
0.317461 0.037875 -0.034253 0.439 0.404 0.153
0.316040 0.036415 -0.034343 0.427 0.408 0.161
0.314618 0.034955 -0.034432 0.435 0.408 0.208
0.313197 0.033495 -0.034522 0.380 0.353 0.153
0.333480 0.056863 -0.034430 0.267 0.247 0.118
0.332060 0.055405 -0.034520 0.259 0.239 0.110
0.330640 0.053946 -0.034609 0.294 0.278 0.137
0.329221 0.052488 -0.034699 0.318 0.306 0.145
0.327801 0.051030 -0.034788 0.357 0.345 0.184
0.326381 0.049572 -0.034878 0.353 0.341 0.180
0.324962 0.048113 -0.034967 0.396 0.384 0.216
0.323542 0.046655 -0.035057 0.404 0.396 0.208
0.322122 0.045197 -0.035146 0.404 0.392 0.176
0.320702 0.043739 -0.035236 0.427 0.396 0.180
0.319283 0.042280 -0.035325 0.416 0.384 0.169
0.317863 0.040822 -0.035414 0.404 0.361 0.149
0.316443 0.039364 -0.035504 0.392 0.345 0.153
0.315024 0.037905 -0.035593 0.349 0.314 0.133
0.313604 0.036447 -0.035683 0.329 0.314 0.173
0.334475 0.062060 -0.028240 0.569 0.576 0.506
0.336891 0.062282 -0.028137 0.573 0.580 0.510
0.339306 0.062505 -0.028034 0.553 0.561 0.490
0.341722 0.062727 -0.027931 0.553 0.561 0.498
0.344137 0.062950 -0.027828 0.549 0.557 0.494
0.346553 0.063172 -0.027725 0.510 0.490 0.420
0.348969 0.063395 -0.027622 0.518 0.498 0.427
0.351384 0.063617 -0.027518 0.529 0.494 0.427
0.301293 0.047854 -0.026541 0.549 0.514 0.431
0.304192 0.046338 -0.025482 0.553 0.510 0.412
0.307080 0.044821 -0.024424 0.580 0.537 0.439
0.309958 0.043304 -0.023365 0.588 0.541 0.427
0.312578 0.042653 -0.022786 0.604 0.557 0.443
0.315192 0.042003 -0.022206 0.596 0.569 0.447
0.317802 0.041352 -0.021627 0.600 0.580 0.451
0.321848 0.035485 -0.018180 0.604 0.584 0.455
0.324669 0.033962 -0.017125 0.592 0.573 0.443
0.327245 0.033308 -0.016547 0.576 0.557 0.427
0.329816 0.032654 -0.015970 0.569 0.557 0.431
0.332382 0.031999 -0.015392 0.561 0.549 0.431
0.334942 0.031343 -0.014815 0.565 0.553 0.435
0.337272 0.031558 -0.014716 0.580 0.569 0.451
0.339603 0.031772 -0.014617 0.576 0.580 0.467
0.342153 0.031116 -0.014040 0.580 0.596 0.478
0.344481 0.031330 -0.013941 0.580 0.596 0.478
0.346808 0.031545 -0.013841 0.573 0.588 0.471
0.349136 0.031759 -0.013742 0.580 0.596 0.486
0.351464 0.031973 -0.013643 0.588 0.604 0.494
0.353792 0.032188 -0.013544 0.573 0.569 0.459
0.356120 0.032402 -0.013444 0.557 0.537 0.424
0.358246 0.033489 -0.013821 0.541 0.522 0.408
0.360576 0.033704 -0.013722 0.529 0.502 0.373
0.362906 0.033918 -0.013623 0.537 0.482 0.353
0.365237 0.034133 -0.013523 0.533 0.459 0.345
0.367376 0.035221 -0.013900 0.533 0.447 0.337
0.369520 0.036310 -0.014276 0.533 0.447 0.337
0.371670 0.037399 -0.014652 0.537 0.443 0.345
0.373641 0.039364 -0.015504 0.553 0.482 0.396
0.295401 0.042421 -0.026921 0.502 0.447 0.388
0.298304 0.040909 -0.025857 0.518 0.424 0.325
0.301198 0.039396 -0.024794 0.541 0.439 0.325
0.303306 0.040480 -0.025174 0.553 0.455 0.322
0.305931 0.039832 -0.024592 0.565 0.459 0.322
0.308803 0.038316 -0.023530 0.565 0.459 0.322
0.311665 0.036800 -0.022468 0.573 0.467 0.322
0.314269 0.036150 -0.021887 0.580 0.475 0.329
0.317114 0.034632 -0.020825 0.580 0.502 0.353
0.319705 0.033981 -0.020245 0.631 0.573 0.427
0.323011 0.030726 -0.018224 0.624 0.565 0.420
0.325821 0.029205 -0.017164 0.612 0.573 0.420
0.328387 0.028551 -0.016585 0.592 0.557 0.412
0.330947 0.027897 -0.016006 0.584 0.561 0.412
0.333502 0.027242 -0.015427 0.569 0.553 0.412
0.336052 0.026587 -0.014848 0.576 0.561 0.420
0.338372 0.026801 -0.014749 0.592 0.573 0.443
0.340692 0.027015 -0.014650 0.600 0.600 0.478
0.343231 0.026359 -0.014072 0.600 0.608 0.482
0.345549 0.026572 -0.013973 0.596 0.616 0.486
0.347866 0.026786 -0.013874 0.596 0.616 0.486
0.350184 0.026999 -0.013776 0.596 0.616 0.486
0.352501 0.027212 -0.013677 0.604 0.612 0.486
0.354819 0.027426 -0.013578 0.584 0.573 0.455
0.357136 0.027639 -0.013479 0.565 0.545 0.424
0.359252 0.028724 -0.013859 0.557 0.537 0.416
0.361572 0.028938 -0.013760 0.557 0.533 0.392
0.363892 0.029151 -0.013661 0.557 0.522 0.384
0.366213 0.029365 -0.013562 0.557 0.514 0.380
0.368342 0.030451 -0.013941 0.549 0.486 0.353
0.370664 0.030665 -0.013842 0.549 0.486 0.353
0.372801 0.031752 -0.014221 0.549 0.467 0.337
0.374943 0.032839 -0.014599 0.557 0.467 0.349
0.378174 0.028687 -0.012112 0.549 0.467 0.345
0.380489 0.028900 -0.012013 0.576 0.494 0.373
0.382804 0.029113 -0.011914 0.584 0.525 0.416
0.290311 0.042405 -0.030081 0.533 0.427 0.325
0.293766 0.039170 -0.028046 0.541 0.392 0.243
0.296669 0.037660 -0.026977 0.529 0.380 0.231
0.299562 0.036150 -0.025910 0.549 0.392 0.227
0.302444 0.034638 -0.024843 0.537 0.380 0.208
0.305058 0.033990 -0.024259 0.545 0.376 0.196
0.307922 0.032477 -0.023193 0.553 0.365 0.192
0.310776 0.030963 -0.022127 0.553 0.365 0.192
0.313620 0.029448 -0.021061 0.557 0.369 0.188
0.316206 0.028798 -0.020479 0.545 0.345 0.169
0.319031 0.027281 -0.019414 0.537 0.349 0.176
0.321604 0.026630 -0.018832 0.545 0.357 0.184
0.324412 0.025111 -0.017768 0.545 0.357 0.184
0.326972 0.024459 -0.017187 0.533 0.353 0.176
0.329527 0.023805 -0.016606 0.561 0.392 0.204
0.332076 0.023152 -0.016025 0.576 0.416 0.216
0.334621 0.022498 -0.015444 0.588 0.443 0.267
0.337160 0.021843 -0.014864 0.608 0.463 0.286
0.339694 0.021188 -0.014284 0.639 0.525 0.365
0.342001 0.021400 -0.014185 0.612 0.545 0.392
0.344308 0.021613 -0.014087 0.596 0.573 0.431
0.346616 0.021825 -0.013989 0.596 0.576 0.447
0.348923 0.022038 -0.013890 0.600 0.580 0.451
0.351230 0.022250 -0.013792 0.596 0.576 0.447
0.353537 0.022463 -0.013693 0.596 0.569 0.439
0.355844 0.022675 -0.013595 0.592 0.565 0.435
0.358151 0.022888 -0.013497 0.592 0.565 0.435
0.360458 0.023100 -0.013398 0.596 0.569 0.439
0.362766 0.023313 -0.013300 0.592 0.569 0.427
0.365073 0.023525 -0.013201 0.584 0.561 0.420
0.367380 0.023738 -0.013103 0.588 0.553 0.408
0.369496 0.024821 -0.013485 0.588 0.545 0.404
0.371806 0.025034 -0.013386 0.588 0.545 0.404
0.373930 0.026118 -0.013768 0.584 0.541 0.400
0.376242 0.026331 -0.013669 0.580 0.518 0.384
0.378916 0.024800 -0.012611 0.584 0.506 0.357
0.381223 0.025013 -0.012512 0.537 0.431 0.286
0.383530 0.025225 -0.012414 0.529 0.424 0.278
0.385837 0.025437 -0.012316 0.576 0.435 0.282
0.388144 0.025650 -0.012217 0.592 0.471 0.310
0.390284 0.026735 -0.012598 0.592 0.529 0.396
0.392429 0.027821 -0.012979 0.596 0.533 0.400
0.394741 0.028034 -0.012880 0.584 0.557 0.435
0.396733 0.029995 -0.013739 0.569 0.545 0.443
0.398894 0.031082 -0.014119 0.569 0.553 0.455
0.401059 0.032170 -0.014499 0.569 0.549 0.463
0.403077 0.034133 -0.015357 0.565 0.545 0.459
0.407750 0.048779 -0.022711 0.549 0.486 0.404
0.289227 0.037430 -0.030234 0.486 0.412 0.345
0.292140 0.035925 -0.029161 0.533 0.400 0.263
0.295311 0.033556 -0.027603 0.545 0.380 0.208
0.298200 0.032048 -0.026531 0.537 0.376 0.192
0.301080 0.030539 -0.025460 0.545 0.384 0.200
0.303949 0.029029 -0.024389 0.545 0.376 0.188
0.306808 0.027518 -0.023318 0.549 0.369 0.176
0.309656 0.026006 -0.022248 0.557 0.361 0.165
0.312494 0.024494 -0.021179 0.557 0.361 0.165
0.315322 0.022980 -0.020110 0.557 0.361 0.165
0.317892 0.022330 -0.019526 0.545 0.341 0.145
0.320701 0.020814 -0.018457 0.549 0.345 0.149
0.323259 0.020163 -0.017874 0.545 0.341 0.145
0.325811 0.019511 -0.017291 0.545 0.341 0.145
0.328357 0.018858 -0.016708 0.549 0.345 0.149
0.330899 0.018206 -0.016125 0.561 0.357 0.161
0.333436 0.017552 -0.015543 0.553 0.349 0.145
0.335967 0.016898 -0.014961 0.569 0.373 0.176
0.338493 0.016244 -0.014379 0.576 0.388 0.200
0.341014 0.015589 -0.013797 0.592 0.404 0.216
0.343308 0.015800 -0.013699 0.608 0.463 0.294
0.345602 0.016012 -0.013601 0.604 0.537 0.384
0.347897 0.016223 -0.013503 0.612 0.569 0.427
0.350191 0.016434 -0.013405 0.612 0.569 0.427
0.352485 0.016645 -0.013307 0.612 0.576 0.439
0.354780 0.016857 -0.013210 0.604 0.569 0.431
0.357074 0.017068 -0.013112 0.600 0.565 0.427
0.359368 0.017279 -0.013014 0.592 0.569 0.427
0.361662 0.017491 -0.012916 0.604 0.580 0.439
0.363957 0.017702 -0.012818 0.608 0.584 0.443
0.366251 0.017913 -0.012720 0.596 0.573 0.431
0.368545 0.018124 -0.012622 0.600 0.565 0.420
0.370649 0.019205 -0.013007 0.596 0.553 0.412
0.372945 0.019417 -0.012909 0.604 0.561 0.420
0.375057 0.020498 -0.013293 0.612 0.569 0.427
0.377356 0.020710 -0.013195 0.604 0.561 0.420
0.379836 0.020051 -0.012615 0.584 0.541 0.400
0.382133 0.020263 -0.012517 0.576 0.518 0.373
0.384430 0.020474 -0.012419 0.565 0.506 0.361
0.386726 0.020686 -0.012321 0.557 0.435 0.275
0.389023 0.020897 -0.012223 0.576 0.424 0.239
0.391153 0.021981 -0.012607 0.604 0.451 0.259
0.393452 0.022192 -0.012509 0.612 0.459 0.267
0.395752 0.022404 -0.012410 0.620 0.486 0.294
0.397732 0.024361 -0.013275 0.620 0.498 0.329
0.400036 0.024573 -0.013176 0.600 0.498 0.333
0.402186 0.025658 -0.013559 0.592 0.498 0.337
0.404190 0.027616 -0.014422 0.600 0.506 0.345
0.406203 0.029576 -0.015285 0.592 0.506 0.353
0.407200 0.037651 -0.019511 0.596 0.502 0.341
0.411559 0.025634 -0.012685 0.584 0.482 0.318
0.413864 0.025846 -0.012586 0.573 0.459 0.298
0.415890 0.027807 -0.013449 0.573 0.459 0.298
0.417927 0.029769 -0.014310 0.592 0.471 0.318
0.419840 0.032606 -0.015651 0.596 0.471 0.329
0.419800 0.048569 -0.024190 0.596 0.490 0.353
0.421912 0.050537 -0.025049 0.592 0.486 0.349
0.424034 0.052507 -0.025907 0.576 0.475 0.353
0.426166 0.054477 -0.026764 0.565 0.475 0.357
0.430123 0.043310 -0.020430 0.557 0.463 0.357
0.432001 0.047031 -0.022247 0.561 0.486 0.388
0.434131 0.049001 -0.023105 0.584 0.510 0.412
0.287336 0.035049 -0.031833 0.478 0.451 0.376
0.290524 0.032686 -0.030268 0.510 0.404 0.275
0.293696 0.030322 -0.028703 0.537 0.396 0.235
0.296853 0.027956 -0.027139 0.541 0.404 0.224
0.299730 0.026449 -0.026063 0.545 0.404 0.216
0.302596 0.024942 -0.024988 0.541 0.400 0.212
0.305451 0.023434 -0.023914 0.541 0.388 0.196
0.308297 0.021925 -0.022839 0.557 0.400 0.188
0.311132 0.020415 -0.021765 0.561 0.404 0.184
0.313957 0.018904 -0.020692 0.549 0.384 0.169
0.316771 0.017392 -0.019619 0.541 0.376 0.161
0.319328 0.016742 -0.019034 0.545 0.361 0.153
0.322124 0.015228 -0.017961 0.541 0.345 0.141
0.324668 0.014577 -0.017377 0.545 0.341 0.137
0.327207 0.013925 -0.016792 0.545 0.341 0.137
0.329741 0.013273 -0.016207 0.549 0.345 0.141
0.332269 0.012620 -0.015623 0.537 0.333 0.129
0.334793 0.011967 -0.015039 0.537 0.325 0.125
0.337311 0.011313 -0.014455 0.553 0.341 0.141
0.339597 0.011524 -0.014358 0.565 0.353 0.153
0.342108 0.010869 -0.013774 0.569 0.357 0.157
0.344392 0.011079 -0.013677 0.596 0.384 0.184
0.346676 0.011290 -0.013579 0.588 0.408 0.231
0.348960 0.011500 -0.013482 0.576 0.463 0.310
0.351243 0.011711 -0.013384 0.588 0.475 0.322
0.353527 0.011921 -0.013287 0.592 0.533 0.380
0.355811 0.012131 -0.013189 0.588 0.553 0.408
0.358095 0.012342 -0.013092 0.584 0.549 0.412
0.360379 0.012552 -0.012995 0.580 0.545 0.408
0.362663 0.012762 -0.012897 0.588 0.553 0.416
0.364947 0.012973 -0.012800 0.600 0.576 0.435
0.367231 0.013183 -0.012702 0.600 0.576 0.435
0.369515 0.013393 -0.012605 0.600 0.576 0.435
0.371608 0.014472 -0.012992 0.604 0.569 0.424
0.373895 0.014682 -0.012895 0.604 0.569 0.424
0.376181 0.014893 -0.012797 0.612 0.569 0.427
0.378468 0.015103 -0.012699 0.612 0.569 0.427
0.380754 0.015314 -0.012602 0.592 0.549 0.408
0.383041 0.015525 -0.012504 0.588 0.545 0.404
0.385327 0.015735 -0.012407 0.584 0.541 0.400
0.387614 0.015946 -0.012309 0.553 0.455 0.306
0.389901 0.016156 -0.012212 0.557 0.439 0.259
0.392187 0.016367 -0.012114 0.580 0.447 0.255
0.394474 0.016577 -0.012017 0.592 0.459 0.267
0.396760 0.016788 -0.011919 0.608 0.475 0.282
0.398887 0.017869 -0.012305 0.600 0.482 0.294
0.401176 0.018080 -0.012207 0.592 0.482 0.302
0.403311 0.019163 -0.012593 0.584 0.471 0.302
0.405299 0.021117 -0.013461 0.584 0.471 0.302
0.407447 0.022200 -0.013846 0.596 0.475 0.306
0.410772 0.016307 -0.010369 0.616 0.494 0.325
0.412334 0.020879 -0.012684 0.600 0.490 0.310
0.414628 0.021090 -0.012586 0.604 0.494 0.314
0.416783 0.022174 -0.012971 0.592 0.482 0.302
0.418808 0.024132 -0.013837 0.592 0.475 0.294
0.420843 0.026091 -0.014704 0.600 0.478 0.310
0.423674 0.022809 -0.012677 0.612 0.498 0.337
0.425842 0.023894 -0.013061 0.600 0.498 0.341
0.428016 0.024980 -0.013445 0.604 0.502 0.345
0.430071 0.026941 -0.014310 0.588 0.494 0.333
0.430930 0.037647 -0.019991 0.573 0.475 0.325
0.432441 0.043985 -0.023261 0.553 0.447 0.318
0.434566 0.045952 -0.024124 0.549 0.443 0.314
0.436701 0.047920 -0.024985 0.549 0.439 0.322
0.438847 0.049888 -0.025847 0.565 0.459 0.365
0.441003 0.051858 -0.026708 0.553 0.486 0.388
0.288641 0.030313 -0.031855 0.482 0.439 0.341
0.291819 0.027953 -0.030284 0.514 0.408 0.271
0.294980 0.025592 -0.028713 0.533 0.412 0.243
0.298126 0.023229 -0.027143 0.537 0.424 0.255
0.300992 0.021725 -0.026064 0.553 0.439 0.271
0.303847 0.020219 -0.024985 0.549 0.435 0.267
0.306692 0.018713 -0.023906 0.529 0.420 0.239
0.309527 0.017206 -0.022828 0.549 0.427 0.231
0.312351 0.015698 -0.021750 0.561 0.439 0.243
0.315165 0.014189 -0.020673 0.553 0.420 0.220
0.317968 0.012678 -0.019596 0.541 0.408 0.208
0.320515 0.012029 -0.019009 0.537 0.384 0.184
0.323300 0.010517 -0.017933 0.537 0.373 0.157
0.325834 0.009866 -0.017346 0.537 0.357 0.137
0.328362 0.009215 -0.016760 0.553 0.380 0.157
0.330885 0.008563 -0.016174 0.573 0.400 0.176
0.333403 0.007911 -0.015588 0.525 0.384 0.196
0.335916 0.007258 -0.015002 0.522 0.353 0.173
0.338424 0.006605 -0.014416 0.518 0.337 0.153
0.340700 0.006815 -0.014319 0.557 0.376 0.192
0.342976 0.007024 -0.014222 0.557 0.376 0.192
0.345252 0.007234 -0.014125 0.561 0.361 0.176
0.347528 0.007443 -0.014028 0.569 0.373 0.176
0.349805 0.007653 -0.013931 0.667 0.502 0.329
0.352081 0.007863 -0.013834 0.655 0.490 0.318
0.354357 0.008072 -0.013737 0.620 0.506 0.345
0.356633 0.008282 -0.013640 0.608 0.514 0.353
0.358909 0.008492 -0.013542 0.592 0.506 0.353
0.361186 0.008701 -0.013445 0.588 0.522 0.369
0.363462 0.008911 -0.013348 0.596 0.529 0.376
0.365738 0.009120 -0.013251 0.588 0.537 0.388
0.368014 0.009330 -0.013154 0.592 0.549 0.408
0.370290 0.009540 -0.013057 0.588 0.553 0.416
0.372566 0.009749 -0.012960 0.604 0.569 0.431
0.374843 0.009959 -0.012863 0.604 0.569 0.431
0.377119 0.010169 -0.012766 0.608 0.573 0.427
0.379395 0.010378 -0.012669 0.612 0.576 0.431
0.381671 0.010588 -0.012572 0.592 0.557 0.412
0.383947 0.010798 -0.012474 0.608 0.573 0.427
0.386224 0.011007 -0.012377 0.600 0.565 0.420
0.388500 0.011217 -0.012280 0.576 0.537 0.384
0.390776 0.011426 -0.012183 0.573 0.522 0.365
0.393052 0.011636 -0.012086 0.573 0.514 0.353
0.395328 0.011846 -0.011989 0.584 0.518 0.357
0.397605 0.012055 -0.011892 0.580 0.514 0.353
0.399881 0.012265 -0.011795 0.573 0.510 0.337
0.402157 0.012475 -0.011698 0.580 0.506 0.337
0.404279 0.013554 -0.012086 0.561 0.467 0.290
0.406406 0.014634 -0.012474 0.549 0.455 0.278
0.408539 0.015715 -0.012861 0.545 0.427 0.239
0.411408 0.012442 -0.010825 0.553 0.408 0.231
0.413250 0.015265 -0.012182 0.561 0.408 0.224
0.415532 0.015475 -0.012085 0.596 0.435 0.243
0.417674 0.016556 -0.012472 0.604 0.443 0.251
0.419822 0.017638 -0.012859 0.616 0.455 0.255
0.421842 0.019592 -0.013730 0.612 0.459 0.259
0.424395 0.018059 -0.012664 0.627 0.494 0.294
0.426554 0.019142 -0.013050 0.612 0.502 0.314
0.428717 0.020226 -0.013437 0.616 0.506 0.318
0.430886 0.021309 -0.013823 0.604 0.506 0.322
0.431734 0.031997 -0.019530 0.600 0.498 0.325
0.435828 0.019112 -0.012176 0.576 0.475 0.302
0.438115 0.019323 -0.012078 0.588 0.478 0.298
0.440288 0.020407 -0.012464 0.573 0.463 0.282
0.442357 0.022366 -0.013333 0.569 0.439 0.275
0.444436 0.024326 -0.014202 0.580 0.443 0.271
0.444950 0.039404 -0.022316 0.580 0.439 0.278
0.447191 0.040494 -0.022699 0.580 0.439 0.278
0.449237 0.043335 -0.024048 0.565 0.435 0.278
0.451396 0.045302 -0.024913 0.553 0.435 0.302
0.453566 0.047270 -0.025778 0.565 0.463 0.349
0.455653 0.050115 -0.027125 0.588 0.486 0.373
0.286486 0.028800 -0.033931 0.486 0.459 0.345
0.289670 0.026446 -0.032353 0.475 0.447 0.333
0.292839 0.024089 -0.030776 0.502 0.447 0.310
0.295992 0.021731 -0.029199 0.522 0.455 0.302
0.299130 0.019372 -0.027623 0.533 0.467 0.314
0.301987 0.017870 -0.026539 0.541 0.482 0.329
0.304834 0.016367 -0.025456 0.549 0.490 0.337
0.307671 0.014863 -0.024374 0.541 0.490 0.341
0.310497 0.013358 -0.023291 0.541 0.482 0.329
0.313314 0.011851 -0.022210 0.541 0.475 0.322
0.316119 0.010344 -0.021128 0.541 0.463 0.306
0.318915 0.008836 -0.020048 0.541 0.463 0.306
0.321453 0.008188 -0.019459 0.549 0.475 0.306
0.324231 0.006678 -0.018379 0.549 0.475 0.290
0.326756 0.006028 -0.017790 0.537 0.439 0.255
0.329276 0.005377 -0.017202 0.541 0.443 0.259
0.331792 0.004726 -0.016614 0.549 0.451 0.267
0.334302 0.004075 -0.016026 0.545 0.443 0.271
0.336806 0.003423 -0.015438 0.522 0.408 0.247
0.339306 0.002770 -0.014851 0.545 0.424 0.263
0.341575 0.002979 -0.014754 0.573 0.455 0.267
0.343843 0.003188 -0.014657 0.565 0.447 0.259
0.346111 0.003397 -0.014560 0.541 0.361 0.169
0.348380 0.003606 -0.014464 0.561 0.365 0.169
0.350648 0.003815 -0.014367 0.588 0.384 0.188
0.352917 0.004024 -0.014270 0.573 0.384 0.196
0.355185 0.004232 -0.014173 0.600 0.412 0.224
0.357454 0.004441 -0.014077 0.604 0.451 0.267
0.359722 0.004650 -0.013980 0.600 0.463 0.282
0.361991 0.004859 -0.013883 0.608 0.494 0.325
0.364259 0.005068 -0.013786 0.616 0.502 0.333
0.366527 0.005277 -0.013690 0.604 0.537 0.376
0.368796 0.005486 -0.013593 0.592 0.553 0.400
0.371064 0.005695 -0.013496 0.588 0.553 0.408
0.373333 0.005904 -0.013399 0.592 0.557 0.412
0.375601 0.006113 -0.013303 0.592 0.557 0.412
0.377870 0.006322 -0.013206 0.600 0.565 0.420
0.380138 0.006530 -0.013109 0.600 0.565 0.420
0.382407 0.006739 -0.013012 0.596 0.553 0.412
0.384675 0.006948 -0.012916 0.612 0.573 0.420
0.386943 0.007157 -0.012819 0.604 0.565 0.412
0.389212 0.007366 -0.012722 0.580 0.541 0.380
0.391480 0.007575 -0.012625 0.576 0.537 0.376
0.393749 0.007784 -0.012529 0.569 0.529 0.369
0.396181 0.007125 -0.011944 0.576 0.537 0.376
0.398447 0.007334 -0.011847 0.569 0.529 0.369
0.400713 0.007543 -0.011751 0.565 0.525 0.365
0.402979 0.007751 -0.011654 0.584 0.533 0.376
0.405091 0.008829 -0.012045 0.569 0.506 0.333
0.407359 0.009037 -0.011948 0.561 0.498 0.325
0.409479 0.010115 -0.012338 0.549 0.455 0.286
0.412042 0.008586 -0.011267 0.565 0.447 0.267
0.414021 0.010534 -0.012145 0.549 0.412 0.231
0.416292 0.010743 -0.012048 0.565 0.412 0.220
0.418563 0.010952 -0.011951 0.565 0.412 0.220
0.420699 0.012031 -0.012341 0.576 0.408 0.212
0.422706 0.013982 -0.013217 0.592 0.427 0.220
0.425246 0.012450 -0.012147 0.596 0.443 0.243
0.427391 0.013530 -0.012536 0.627 0.494 0.294
0.429542 0.014611 -0.012925 0.561 0.396 0.188
0.431821 0.014821 -0.012828 0.616 0.463 0.263
0.434701 0.010673 -0.010301 0.600 0.486 0.286
0.436496 0.014369 -0.012148 0.608 0.498 0.310
0.438772 0.014579 -0.012050 0.604 0.506 0.314
0.440936 0.015661 -0.012439 0.604 0.506 0.314
0.443105 0.016743 -0.012827 0.596 0.498 0.306
0.445279 0.017826 -0.013215 0.592 0.494 0.302
0.447982 0.014544 -0.011177 0.588 0.471 0.282
0.450255 0.014753 -0.011080 0.588 0.471 0.282
0.452429 0.015836 -0.011468 0.576 0.455 0.251
0.454511 0.017794 -0.012341 0.584 0.451 0.251
0.456698 0.018878 -0.012728 0.588 0.435 0.243
0.458707 0.021711 -0.014085 0.592 0.431 0.247
0.459391 0.037663 -0.022710 0.588 0.427 0.243
0.461469 0.040502 -0.024064 0.584 0.424 0.239
0.463646 0.042468 -0.024932 0.580 0.443 0.271
0.465753 0.045310 -0.026285 0.592 0.490 0.333
0.467953 0.047278 -0.027152 0.604 0.502 0.345
0.471387 0.035237 -0.020275 0.588 0.533 0.404
0.473272 0.040706 -0.023079 0.569 0.545 0.443
0.475401 0.043551 -0.024431 0.565 0.549 0.451
0.287522 0.024938 -0.034422 0.463 0.459 0.357
0.290698 0.022587 -0.032838 0.463 0.459 0.357
0.293858 0.020234 -0.031254 0.486 0.467 0.345
0.297003 0.017880 -0.029671 0.506 0.467 0.341
0.299865 0.016381 -0.028583 0.518 0.482 0.345
0.302981 0.014024 -0.027001 0.529 0.494 0.357
0.305820 0.012523 -0.025914 0.537 0.502 0.365
0.308649 0.011021 -0.024828 0.545 0.510 0.373
0.311467 0.009518 -0.023742 0.537 0.498 0.373
0.314275 0.008014 -0.022656 0.529 0.490 0.365
0.317073 0.006509 -0.021571 0.522 0.486 0.349
0.319860 0.005003 -0.020486 0.525 0.490 0.353
0.322390 0.004355 -0.019895 0.553 0.529 0.380
0.324916 0.003706 -0.019304 0.549 0.529 0.369
0.327436 0.003057 -0.018714 0.525 0.486 0.333
0.329951 0.002407 -0.018124 0.525 0.486 0.333
0.332460 0.001757 -0.017534 0.529 0.490 0.337
0.334965 0.001106 -0.016944 0.525 0.482 0.341
0.337464 0.000455 -0.016354 0.514 0.475 0.322
0.339959 -0.000196 -0.015765 0.518 0.467 0.318
0.342222 0.000012 -0.015668 0.541 0.467 0.298
0.344485 0.000221 -0.015572 0.533 0.459 0.290
0.346749 0.000429 -0.015475 0.525 0.416 0.227
0.349012 0.000638 -0.015379 0.537 0.384 0.184
0.351275 0.000846 -0.015282 0.557 0.380 0.169
0.353538 0.001054 -0.015186 0.573 0.388 0.180
0.355802 0.001263 -0.015089 0.576 0.392 0.184
0.358065 0.001471 -0.014993 0.584 0.400 0.192
0.360328 0.001680 -0.014896 0.584 0.412 0.188
0.362592 0.001888 -0.014800 0.592 0.435 0.224
0.364855 0.002097 -0.014703 0.600 0.443 0.231
0.367118 0.002305 -0.014607 0.588 0.447 0.243
0.369381 0.002513 -0.014510 0.600 0.482 0.294
0.371645 0.002722 -0.014413 0.584 0.486 0.302
0.373908 0.002930 -0.014317 0.592 0.494 0.310
0.376171 0.003139 -0.014220 0.592 0.494 0.310
0.378435 0.003347 -0.014124 0.616 0.522 0.353
0.380698 0.003556 -0.014027 0.608 0.545 0.373
0.382961 0.003764 -0.013931 0.592 0.533 0.373
0.385224 0.003973 -0.013834 0.580 0.514 0.353
0.387488 0.004181 -0.013738 0.584 0.518 0.357
0.389751 0.004389 -0.013641 0.604 0.529 0.361
0.392183 0.003732 -0.013054 0.600 0.537 0.365
0.394444 0.003940 -0.012958 0.588 0.537 0.380
0.396869 0.003282 -0.012372 0.584 0.545 0.392
0.399127 0.003490 -0.012275 0.584 0.545 0.392
0.401385 0.003698 -0.012179 0.569 0.545 0.396
0.403643 0.003906 -0.012083 0.569 0.545 0.396
0.405748 0.004981 -0.012476 0.569 0.545 0.396
0.408008 0.005190 -0.012379 0.565 0.541 0.392
0.410269 0.005398 -0.012283 0.561 0.529 0.373
0.412675 0.004738 -0.011697 0.561 0.510 0.353
0.414790 0.005814 -0.012090 0.561 0.494 0.333
0.417051 0.006022 -0.011994 0.573 0.471 0.298
0.419312 0.006231 -0.011897 0.545 0.443 0.271
0.421437 0.007308 -0.012290 0.545 0.412 0.212
0.423567 0.008385 -0.012682 0.569 0.404 0.188
0.425963 0.007724 -0.012096 0.576 0.400 0.188
0.428099 0.008802 -0.012488 0.569 0.392 0.180
0.430365 0.009011 -0.012392 0.569 0.392 0.180
0.432631 0.009220 -0.012295 0.580 0.404 0.192
0.435137 0.007688 -0.011222 0.576 0.420 0.208
0.437162 0.009637 -0.012102 0.600 0.459 0.255
0.439428 0.009846 -0.012005 0.596 0.475 0.278
0.441694 0.010054 -0.011908 0.604 0.482 0.286
0.443850 0.011134 -0.012299 0.604 0.498 0.298
0.446012 0.012215 -0.012690 0.600 0.494 0.294
0.448492 0.010680 -0.011619 0.588 0.482 0.282
0.450758 0.010889 -0.011522 0.592 0.478 0.271
0.452924 0.011970 -0.011912 0.584 0.471 0.263
0.455096 0.013051 -0.012303 0.596 0.463 0.255
0.457272 0.014133 -0.012693 0.604 0.451 0.251
0.459363 0.016088 -0.013570 0.612 0.451 0.251
0.461998 0.012806 -0.011525 0.612 0.451 0.251
0.464180 0.013888 -0.011915 0.588 0.427 0.227
0.466283 0.015844 -0.012791 0.588 0.427 0.227
0.468396 0.017801 -0.013667 0.580 0.439 0.243
0.470441 0.020633 -0.015029 0.584 0.459 0.282
0.472121 0.027838 -0.018821 0.588 0.463 0.286
0.473621 0.037670 -0.024069 0.608 0.510 0.361
0.475746 0.040510 -0.025428 0.604 0.537 0.392
0.478024 0.041601 -0.025813 0.592 0.529 0.396
0.481294 0.029564 -0.018913 0.580 0.518 0.384
0.483607 0.029777 -0.018814 0.588 0.525 0.392
0.485919 0.029990 -0.018715 0.592 0.549 0.416
0.488173 0.031079 -0.019102 0.584 0.557 0.427
0.490432 0.032169 -0.019489 0.592 0.573 0.451
0.492644 0.034135 -0.020360 0.569 0.549 0.427
0.494866 0.036102 -0.021231 0.576 0.573 0.463
0.496620 0.046839 -0.026952 0.576 0.576 0.482
0.498708 0.052319 -0.029761 0.573 0.584 0.494
0.288557 0.021084 -0.034900 0.463 0.459 0.357
0.291724 0.018736 -0.033310 0.467 0.463 0.361
0.294876 0.016387 -0.031720 0.486 0.475 0.357
0.297743 0.014891 -0.030627 0.486 0.475 0.349
0.300599 0.013395 -0.029535 0.502 0.482 0.353
0.303710 0.011042 -0.027947 0.510 0.490 0.361
0.306543 0.009543 -0.026856 0.518 0.498 0.369
0.309366 0.008043 -0.025765 0.533 0.514 0.384
0.312179 0.006542 -0.024675 0.529 0.510 0.388
0.314981 0.005041 -0.023585 0.514 0.494 0.365
0.317773 0.003538 -0.022496 0.506 0.486 0.357
0.320555 0.002035 -0.021407 0.514 0.494 0.365
0.323080 0.001388 -0.020814 0.537 0.518 0.388
0.325600 0.000740 -0.020222 0.533 0.525 0.373
0.328114 0.000092 -0.019629 0.518 0.494 0.345
0.330624 -0.000557 -0.019037 0.525 0.502 0.353
0.333128 -0.001206 -0.018445 0.522 0.498 0.349
0.335627 -0.001856 -0.017853 0.510 0.494 0.353
0.337891 -0.001648 -0.017757 0.510 0.486 0.345
0.340382 -0.002298 -0.017165 0.510 0.475 0.329
0.342643 -0.002090 -0.017069 0.518 0.467 0.310
0.344904 -0.001882 -0.016973 0.514 0.463 0.306
0.347164 -0.001673 -0.016876 0.522 0.447 0.278
0.349425 -0.001465 -0.016780 0.529 0.431 0.247
0.351686 -0.001257 -0.016683 0.545 0.412 0.212
0.353946 -0.001049 -0.016587 0.557 0.404 0.204
0.356207 -0.000841 -0.016490 0.553 0.400 0.200
0.358468 -0.000632 -0.016394 0.565 0.408 0.196
0.360729 -0.000424 -0.016298 0.573 0.412 0.184
0.362989 -0.000216 -0.016201 0.576 0.412 0.196
0.365250 -0.000008 -0.016105 0.580 0.416 0.200
0.367511 0.000200 -0.016008 0.584 0.427 0.216
0.369771 0.000409 -0.015912 0.592 0.439 0.239
0.372032 0.000617 -0.015815 0.584 0.443 0.239
0.374293 0.000825 -0.015719 0.580 0.439 0.235
0.376553 0.001033 -0.015623 0.576 0.435 0.231
0.378814 0.001241 -0.015526 0.608 0.467 0.271
0.381075 0.001450 -0.015430 0.620 0.522 0.337
0.383336 0.001658 -0.015333 0.604 0.541 0.369
0.385773 0.001002 -0.014744 0.588 0.522 0.361
0.388031 0.001210 -0.014648 0.584 0.518 0.357
0.390289 0.001418 -0.014552 0.596 0.529 0.369
0.392716 0.000762 -0.013963 0.596 0.537 0.384
0.394972 0.000970 -0.013867 0.612 0.561 0.404
0.397391 0.000313 -0.013278 0.604 0.565 0.404
0.399644 0.000520 -0.013182 0.592 0.553 0.392
0.401897 0.000728 -0.013086 0.584 0.549 0.404
0.404150 0.000935 -0.012990 0.573 0.549 0.408
0.406403 0.001143 -0.012894 0.573 0.549 0.408
0.408656 0.001350 -0.012798 0.557 0.533 0.392
0.410909 0.001558 -0.012702 0.557 0.533 0.392
0.413162 0.001765 -0.012606 0.553 0.529 0.388
0.415415 0.001973 -0.012510 0.557 0.518 0.365
0.417668 0.002180 -0.012413 0.549 0.498 0.341
0.419921 0.002388 -0.012317 0.545 0.494 0.337
0.422038 0.003462 -0.012712 0.545 0.478 0.318
0.424294 0.003670 -0.012616 0.545 0.447 0.263
0.426549 0.003878 -0.012520 0.557 0.435 0.231
0.428805 0.004086 -0.012424 0.557 0.408 0.196
0.431060 0.004293 -0.012327 0.549 0.400 0.188
0.433316 0.004501 -0.012231 0.569 0.396 0.173
0.435691 0.003840 -0.011645 0.573 0.392 0.173
0.437827 0.004917 -0.012039 0.580 0.400 0.173
0.440082 0.005124 -0.011942 0.584 0.412 0.188
0.442338 0.005332 -0.011846 0.588 0.416 0.192
0.444484 0.006410 -0.012240 0.592 0.431 0.204
0.446635 0.007487 -0.012633 0.596 0.439 0.220
0.449105 0.005955 -0.011558 0.600 0.463 0.247
0.451360 0.006163 -0.011461 0.604 0.475 0.255
0.453517 0.007241 -0.011855 0.604 0.475 0.255
0.455678 0.008320 -0.012248 0.604 0.475 0.255
0.457939 0.008528 -0.012151 0.600 0.471 0.251
0.460017 0.010479 -0.013033 0.604 0.467 0.251
0.462460 0.008945 -0.011958 0.604 0.467 0.251
0.464635 0.010025 -0.012351 0.600 0.463 0.247
0.466730 0.011978 -0.013232 0.596 0.459 0.243
0.468918 0.013059 -0.013623 0.600 0.463 0.247
0.470953 0.015886 -0.014992 0.604 0.471 0.263
0.472928 0.019587 -0.016848 0.604 0.471 0.263
0.475657 0.014559 -0.013821 0.608 0.490 0.302
0.477931 0.014769 -0.013724 0.588 0.475 0.306
0.480068 0.016725 -0.014603 0.580 0.467 0.306
0.481888 0.023052 -0.017921 0.573 0.459 0.298
0.484184 0.023263 -0.017823 0.565 0.451 0.290
0.486421 0.024349 -0.018213 0.557 0.435 0.267
0.488662 0.025435 -0.018603 0.584 0.475 0.294
0.490909 0.026522 -0.018992 0.600 0.506 0.329
0.493108 0.028484 -0.019868 0.600 0.506 0.329
0.495368 0.029572 -0.020257 0.624 0.541 0.369
0.497062 0.041166 -0.026492 0.608 0.549 0.388
0.500172 0.026495 -0.018112 0.608 0.576 0.420
0.502517 0.025831 -0.017527 0.600 0.588 0.455
0.504776 0.026919 -0.017915 0.596 0.584 0.451
0.506929 0.030637 -0.019764 0.584 0.592 0.459
0.509172 0.032603 -0.020639 0.584 0.592 0.467
0.511426 0.034570 -0.021513 0.569 0.584 0.467
0.513276 0.048818 -0.029196 0.561 0.576 0.459
0.515586 0.050791 -0.030068 0.541 0.557 0.447
0.289590 0.017238 -0.035365 0.451 0.447 0.345
0.292749 0.014894 -0.033768 0.451 0.447 0.345
0.295621 0.013402 -0.032671 0.475 0.471 0.361
0.298482 0.011908 -0.031575 0.482 0.471 0.353
0.301333 0.010414 -0.030478 0.486 0.475 0.349
0.304437 0.008065 -0.028884 0.490 0.478 0.353
0.307265 0.006569 -0.027789 0.498 0.486 0.361
0.310082 0.005071 -0.026694 0.529 0.518 0.392
0.312889 0.003573 -0.025600 0.522 0.522 0.400
0.315686 0.002074 -0.024506 0.498 0.506 0.373
0.318472 0.000573 -0.023413 0.490 0.498 0.357
0.321249 -0.000928 -0.022320 0.490 0.498 0.357
0.323768 -0.001574 -0.021725 0.502 0.502 0.365
0.326039 -0.001365 -0.021628 0.506 0.506 0.369
0.328551 -0.002012 -0.021033 0.502 0.506 0.357
0.331058 -0.002659 -0.020439 0.510 0.510 0.373
0.333560 -0.003307 -0.019845 0.510 0.510 0.373
0.336056 -0.003956 -0.019251 0.506 0.506 0.376
0.338317 -0.003748 -0.019155 0.502 0.502 0.365
0.340805 -0.004397 -0.018562 0.506 0.498 0.353
0.343063 -0.004189 -0.018465 0.502 0.486 0.337
0.345322 -0.003981 -0.018369 0.494 0.478 0.329
0.347580 -0.003773 -0.018273 0.514 0.490 0.341
0.349838 -0.003565 -0.018176 0.533 0.502 0.345
0.352096 -0.003357 -0.018080 0.522 0.471 0.314
0.354354 -0.003149 -0.017984 0.529 0.455 0.286
0.356612 -0.002941 -0.017887 0.525 0.451 0.282
0.358870 -0.002733 -0.017791 0.522 0.424 0.239
0.361128 -0.002525 -0.017695 0.537 0.416 0.220
0.363387 -0.002317 -0.017598 0.549 0.416 0.216
0.365645 -0.002109 -0.017502 0.557 0.424 0.224
0.367903 -0.001901 -0.017406 0.573 0.439 0.239
0.370161 -0.001693 -0.017309 0.565 0.431 0.231
0.372419 -0.001485 -0.017213 0.557 0.424 0.224
0.374677 -0.001277 -0.017117 0.545 0.408 0.192
0.376935 -0.001069 -0.017020 0.545 0.408 0.192
0.379193 -0.000862 -0.016924 0.569 0.420 0.208
0.381452 -0.000654 -0.016828 0.592 0.459 0.267
0.383710 -0.000446 -0.016731 0.584 0.510 0.333
0.386144 -0.001100 -0.016140 0.596 0.537 0.384
0.388573 -0.001754 -0.015549 0.596 0.537 0.384
0.390826 -0.001547 -0.015453 0.592 0.541 0.392
0.393248 -0.002202 -0.014863 0.596 0.545 0.396
0.395498 -0.001995 -0.014767 0.608 0.569 0.416
0.397912 -0.002651 -0.014176 0.604 0.573 0.416
0.400160 -0.002444 -0.014081 0.592 0.561 0.404
0.402408 -0.002237 -0.013985 0.576 0.553 0.404
0.404656 -0.002030 -0.013889 0.573 0.549 0.408
0.406903 -0.001823 -0.013793 0.565 0.549 0.408
0.409151 -0.001616 -0.013697 0.549 0.533 0.392
0.411399 -0.001409 -0.013601 0.549 0.533 0.392
0.413647 -0.001202 -0.013505 0.545 0.529 0.388
0.415895 -0.000995 -0.013409 0.549 0.525 0.376
0.418142 -0.000788 -0.013314 0.545 0.514 0.357
0.420390 -0.000581 -0.013218 0.545 0.514 0.357
0.422638 -0.000374 -0.013122 0.541 0.490 0.333
0.424886 -0.000167 -0.013026 0.541 0.467 0.290
0.427134 0.000040 -0.012930 0.553 0.455 0.263
0.429381 0.000247 -0.012834 0.557 0.443 0.235
0.431629 0.000454 -0.012738 0.541 0.427 0.220
0.433877 0.000661 -0.012642 0.549 0.400 0.188
0.436125 0.000868 -0.012547 0.573 0.400 0.176
0.438373 0.001075 -0.012451 0.576 0.396 0.169
0.440620 0.001282 -0.012355 0.580 0.400 0.165
0.442868 0.001489 -0.012259 0.584 0.404 0.169
0.445007 0.002564 -0.012655 0.584 0.404 0.169
0.447257 0.002772 -0.012559 0.588 0.408 0.180
0.449612 0.002110 -0.011971 0.600 0.427 0.196
0.451859 0.002317 -0.011875 0.600 0.447 0.216
0.454008 0.003393 -0.012271 0.604 0.451 0.220
0.456259 0.003601 -0.012175 0.612 0.463 0.243
0.458509 0.003808 -0.012079 0.608 0.471 0.247
0.460577 0.005755 -0.012965 0.620 0.490 0.263
0.462921 0.005093 -0.012378 0.620 0.490 0.263
0.465088 0.006171 -0.012773 0.604 0.475 0.255
0.467260 0.007249 -0.013168 0.596 0.467 0.247
0.469437 0.008328 -0.013562 0.596 0.467 0.247
0.471541 0.010278 -0.014447 0.608 0.478 0.259
0.473656 0.012230 -0.015331 0.612 0.482 0.263
0.476073 0.010696 -0.014254 0.612 0.498 0.298
0.478339 0.010905 -0.014157 0.600 0.490 0.310
0.480537 0.011985 -0.014551 0.604 0.502 0.337
0.482544 0.015684 -0.016414 0.588 0.494 0.325
0.484760 0.016766 -0.016807 0.573 0.478 0.310
0.486981 0.017849 -0.017199 0.573 0.490 0.310
0.489207 0.018933 -0.017592 0.576 0.482 0.306
0.491493 0.019143 -0.017494 0.573 0.478 0.302
0.493675 0.021101 -0.018376 0.561 0.467 0.290
0.495967 0.021312 -0.018278 0.565 0.455 0.267
0.498542 0.016279 -0.015244 0.592 0.475 0.286
0.500640 0.019986 -0.017104 0.600 0.498 0.325
0.502926 0.020196 -0.017007 0.604 0.545 0.384
0.505173 0.021281 -0.017398 0.616 0.557 0.396
0.507240 0.026742 -0.020234 0.604 0.573 0.408
0.509476 0.028705 -0.021113 0.592 0.561 0.404
0.511785 0.028918 -0.021014 0.596 0.576 0.416
0.514388 0.020373 -0.016030 0.588 0.573 0.424
0.516645 0.021460 -0.016421 0.588 0.573 0.424
0.518907 0.022546 -0.016812 0.580 0.573 0.427
0.521110 0.026263 -0.018667 0.573 0.561 0.435
0.523391 0.027351 -0.019058 0.565 0.553 0.435
0.525660 0.029317 -0.019935 0.565 0.553 0.435
0.527898 0.033915 -0.022276 0.545 0.541 0.431
0.287456 0.015741 -0.037420 0.431 0.439 0.369
0.290622 0.013401 -0.035817 0.439 0.435 0.333
0.293498 0.011912 -0.034715 0.439 0.435 0.333
0.296364 0.010422 -0.033614 0.463 0.459 0.349
0.299220 0.008931 -0.032513 0.471 0.459 0.341
0.302065 0.007440 -0.031413 0.478 0.467 0.349
0.305164 0.005094 -0.029813 0.482 0.471 0.353
0.307986 0.003600 -0.028713 0.486 0.475 0.357
0.310798 0.002105 -0.027614 0.510 0.510 0.388
0.313599 0.000609 -0.026516 0.522 0.525 0.412
0.316390 -0.000888 -0.025418 0.490 0.510 0.380
0.319171 -0.002386 -0.024320 0.486 0.494 0.361
0.321693 -0.003030 -0.023723 0.478 0.486 0.353
0.324210 -0.003675 -0.023127 0.490 0.498 0.365
0.326478 -0.003467 -0.023030 0.498 0.498 0.361
0.328988 -0.004112 -0.022433 0.498 0.502 0.353
0.331492 -0.004759 -0.021837 0.498 0.498 0.361
0.333990 -0.005406 -0.021241 0.506 0.506 0.369
0.336484 -0.006053 -0.020645 0.498 0.498 0.369
0.338742 -0.005845 -0.020549 0.498 0.498 0.361
0.341228 -0.006493 -0.019953 0.498 0.498 0.361
0.343484 -0.006285 -0.019857 0.502 0.490 0.357
0.345739 -0.006078 -0.019761 0.502 0.490 0.357
0.347995 -0.005870 -0.019665 0.506 0.498 0.353
0.350250 -0.005662 -0.019568 0.522 0.506 0.365
0.352506 -0.005454 -0.019472 0.518 0.494 0.353
0.354761 -0.005247 -0.019376 0.518 0.467 0.310
0.357017 -0.005039 -0.019280 0.502 0.478 0.329
0.359272 -0.004831 -0.019184 0.510 0.471 0.310
0.361528 -0.004624 -0.019087 0.518 0.459 0.298
0.363783 -0.004416 -0.018991 0.525 0.451 0.275
0.366039 -0.004208 -0.018895 0.522 0.447 0.271
0.368294 -0.004000 -0.018799 0.541 0.447 0.271
0.370550 -0.003793 -0.018703 0.537 0.443 0.267
0.372806 -0.003585 -0.018606 0.537 0.447 0.259
0.375061 -0.003377 -0.018510 0.533 0.424 0.235
0.377317 -0.003169 -0.018414 0.525 0.416 0.227
0.379572 -0.002962 -0.018318 0.541 0.427 0.220
0.381828 -0.002754 -0.018222 0.561 0.447 0.247
0.384083 -0.002546 -0.018125 0.561 0.467 0.298
0.386515 -0.003199 -0.017532 0.553 0.494 0.341
0.388941 -0.003853 -0.016939 0.565 0.506 0.353
0.391192 -0.003645 -0.016843 0.569 0.525 0.384
0.393611 -0.004300 -0.016251 0.569 0.545 0.404
0.396024 -0.004954 -0.015658 0.584 0.561 0.420
0.398270 -0.004748 -0.015562 0.573 0.565 0.420
0.400515 -0.004541 -0.015467 0.569 0.561 0.416
0.402760 -0.004334 -0.015371 0.561 0.553 0.408
0.405161 -0.004990 -0.014779 0.557 0.549 0.404
0.407403 -0.004783 -0.014683 0.553 0.545 0.400
0.409646 -0.004577 -0.014588 0.545 0.537 0.392
0.411889 -0.004370 -0.014492 0.545 0.537 0.392
0.414131 -0.004164 -0.014396 0.541 0.533 0.388
0.416374 -0.003957 -0.014301 0.541 0.525 0.384
0.418617 -0.003751 -0.014205 0.545 0.522 0.373
0.420859 -0.003544 -0.014109 0.541 0.518 0.369
0.423102 -0.003338 -0.014014 0.537 0.506 0.349
0.425344 -0.003131 -0.013918 0.537 0.486 0.329
0.427587 -0.002925 -0.013822 0.545 0.482 0.310
0.429830 -0.002718 -0.013727 0.545 0.463 0.282
0.432072 -0.002511 -0.013631 0.541 0.459 0.278
0.434315 -0.002305 -0.013535 0.537 0.439 0.247
0.436558 -0.002098 -0.013440 0.545 0.424 0.220
0.438800 -0.001892 -0.013344 0.549 0.412 0.196
0.441043 -0.001685 -0.013248 0.565 0.404 0.176
0.443286 -0.001479 -0.013153 0.565 0.404 0.176
0.445528 -0.001272 -0.013057 0.569 0.396 0.165
0.447771 -0.001066 -0.012961 0.584 0.392 0.161
0.450013 -0.000859 -0.012866 0.584 0.396 0.153
0.452256 -0.000653 -0.012770 0.596 0.408 0.165
0.454499 -0.000446 -0.012674 0.596 0.408 0.165
0.456741 -0.000240 -0.012579 0.600 0.412 0.169
0.458984 -0.000033 -0.012483 0.612 0.424 0.180
0.461136 0.001042 -0.012881 0.608 0.435 0.196
0.463381 0.001249 -0.012785 0.612 0.439 0.200
0.465540 0.002325 -0.013182 0.604 0.443 0.200
0.467788 0.002532 -0.013087 0.627 0.475 0.235
0.469955 0.003608 -0.013484 0.620 0.475 0.243
0.472127 0.004685 -0.013880 0.612 0.478 0.243
0.474229 0.006633 -0.014770 0.608 0.475 0.239
0.476560 0.005971 -0.014181 0.608 0.478 0.251
0.478816 0.006178 -0.014085 0.616 0.494 0.282
0.481071 0.006386 -0.013988 0.616 0.506 0.318
0.483131 0.009207 -0.015369 0.596 0.514 0.333
0.485332 0.010286 -0.015765 0.588 0.506 0.325
0.487598 0.010495 -0.015668 0.580 0.506 0.322
0.489806 0.011575 -0.016063 0.584 0.502 0.322
0.492075 0.011784 -0.015966 0.584 0.502 0.322
0.494291 0.012865 -0.016361 0.569 0.478 0.290
0.496562 0.013074 -0.016264 0.553 0.463 0.275
0.498974 0.010666 -0.014693 0.553 0.447 0.247
0.501104 0.013493 -0.016071 0.576 0.455 0.259
0.503375 0.013702 -0.015974 0.596 0.494 0.322
0.505607 0.014784 -0.016368 0.604 0.502 0.329
0.507549 0.022856 -0.020690 0.608 0.533 0.365
0.509778 0.024815 -0.021574 0.604 0.541 0.369
0.512080 0.025027 -0.021476 0.600 0.545 0.373
0.514730 0.014748 -0.015490 0.600 0.569 0.404
0.516975 0.015831 -0.015883 0.604 0.573 0.408
0.519224 0.016915 -0.016277 0.592 0.569 0.420
0.521373 0.022375 -0.019122 0.576 0.561 0.420
0.523646 0.023461 -0.019514 0.573 0.553 0.424
0.525908 0.025424 -0.020397 0.569 0.549 0.420
0.528126 0.030890 -0.023239 0.569 0.549 0.420
0.530408 0.033731 -0.024610 0.549 0.549 0.420
0.532713 0.035697 -0.025491 0.549 0.549 0.427
0.535123 0.023641 -0.018535 0.533 0.529 0.427
0.288216 0.012758 -0.038369 0.416 0.424 0.353
0.291376 0.010423 -0.036759 0.427 0.424 0.314
0.294247 0.008936 -0.035654 0.424 0.420 0.310
0.297107 0.007449 -0.034548 0.435 0.435 0.306
0.299957 0.005960 -0.033444 0.443 0.431 0.306
0.302797 0.004470 -0.032339 0.443 0.431 0.306
0.305626 0.002980 -0.031235 0.447 0.435 0.310
0.308445 0.001489 -0.030132 0.447 0.435 0.310
0.311254 -0.000004 -0.029029 0.475 0.475 0.353
0.314052 -0.001497 -0.027926 0.486 0.502 0.384
0.316840 -0.002991 -0.026824 0.482 0.498 0.380
0.319618 -0.004487 -0.025722 0.459 0.478 0.349
0.322137 -0.005130 -0.025123 0.455 0.475 0.345
0.324651 -0.005774 -0.024524 0.459 0.478 0.349
0.326917 -0.005565 -0.024427 0.463 0.482 0.353
0.329424 -0.006210 -0.023829 0.471 0.478 0.345
0.331925 -0.006855 -0.023231 0.471 0.478 0.345
0.334421 -0.007501 -0.022632 0.471 0.478 0.345
0.336912 -0.008147 -0.022035 0.467 0.475 0.341
0.339167 -0.007939 -0.021938 0.467 0.475 0.341
0.341650 -0.008586 -0.021341 0.475 0.475 0.345
0.343903 -0.008379 -0.021245 0.478 0.478 0.349
0.346156 -0.008171 -0.021149 0.478 0.478 0.349
0.348409 -0.007964 -0.021053 0.490 0.490 0.353
0.350662 -0.007756 -0.020956 0.490 0.490 0.353
0.352915 -0.007549 -0.020860 0.498 0.486 0.353
0.355168 -0.007341 -0.020764 0.502 0.486 0.345
0.357421 -0.007134 -0.020668 0.502 0.486 0.345
0.359674 -0.006926 -0.020572 0.510 0.486 0.337
0.361927 -0.006719 -0.020476 0.518 0.486 0.322
0.364180 -0.006511 -0.020380 0.510 0.471 0.302
0.366433 -0.006304 -0.020284 0.506 0.467 0.298
0.368686 -0.006096 -0.020188 0.518 0.459 0.298
0.370939 -0.005889 -0.020092 0.525 0.463 0.290
0.373192 -0.005681 -0.019995 0.529 0.455 0.278
0.375445 -0.005474 -0.019899 0.525 0.443 0.271
0.377698 -0.005266 -0.019803 0.514 0.431 0.259
0.379950 -0.005059 -0.019707 0.522 0.431 0.243
0.382203 -0.004851 -0.019611 0.545 0.447 0.255
0.384456 -0.004644 -0.019515 0.541 0.459 0.286
0.386885 -0.005296 -0.018920 0.545 0.486 0.333
0.389309 -0.005948 -0.018325 0.549 0.490 0.337
0.391557 -0.005741 -0.018229 0.557 0.514 0.373
0.393973 -0.006394 -0.017634 0.549 0.525 0.384
0.396384 -0.007048 -0.017040 0.549 0.533 0.392
0.398626 -0.006841 -0.016944 0.557 0.545 0.412
0.400869 -0.006635 -0.016848 0.561 0.549 0.416
0.403112 -0.006428 -0.016753 0.549 0.549 0.412
0.405510 -0.007083 -0.016159 0.545 0.545 0.408
0.407750 -0.006876 -0.016063 0.537 0.537 0.400
0.409990 -0.006670 -0.015968 0.533 0.533 0.396
0.412230 -0.006464 -0.015872 0.537 0.537 0.400
0.414470 -0.006258 -0.015777 0.533 0.533 0.396
0.416710 -0.006051 -0.015681 0.537 0.529 0.384
0.418950 -0.005845 -0.015585 0.537 0.522 0.380
0.421190 -0.005639 -0.015490 0.533 0.518 0.376
0.423430 -0.005432 -0.015394 0.529 0.506 0.357
0.425670 -0.005226 -0.015299 0.525 0.494 0.337
0.427910 -0.005020 -0.015203 0.541 0.482 0.322
0.430277 -0.005677 -0.014611 0.549 0.475 0.298
0.432514 -0.005471 -0.014515 0.541 0.467 0.290
0.434752 -0.005265 -0.014420 0.533 0.451 0.271
0.436989 -0.005059 -0.014324 0.541 0.443 0.251
0.439227 -0.004853 -0.014229 0.545 0.439 0.239
0.441464 -0.004647 -0.014133 0.541 0.420 0.216
0.443702 -0.004441 -0.014038 0.541 0.420 0.216
0.445939 -0.004235 -0.013943 0.553 0.404 0.184
0.448177 -0.004029 -0.013847 0.573 0.400 0.169
0.450414 -0.003823 -0.013752 0.576 0.396 0.161
0.452652 -0.003617 -0.013656 0.565 0.404 0.169
0.454889 -0.003411 -0.013561 0.565 0.404 0.169
0.457127 -0.003205 -0.013465 0.584 0.408 0.161
0.459364 -0.002998 -0.013370 0.592 0.404 0.161
0.461511 -0.001925 -0.013770 0.596 0.408 0.165
0.463751 -0.001719 -0.013674 0.600 0.412 0.161
0.465991 -0.001513 -0.013579 0.600 0.412 0.161
0.468231 -0.001306 -0.013483 0.592 0.416 0.161
0.470391 -0.000232 -0.013883 0.596 0.408 0.157
0.472633 -0.000025 -0.013787 0.596 0.408 0.157
0.474801 0.001050 -0.014186 0.600 0.412 0.161
0.477046 0.001257 -0.014091 0.612 0.424 0.173
0.479291 0.001463 -0.013995 0.620 0.443 0.196
0.481536 0.001670 -0.013899 0.604 0.443 0.208
0.483652 0.003616 -0.014792 0.604 0.467 0.243
0.485840 0.004693 -0.015190 0.616 0.478 0.255
0.488152 0.004030 -0.014600 0.608 0.494 0.286
0.490346 0.005108 -0.014998 0.600 0.502 0.310
0.492598 0.005315 -0.014902 0.584 0.502 0.322
0.494851 0.005523 -0.014806 0.580 0.498 0.325
0.497055 0.006601 -0.015204 0.580 0.498 0.325
0.499404 0.005067 -0.014120 0.573 0.490 0.310
0.501566 0.007017 -0.015011 0.576 0.478 0.294
0.503822 0.007225 -0.014915 0.565 0.455 0.275
0.506077 0.007432 -0.014819 0.553 0.443 0.263
0.508625 0.000663 -0.010777 0.549 0.424 0.247
0.510894 -0.000004 -0.010189 0.588 0.463 0.278
0.513095 0.001074 -0.010586 0.580 0.478 0.306
0.515128 0.007390 -0.013941 0.588 0.506 0.333
0.517355 0.008471 -0.014338 0.608 0.525 0.353
0.519587 0.009552 -0.014734 0.612 0.549 0.376
0.521634 0.018496 -0.019563 0.596 0.557 0.388
0.523899 0.019580 -0.019958 0.588 0.557 0.400
0.526170 0.020665 -0.020353 0.588 0.553 0.408
0.528659 0.007761 -0.012872 0.588 0.553 0.408
0.530910 0.007968 -0.012776 0.576 0.553 0.404
0.533144 0.009925 -0.013664 0.569 0.549 0.420
0.535354 0.017133 -0.017503 0.565 0.553 0.427
0.537600 0.026095 -0.022324 0.565 0.553 0.427
0.539900 0.029809 -0.024192 0.537 0.537 0.416
0.542219 0.032649 -0.025568 0.525 0.522 0.412
0.544553 0.035490 -0.026944 0.529 0.522 0.431
0.288975 0.009782 -0.039309 0.408 0.420 0.337
0.292129 0.007450 -0.037693 0.416 0.412 0.302
0.294994 0.005966 -0.036583 0.416 0.412 0.302
0.297849 0.004480 -0.035474 0.431 0.420 0.302
0.300694 0.002994 -0.034365 0.427 0.416 0.290
0.303528 0.001507 -0.033257 0.431 0.420 0.294
0.306351 0.000019 -0.032149 0.431 0.420 0.294
0.309165 -0.001470 -0.031041 0.431 0.420 0.294
0.311968 -0.002960 -0.029934 0.459 0.447 0.322
0.314761 -0.004451 -0.028827 0.475 0.482 0.357
0.317543 -0.005943 -0.027721 0.443 0.463 0.333
0.320065 -0.006585 -0.027119 0.439 0.447 0.322
0.322581 -0.007227 -0.026518 0.439 0.447 0.322
0.325092 -0.007870 -0.025917 0.439 0.447 0.322
0.327356 -0.007662 -0.025821 0.443 0.451 0.325
0.329859 -0.008305 -0.025220 0.447 0.447 0.318
0.332357 -0.008949 -0.024620 0.455 0.455 0.325
0.334851 -0.009594 -0.024020 0.455 0.455 0.325
0.337339 -0.010239 -0.023420 0.455 0.455 0.325
0.339592 -0.010031 -0.023324 0.455 0.455 0.325
0.341845 -0.009824 -0.023227 0.463 0.463 0.333
0.344098 -0.009616 -0.023131 0.455 0.455 0.325
0.346351 -0.009409 -0.023035 0.451 0.451 0.322
0.348603 -0.009201 -0.022939 0.463 0.463 0.333
0.350856 -0.008994 -0.022843 0.463 0.463 0.333
0.353109 -0.008786 -0.022747 0.467 0.467 0.337
0.355362 -0.008579 -0.022651 0.482 0.471 0.337
0.357825 -0.009226 -0.022052 0.486 0.475 0.341
0.360075 -0.009019 -0.021956 0.486 0.475 0.341
0.362325 -0.008811 -0.021860 0.486 0.478 0.333
0.364576 -0.008604 -0.021764 0.490 0.475 0.333
0.366826 -0.008397 -0.021668 0.494 0.478 0.337
0.369076 -0.008190 -0.021572 0.494 0.478 0.329
0.371327 -0.007982 -0.021476 0.514 0.490 0.341
0.373577 -0.007775 -0.021380 0.518 0.482 0.337
0.375828 -0.007568 -0.021284 0.510 0.478 0.322
0.378078 -0.007361 -0.021188 0.506 0.475 0.318
0.380328 -0.007153 -0.021092 0.510 0.459 0.302
0.382579 -0.006946 -0.020996 0.522 0.471 0.306
0.384829 -0.006739 -0.020900 0.525 0.467 0.306
0.387255 -0.007390 -0.020303 0.537 0.486 0.329
0.389676 -0.008041 -0.019706 0.537 0.486 0.329
0.391921 -0.007834 -0.019610 0.529 0.486 0.345
0.394335 -0.008486 -0.019013 0.522 0.498 0.357
0.396743 -0.009138 -0.018417 0.518 0.498 0.369
0.398983 -0.008932 -0.018321 0.525 0.514 0.380
0.401223 -0.008725 -0.018226 0.529 0.518 0.384
0.403463 -0.008519 -0.018130 0.529 0.529 0.400
0.405858 -0.009173 -0.017534 0.525 0.525 0.396
0.408095 -0.008967 -0.017439 0.522 0.522 0.392
0.410333 -0.008761 -0.017343 0.518 0.518 0.388
0.412570 -0.008555 -0.017248 0.522 0.522 0.392
0.414808 -0.008348 -0.017152 0.522 0.522 0.392
0.417045 -0.008142 -0.017057 0.522 0.522 0.392
0.419283 -0.007936 -0.016962 0.529 0.518 0.384
0.421520 -0.007730 -0.016866 0.525 0.514 0.380
0.423758 -0.007524 -0.016771 0.518 0.506 0.373
0.425995 -0.007318 -0.016675 0.522 0.498 0.349
0.428233 -0.007112 -0.016580 0.529 0.498 0.341
0.430597 -0.007768 -0.015985 0.525 0.486 0.325
0.432832 -0.007563 -0.015890 0.522 0.482 0.322
0.435067 -0.007357 -0.015794 0.525 0.467 0.306
0.437420 -0.008014 -0.015200 0.541 0.478 0.306
0.439653 -0.007808 -0.015105 0.541 0.478 0.306
0.441885 -0.007603 -0.015010 0.537 0.463 0.286
0.444117 -0.007397 -0.014915 0.533 0.459 0.282
0.446350 -0.007192 -0.014819 0.533 0.451 0.271
0.448582 -0.006986 -0.014724 0.541 0.443 0.259
0.450814 -0.006781 -0.014629 0.545 0.431 0.231
0.453047 -0.006575 -0.014534 0.549 0.416 0.208
0.455279 -0.006369 -0.014439 0.545 0.412 0.204
0.457511 -0.006164 -0.014343 0.561 0.408 0.176
0.459744 -0.005958 -0.014248 0.573 0.400 0.161
0.461885 -0.004887 -0.014651 0.588 0.400 0.157
0.464120 -0.004681 -0.014555 0.592 0.404 0.153
0.466355 -0.004475 -0.014460 0.596 0.408 0.157
0.468590 -0.004269 -0.014365 0.592 0.404 0.153
0.470825 -0.004064 -0.014269 0.596 0.400 0.149
0.473060 -0.003858 -0.014174 0.592 0.396 0.145
0.475295 -0.003652 -0.014079 0.596 0.400 0.149
0.477530 -0.003446 -0.013983 0.600 0.404 0.153
0.479764 -0.003240 -0.013888 0.620 0.424 0.173
0.481999 -0.003034 -0.013793 0.608 0.420 0.176
0.484170 -0.001961 -0.014194 0.612 0.439 0.200
0.486345 -0.000886 -0.014595 0.624 0.451 0.212
0.488644 -0.001548 -0.014003 0.616 0.463 0.231
0.490825 -0.000474 -0.014404 0.596 0.463 0.255
0.493065 -0.000267 -0.014308 0.592 0.482 0.294
0.495305 -0.000061 -0.014213 0.588 0.498 0.310
0.497545 0.000145 -0.014117 0.588 0.498 0.310
0.499832 -0.000518 -0.013526 0.588 0.494 0.318
0.502025 0.000558 -0.013926 0.576 0.482 0.306
0.504265 0.000764 -0.013830 0.573 0.475 0.290
0.506505 0.000971 -0.013735 0.561 0.443 0.263
0.508927 -0.003177 -0.011163 0.557 0.439 0.259
0.511154 -0.002972 -0.011068 0.557 0.435 0.239
0.513381 -0.002767 -0.010973 0.565 0.455 0.275
0.515494 0.000924 -0.012858 0.576 0.475 0.302
0.517732 0.001130 -0.012762 0.584 0.482 0.310
0.519946 0.002208 -0.013162 0.616 0.522 0.345
0.522353 -0.004563 -0.009108 0.608 0.545 0.373
0.524572 -0.004358 -0.009014 0.588 0.549 0.388
0.526791 -0.004154 -0.008919 0.584 0.553 0.396
0.528932 0.001288 -0.011791 0.588 0.557 0.400
0.531156 0.002367 -0.012190 0.584 0.553 0.396
0.533378 0.004320 -0.013082 0.580 0.557 0.416
0.535594 0.008894 -0.015457 0.569 0.549 0.420
0.537869 0.002985 -0.011903 0.561 0.549 0.416
0.540106 0.004939 -0.012795 0.557 0.545 0.412
0.542353 0.006894 -0.013687 0.537 0.525 0.400
0.544616 0.009725 -0.015072 0.533 0.522 0.404
0.546939 0.017806 -0.019417 0.522 0.502 0.380
0.549248 0.020641 -0.020800 0.510 0.490 0.369
0.551497 0.018225 -0.019223 0.518 0.486 0.384
0.290012 0.005964 -0.039733 0.333 0.341 0.278
0.292882 0.004483 -0.038618 0.388 0.373 0.275
0.295741 0.003001 -0.037505 0.380 0.365 0.267
0.298590 0.001518 -0.036391 0.384 0.365 0.251
0.301429 0.000034 -0.035278 0.396 0.376 0.255
0.304257 -0.001451 -0.034165 0.400 0.380 0.259
0.307076 -0.002936 -0.033053 0.412 0.392 0.271
0.309883 -0.004423 -0.031942 0.424 0.404 0.282
0.312681 -0.005911 -0.030830 0.431 0.420 0.286
0.315468 -0.007399 -0.029719 0.443 0.443 0.314
0.317992 -0.008040 -0.029116 0.435 0.443 0.318
0.320511 -0.008680 -0.028512 0.424 0.431 0.306
0.323024 -0.009321 -0.027909 0.424 0.431 0.306
0.325533 -0.009963 -0.027306 0.427 0.427 0.298
0.327794 -0.009755 -0.027210 0.427 0.427 0.298
0.330294 -0.010397 -0.026607 0.427 0.427 0.298
0.332790 -0.011040 -0.026005 0.439 0.439 0.310
0.335280 -0.011683 -0.025402 0.443 0.443 0.314
0.337533 -0.011476 -0.025306 0.451 0.451 0.322
0.339786 -0.011268 -0.025210 0.451 0.451 0.322
0.342039 -0.011061 -0.025114 0.451 0.451 0.322
0.344292 -0.010853 -0.025018 0.451 0.451 0.322
0.346545 -0.010646 -0.024922 0.447 0.447 0.318
0.348798 -0.010438 -0.024826 0.447 0.447 0.318
0.351051 -0.010231 -0.024730 0.451 0.451 0.322
0.353518 -0.010876 -0.024129 0.463 0.463 0.333
0.355768 -0.010669 -0.024033 0.467 0.467 0.337
0.358228 -0.011315 -0.023432 0.467 0.467 0.337
0.360476 -0.011108 -0.023336 0.471 0.471 0.341
0.362723 -0.010901 -0.023240 0.471 0.471 0.333
0.364971 -0.010694 -0.023144 0.471 0.471 0.333
0.367219 -0.010487 -0.023048 0.475 0.475 0.337
0.369467 -0.010280 -0.022952 0.478 0.478 0.341
0.371715 -0.010073 -0.022856 0.498 0.486 0.353
0.373962 -0.009866 -0.022761 0.490 0.482 0.337
0.376210 -0.009659 -0.022665 0.494 0.478 0.337
0.378458 -0.009452 -0.022569 0.490 0.475 0.333
0.380706 -0.009245 -0.022473 0.490 0.467 0.318
0.382954 -0.009038 -0.022377 0.506 0.475 0.310
0.385201 -0.008831 -0.022281 0.506 0.475 0.310
0.387625 -0.009480 -0.021682 0.518 0.486 0.329
0.390043 -0.010130 -0.021083 0.518 0.486 0.329
0.392285 -0.009924 -0.020987 0.510 0.486 0.337
0.394696 -0.010575 -0.020388 0.514 0.490 0.349
0.397101 -0.011226 -0.019790 0.502 0.490 0.357
0.399339 -0.011020 -0.019694 0.510 0.498 0.373
0.401576 -0.010814 -0.019599 0.514 0.502 0.376
0.403813 -0.010608 -0.019503 0.518 0.518 0.388
0.406206 -0.011260 -0.018905 0.514 0.522 0.388
0.408441 -0.011054 -0.018810 0.506 0.514 0.388
0.410676 -0.010848 -0.018715 0.506 0.514 0.380
0.412910 -0.010642 -0.018619 0.502 0.510 0.376
0.415145 -0.010437 -0.018524 0.498 0.498 0.369
0.417380 -0.010231 -0.018429 0.494 0.494 0.365
0.419615 -0.010025 -0.018333 0.502 0.502 0.373
0.421850 -0.009819 -0.018238 0.498 0.498 0.369
0.424085 -0.009613 -0.018143 0.498 0.498 0.369
0.426320 -0.009407 -0.018047 0.498 0.498 0.361
0.428555 -0.009202 -0.017952 0.502 0.494 0.349
0.430916 -0.009857 -0.017355 0.506 0.490 0.341
0.433148 -0.009651 -0.017260 0.506 0.490 0.341
0.435381 -0.009446 -0.017165 0.514 0.494 0.333
0.437732 -0.010102 -0.016569 0.522 0.490 0.333
0.439961 -0.009896 -0.016473 0.522 0.490 0.333
0.442191 -0.009691 -0.016378 0.522 0.482 0.329
0.444421 -0.009486 -0.016283 0.514 0.475 0.322
0.446651 -0.009280 -0.016188 0.518 0.467 0.302
0.448880 -0.009075 -0.016093 0.522 0.467 0.294
0.451213 -0.009733 -0.015498 0.522 0.459 0.278
0.453441 -0.009528 -0.015403 0.529 0.447 0.267
0.455668 -0.009323 -0.015308 0.518 0.435 0.255
0.457895 -0.009117 -0.015213 0.529 0.424 0.224
0.460122 -0.008912 -0.015118 0.541 0.408 0.200
0.462259 -0.007843 -0.015522 0.553 0.404 0.184
0.464489 -0.007638 -0.015427 0.573 0.400 0.161
0.466718 -0.007432 -0.015332 0.573 0.400 0.161
0.468948 -0.007227 -0.015237 0.565 0.388 0.141
0.471178 -0.007022 -0.015142 0.580 0.392 0.141
0.473485 -0.007682 -0.014548 0.573 0.384 0.133
0.475712 -0.007477 -0.014453 0.573 0.384 0.133
0.477939 -0.007271 -0.014358 0.588 0.392 0.141
0.480166 -0.007066 -0.014263 0.596 0.400 0.149
0.482394 -0.006861 -0.014168 0.592 0.396 0.145
0.484556 -0.005789 -0.014571 0.592 0.404 0.153
0.486786 -0.005584 -0.014476 0.588 0.400 0.149
0.489075 -0.006246 -0.013883 0.592 0.404 0.161
0.491245 -0.005173 -0.014286 0.584 0.412 0.173
0.493475 -0.004968 -0.014191 0.588 0.443 0.212
0.495705 -0.004763 -0.014096 0.584 0.471 0.255
0.497935 -0.004557 -0.014001 0.596 0.482 0.267
0.500211 -0.005220 -0.013408 0.584 0.486 0.294
0.502394 -0.004147 -0.013810 0.580 0.490 0.302
0.504624 -0.003941 -0.013715 0.569 0.490 0.298
0.506892 -0.004605 -0.013123 0.569 0.490 0.298
0.509228 -0.007008 -0.011535 0.565 0.486 0.294
0.511447 -0.006803 -0.011440 0.565 0.486 0.294
0.513698 -0.007469 -0.010848 0.580 0.486 0.310
0.515858 -0.005525 -0.011748 0.565 0.471 0.294
0.518080 -0.005320 -0.011653 0.573 0.471 0.298
0.520278 -0.004245 -0.012056 0.580 0.478 0.306
0.522586 -0.007523 -0.009973 0.592 0.490 0.318
0.524800 -0.007319 -0.009879 0.588 0.494 0.325
0.527014 -0.007115 -0.009784 0.584 0.510 0.341
0.529190 -0.004297 -0.011180 0.588 0.514 0.345
0.531401 -0.003220 -0.011581 0.592 0.537 0.365
0.533618 -0.002144 -0.011983 0.592 0.541 0.376
0.535825 0.001550 -0.013872 0.584 0.545 0.384
0.538070 -0.000861 -0.012289 0.580 0.549 0.392
0.540299 0.001090 -0.013186 0.580 0.549 0.392
0.542540 0.003041 -0.014082 0.565 0.541 0.392
0.544790 0.004994 -0.014978 0.553 0.529 0.380
0.547089 0.011314 -0.018352 0.541 0.518 0.376
0.549373 0.013270 -0.019246 0.522 0.498 0.357
0.551642 0.013479 -0.019150 0.525 0.486 0.369
0.293633 0.001521 -0.039535 0.255 0.220 0.184
0.296487 0.000042 -0.038417 0.224 0.188 0.153
0.299330 -0.001439 -0.037299 0.216 0.176 0.129
0.302163 -0.002920 -0.036182 0.325 0.290 0.224
0.304986 -0.004403 -0.035066 0.357 0.333 0.239
0.307799 -0.005886 -0.033949 0.376 0.357 0.243
0.310601 -0.007370 -0.032833 0.380 0.361 0.247
0.313393 -0.008856 -0.031718 0.380 0.361 0.239
0.315919 -0.009494 -0.031112 0.404 0.384 0.263
0.318440 -0.010133 -0.030506 0.396 0.384 0.259
0.320956 -0.010773 -0.029901 0.396 0.384 0.251
0.323467 -0.011413 -0.029296 0.380 0.369 0.235
0.325973 -0.012053 -0.028691 0.376 0.357 0.227
0.328231 -0.011845 -0.028594 0.384 0.365 0.235
0.330729 -0.012486 -0.027990 0.396 0.376 0.247
0.333222 -0.013128 -0.027385 0.404 0.384 0.255
0.335475 -0.012921 -0.027289 0.412 0.392 0.263
0.337960 -0.013563 -0.026685 0.408 0.396 0.263
0.340210 -0.013356 -0.026589 0.420 0.408 0.275
0.342460 -0.013148 -0.026493 0.424 0.412 0.278
0.344711 -0.012941 -0.026397 0.431 0.420 0.286
0.346961 -0.012734 -0.026301 0.431 0.420 0.286
0.349211 -0.012527 -0.026205 0.431 0.420 0.286
0.351462 -0.012319 -0.026109 0.431 0.420 0.286
0.353926 -0.012964 -0.025506 0.443 0.431 0.298
0.356174 -0.012757 -0.025410 0.447 0.435 0.302
0.358631 -0.013402 -0.024807 0.443 0.431 0.298
0.360876 -0.013195 -0.024711 0.447 0.435 0.302
0.363121 -0.012988 -0.024615 0.451 0.439 0.314
0.365366 -0.012781 -0.024520 0.451 0.439 0.314
0.367611 -0.012574 -0.024424 0.455 0.443 0.318
0.369857 -0.012368 -0.024328 0.451 0.439 0.314
0.372102 -0.012161 -0.024232 0.463 0.451 0.325
0.374347 -0.011954 -0.024137 0.459 0.447 0.322
0.376592 -0.011747 -0.024041 0.459 0.447 0.322
0.378838 -0.011541 -0.023945 0.455 0.443 0.318
0.381083 -0.011334 -0.023849 0.459 0.447 0.314
0.383328 -0.011127 -0.023753 0.455 0.447 0.302
0.385573 -0.010920 -0.023658 0.463 0.447 0.306
0.387994 -0.011569 -0.023056 0.475 0.459 0.318
0.390409 -0.012217 -0.022455 0.478 0.463 0.322
0.392649 -0.012011 -0.022360 0.482 0.463 0.333
0.395057 -0.012661 -0.021759 0.482 0.463 0.333
0.397459 -0.013310 -0.021158 0.486 0.475 0.341
0.399694 -0.013105 -0.021063 0.475 0.475 0.337
0.401929 -0.012899 -0.020967 0.490 0.490 0.353
0.404164 -0.012693 -0.020872 0.490 0.490 0.353
0.406553 -0.013344 -0.020272 0.490 0.498 0.365
0.408786 -0.013139 -0.020177 0.490 0.498 0.365
0.411018 -0.012933 -0.020082 0.490 0.498 0.365
0.413250 -0.012727 -0.019986 0.490 0.498 0.365
0.415483 -0.012522 -0.019891 0.490 0.490 0.361
0.417715 -0.012316 -0.019796 0.490 0.490 0.361
0.419947 -0.012111 -0.019701 0.490 0.490 0.361
0.422179 -0.011905 -0.019606 0.490 0.490 0.361
0.424412 -0.011699 -0.019510 0.490 0.490 0.361
0.426644 -0.011494 -0.019415 0.490 0.490 0.361
0.428876 -0.011288 -0.019320 0.490 0.490 0.353
0.431235 -0.011942 -0.018721 0.502 0.494 0.349
0.433465 -0.011737 -0.018626 0.502 0.494 0.349
0.435694 -0.011532 -0.018531 0.506 0.490 0.341
0.438043 -0.012187 -0.017933 0.514 0.490 0.341
0.440270 -0.011981 -0.017838 0.514 0.490 0.341
0.442497 -0.011776 -0.017743 0.510 0.486 0.337
0.444724 -0.011571 -0.017648 0.510 0.486 0.337
0.446951 -0.011366 -0.017553 0.510 0.478 0.322
0.449178 -0.011161 -0.017458 0.510 0.471 0.310
0.451509 -0.011818 -0.016860 0.518 0.467 0.302
0.453733 -0.011613 -0.016765 0.518 0.455 0.282
0.455958 -0.011408 -0.016670 0.518 0.455 0.282
0.458182 -0.011203 -0.016575 0.518 0.439 0.247
0.460407 -0.010998 -0.016480 0.525 0.431 0.227
0.462631 -0.010793 -0.016386 0.541 0.420 0.208
0.464856 -0.010588 -0.016291 0.545 0.412 0.176
0.467081 -0.010383 -0.016196 0.545 0.412 0.176
0.469305 -0.010179 -0.016101 0.553 0.396 0.141
0.471530 -0.009974 -0.016006 0.561 0.392 0.141
0.473832 -0.010633 -0.015410 0.565 0.388 0.141
0.476054 -0.010428 -0.015315 0.565 0.388 0.141
0.478275 -0.010224 -0.015220 0.573 0.384 0.141
0.480497 -0.010019 -0.015125 0.580 0.392 0.149
0.482719 -0.009814 -0.015031 0.580 0.392 0.149
0.484941 -0.009610 -0.014936 0.584 0.396 0.153
0.487163 -0.009405 -0.014841 0.584 0.396 0.153
0.489445 -0.010066 -0.014246 0.584 0.396 0.153
0.491607 -0.008996 -0.014652 0.584 0.412 0.173
0.493829 -0.008791 -0.014557 0.588 0.427 0.192
0.496051 -0.008587 -0.014462 0.580 0.451 0.231
0.498273 -0.008382 -0.014367 0.600 0.471 0.251
0.500542 -0.009044 -0.013772 0.580 0.490 0.294
0.502717 -0.007973 -0.014178 0.580 0.502 0.310
0.504980 -0.008636 -0.013583 0.576 0.502 0.318
0.507238 -0.009299 -0.012988 0.584 0.510 0.333
0.509527 -0.010830 -0.011895 0.573 0.514 0.353
0.511739 -0.010627 -0.011800 0.569 0.518 0.361
0.513981 -0.011291 -0.011206 0.565 0.514 0.349
0.516162 -0.010219 -0.011612 0.561 0.498 0.325
0.518374 -0.010016 -0.011517 0.569 0.475 0.306
0.520585 -0.009812 -0.011423 0.569 0.475 0.306
0.522838 -0.011347 -0.010330 0.573 0.471 0.298
0.525044 -0.011144 -0.010236 0.569 0.467 0.294
0.527251 -0.010941 -0.010142 0.573 0.475 0.290
0.529432 -0.008997 -0.011046 0.576 0.478 0.294
0.531644 -0.008794 -0.010951 0.580 0.490 0.302
0.533848 -0.007719 -0.011355 0.592 0.498 0.322
0.536047 -0.004903 -0.012756 0.592 0.510 0.329
0.538272 -0.005570 -0.012163 0.588 0.514 0.329
0.540491 -0.003623 -0.013065 0.592 0.518 0.333
0.542722 -0.001675 -0.013966 0.596 0.533 0.353
0.544962 0.000274 -0.014866 0.576 0.525 0.361
0.547237 0.004839 -0.017260 0.553 0.522 0.357
0.549506 0.006791 -0.018160 0.545 0.514 0.349
0.551772 0.007871 -0.018561 0.537 0.506 0.349
0.554074 0.010696 -0.019957 0.529 0.486 0.345
0.556393 0.013524 -0.021353 0.525 0.478 0.357
0.300070 -0.004390 -0.038199 0.208 0.165 0.137
0.302897 -0.005869 -0.037078 0.196 0.161 0.125
0.305714 -0.007349 -0.035957 0.196 0.157 0.102
0.308521 -0.008830 -0.034837 0.247 0.212 0.137
0.311318 -0.010312 -0.033717 0.286 0.251 0.176
0.313847 -0.010949 -0.033109 0.376 0.341 0.259
0.316370 -0.011586 -0.032501 0.380 0.349 0.247
0.318888 -0.012224 -0.031893 0.376 0.365 0.239
0.321402 -0.012862 -0.031285 0.369 0.357 0.231
0.323910 -0.013501 -0.030678 0.361 0.349 0.224
0.326412 -0.014141 -0.030071 0.349 0.329 0.208
0.328668 -0.013933 -0.029975 0.357 0.337 0.208
0.331163 -0.014573 -0.029368 0.365 0.345 0.216
0.333416 -0.014365 -0.029272 0.373 0.353 0.224
0.335669 -0.014158 -0.029176 0.376 0.357 0.227
0.338154 -0.014799 -0.028569 0.384 0.365 0.235
0.340404 -0.014591 -0.028473 0.392 0.373 0.243
0.342655 -0.014384 -0.028377 0.400 0.380 0.251
0.344905 -0.014177 -0.028281 0.404 0.384 0.255
0.347155 -0.013970 -0.028185 0.404 0.384 0.255
0.349625 -0.014612 -0.027580 0.412 0.392 0.263
0.351872 -0.014405 -0.027484 0.412 0.392 0.263
0.354334 -0.015048 -0.026879 0.420 0.400 0.271
0.356579 -0.014841 -0.026783 0.424 0.416 0.271
0.359033 -0.015485 -0.026178 0.420 0.412 0.267
0.361276 -0.015279 -0.026082 0.427 0.416 0.282
0.363518 -0.015072 -0.025987 0.427 0.416 0.282
0.365761 -0.014866 -0.025891 0.431 0.420 0.286
0.368004 -0.014659 -0.025795 0.443 0.431 0.298
0.370442 -0.015304 -0.025191 0.435 0.424 0.290
0.372682 -0.015098 -0.025095 0.447 0.435 0.302
0.374922 -0.014892 -0.025000 0.447 0.435 0.302
0.377162 -0.014685 -0.024904 0.447 0.435 0.302
0.379402 -0.014479 -0.024809 0.431 0.412 0.282
0.381642 -0.014273 -0.024713 0.435 0.416 0.286
0.383882 -0.014066 -0.024618 0.431 0.420 0.286
0.386122 -0.013860 -0.024522 0.435 0.424 0.290
0.388362 -0.013654 -0.024427 0.447 0.435 0.302
0.390775 -0.014301 -0.023823 0.447 0.435 0.302
0.393012 -0.014095 -0.023728 0.447 0.435 0.302
0.395417 -0.014744 -0.023125 0.451 0.439 0.306
0.397817 -0.015392 -0.022522 0.451 0.439 0.314
0.400049 -0.015187 -0.022427 0.455 0.443 0.318
0.402281 -0.014981 -0.022332 0.459 0.447 0.322
0.404514 -0.014776 -0.022237 0.471 0.459 0.333
0.406900 -0.015426 -0.021635 0.463 0.463 0.333
0.409130 -0.015220 -0.021539 0.471 0.471 0.341
0.411360 -0.015015 -0.021444 0.471 0.471 0.341
0.413590 -0.014810 -0.021349 0.475 0.475 0.345
0.415819 -0.014604 -0.021254 0.475 0.475 0.345
0.418049 -0.014399 -0.021159 0.471 0.471 0.341
0.420279 -0.014194 -0.021064 0.471 0.471 0.341
0.422508 -0.013988 -0.020969 0.467 0.467 0.337
0.424738 -0.013783 -0.020874 0.471 0.471 0.341
0.426968 -0.013578 -0.020779 0.471 0.471 0.341
0.429198 -0.013372 -0.020683 0.471 0.471 0.341
0.431553 -0.014025 -0.020083 0.475 0.475 0.345
0.433781 -0.013820 -0.019988 0.475 0.475 0.345
0.436008 -0.013615 -0.019893 0.482 0.482 0.345
0.438353 -0.014269 -0.019292 0.490 0.478 0.345
0.440578 -0.014064 -0.019197 0.490 0.482 0.337
0.442802 -0.013859 -0.019102 0.498 0.490 0.345
0.445027 -0.013654 -0.019008 0.490 0.482 0.337
0.447251 -0.013449 -0.018913 0.494 0.478 0.329
0.449476 -0.013244 -0.018818 0.498 0.475 0.325
0.451803 -0.013900 -0.018218 0.510 0.478 0.322
0.454025 -0.013695 -0.018123 0.506 0.475 0.318
0.456247 -0.013490 -0.018029 0.502 0.471 0.314
0.458469 -0.013286 -0.017934 0.502 0.463 0.302
0.460691 -0.013081 -0.017839 0.506 0.459 0.282
0.462913 -0.012876 -0.017744 0.514 0.451 0.263
0.465135 -0.012672 -0.017650 0.522 0.435 0.220
0.467357 -0.012467 -0.017555 0.518 0.431 0.216
0.469579 -0.012262 -0.017460 0.522 0.420 0.184
0.471881 -0.012920 -0.016861 0.533 0.420 0.176
0.474100 -0.012716 -0.016767 0.541 0.408 0.165
0.476320 -0.012512 -0.016672 0.541 0.408 0.165
0.478539 -0.012307 -0.016577 0.553 0.408 0.169
0.480828 -0.012966 -0.015980 0.553 0.408 0.169
0.483045 -0.012762 -0.015885 0.549 0.404 0.165
0.485261 -0.012558 -0.015790 0.557 0.404 0.165
0.487478 -0.012354 -0.015696 0.549 0.396 0.157
0.489754 -0.013014 -0.015098 0.549 0.396 0.157
0.491912 -0.011945 -0.015507 0.565 0.412 0.173
0.494129 -0.011741 -0.015412 0.565 0.412 0.173
0.496346 -0.011537 -0.015318 0.569 0.439 0.220
0.498562 -0.011333 -0.015223 0.584 0.455 0.235
0.500825 -0.011994 -0.014626 0.580 0.490 0.302
0.503039 -0.011790 -0.014532 0.573 0.510 0.337
0.505254 -0.011586 -0.014437 0.573 0.522 0.365
0.507506 -0.012249 -0.013841 0.573 0.541 0.384
0.509789 -0.013778 -0.012743 0.565 0.533 0.376
0.511996 -0.013575 -0.012649 0.557 0.525 0.369
0.514233 -0.014239 -0.012053 0.557 0.518 0.357
0.516437 -0.014036 -0.011959 0.557 0.506 0.341
0.518641 -0.013833 -0.011865 0.557 0.482 0.306
0.520867 -0.014497 -0.011270 0.557 0.482 0.306
0.523089 -0.015162 -0.010675 0.565 0.482 0.310
0.525288 -0.014960 -0.010581 0.561 0.471 0.282
0.527486 -0.014757 -0.010487 0.557 0.459 0.267
0.529673 -0.013686 -0.010894 0.557 0.459 0.267
0.531874 -0.013484 -0.010800 0.576 0.467 0.278
0.534068 -0.012412 -0.011207 0.561 0.451 0.263
0.536263 -0.010470 -0.012114 0.576 0.467 0.278
0.538472 -0.010267 -0.012020 0.592 0.502 0.314
0.540682 -0.008324 -0.012926 0.600 0.510 0.322
0.542902 -0.006380 -0.013832 0.592 0.518 0.341
0.545133 -0.004435 -0.014738 0.576 0.522 0.349
0.547390 -0.000748 -0.016643 0.565 0.514 0.357
0.549646 0.001200 -0.017547 0.553 0.514 0.361
0.551913 0.003148 -0.018451 0.541 0.502 0.349
0.554206 0.005969 -0.019854 0.533 0.490 0.349
0.556515 0.008790 -0.021257 0.525 0.482 0.349
0.558839 0.011614 -0.022658 0.506 0.467 0.357
0.314300 -0.013039 -0.034495 0.196 0.173 0.122
0.316820 -0.013676 -0.033885 0.200 0.149 0.106
0.319336 -0.014312 -0.033275 0.196 0.145 0.094
0.321846 -0.014949 -0.032665 0.180 0.145 0.078
0.324352 -0.015587 -0.032056 0.184 0.149 0.082
0.326852 -0.016225 -0.031447 0.184 0.149 0.082
0.329105 -0.016018 -0.031351 0.271 0.235 0.169
0.331597 -0.016656 -0.030742 0.298 0.267 0.173
0.333847 -0.016449 -0.030646 0.325 0.298 0.184
0.336098 -0.016242 -0.030550 0.337 0.310 0.196
0.338348 -0.016035 -0.030454 0.329 0.302 0.180
0.340827 -0.016675 -0.029846 0.337 0.298 0.173
0.343075 -0.016468 -0.029750 0.345 0.306 0.180
0.345323 -0.016261 -0.029654 0.357 0.329 0.200
0.347571 -0.016054 -0.029558 0.361 0.333 0.204
0.350037 -0.016695 -0.028950 0.357 0.337 0.208
0.352282 -0.016488 -0.028855 0.365 0.345 0.216
0.354741 -0.017130 -0.028247 0.384 0.365 0.235
0.356984 -0.016923 -0.028152 0.384 0.365 0.235
0.359435 -0.017566 -0.027545 0.376 0.357 0.227
0.361675 -0.017360 -0.027449 0.380 0.365 0.224
0.364118 -0.018003 -0.026842 0.384 0.369 0.227
0.366356 -0.017797 -0.026747 0.392 0.376 0.235
0.368593 -0.017591 -0.026651 0.400 0.384 0.243
0.371026 -0.018235 -0.026045 0.404 0.388 0.247
0.373261 -0.018029 -0.025950 0.404 0.388 0.247
0.375496 -0.017823 -0.025854 0.412 0.396 0.255
0.377731 -0.017618 -0.025759 0.424 0.408 0.267
0.379966 -0.017412 -0.025664 0.424 0.408 0.267
0.382201 -0.017206 -0.025568 0.427 0.412 0.271
0.384435 -0.017000 -0.025473 0.427 0.412 0.271
0.386670 -0.016794 -0.025378 0.424 0.412 0.278
0.388905 -0.016588 -0.025282 0.427 0.416 0.282
0.391140 -0.016383 -0.025187 0.431 0.420 0.286
0.393375 -0.016177 -0.025092 0.431 0.420 0.286
0.395777 -0.016824 -0.024487 0.435 0.424 0.290
0.398174 -0.017472 -0.023882 0.435 0.424 0.298
0.400404 -0.017266 -0.023787 0.443 0.431 0.306
0.402633 -0.017061 -0.023692 0.443 0.431 0.306
0.404863 -0.016856 -0.023597 0.447 0.435 0.310
0.407247 -0.017504 -0.022993 0.451 0.439 0.314
0.409474 -0.017299 -0.022898 0.455 0.455 0.325
0.411701 -0.017094 -0.022803 0.463 0.463 0.333
0.413928 -0.016889 -0.022708 0.467 0.467 0.337
0.416156 -0.016684 -0.022613 0.463 0.463 0.333
0.418383 -0.016479 -0.022518 0.463 0.463 0.333
0.420610 -0.016274 -0.022423 0.463 0.463 0.333
0.422837 -0.016069 -0.022328 0.455 0.455 0.325
0.425064 -0.015863 -0.022233 0.455 0.455 0.325
0.427291 -0.015658 -0.022138 0.455 0.455 0.325
0.429518 -0.015453 -0.022043 0.463 0.463 0.333
0.431871 -0.016105 -0.021440 0.463 0.463 0.333
0.434096 -0.015900 -0.021345 0.463 0.463 0.333
0.436321 -0.015695 -0.021250 0.471 0.471 0.341
0.438663 -0.016348 -0.020648 0.475 0.475 0.345
0.440885 -0.016143 -0.020553 0.486 0.475 0.341
0.443107 -0.015938 -0.020458 0.486 0.475 0.341
0.445329 -0.015734 -0.020363 0.486 0.475 0.341
0.447551 -0.015529 -0.020269 0.490 0.475 0.333
0.449773 -0.015324 -0.020174 0.498 0.475 0.333
0.452098 -0.015979 -0.019572 0.498 0.475 0.333
0.454317 -0.015774 -0.019477 0.494 0.471 0.322
0.456536 -0.015570 -0.019383 0.494 0.471 0.322
0.458756 -0.015366 -0.019288 0.498 0.467 0.310
0.460975 -0.015161 -0.019193 0.498 0.467 0.302
0.463195 -0.014957 -0.019099 0.506 0.459 0.282
0.465414 -0.014752 -0.019004 0.514 0.455 0.255
0.467634 -0.014548 -0.018909 0.506 0.447 0.247
0.469853 -0.014344 -0.018815 0.514 0.439 0.220
0.472152 -0.015000 -0.018214 0.525 0.431 0.212
0.474369 -0.014796 -0.018120 0.525 0.451 0.239
0.476585 -0.014592 -0.018025 0.529 0.455 0.243
0.478802 -0.014388 -0.017931 0.537 0.451 0.243
0.481088 -0.015046 -0.017331 0.525 0.439 0.224
0.483302 -0.014842 -0.017236 0.522 0.427 0.216
0.485517 -0.014638 -0.017142 0.529 0.424 0.216
0.487731 -0.014434 -0.017047 0.529 0.424 0.216
0.490004 -0.015093 -0.016448 0.525 0.420 0.204
0.492215 -0.014889 -0.016353 0.537 0.424 0.208
0.494427 -0.014685 -0.016259 0.545 0.424 0.212
0.496639 -0.014482 -0.016165 0.553 0.447 0.247
0.498850 -0.014278 -0.016070 0.573 0.467 0.267
0.501108 -0.014938 -0.015472 0.569 0.494 0.310
0.503317 -0.014735 -0.015377 0.561 0.510 0.345
0.505526 -0.014532 -0.015283 0.561 0.522 0.361
0.507773 -0.015193 -0.014685 0.557 0.533 0.384
0.510015 -0.015855 -0.014087 0.557 0.533 0.384
0.512252 -0.016517 -0.013489 0.545 0.529 0.388
0.514484 -0.017180 -0.012891 0.541 0.525 0.376
0.516682 -0.016977 -0.012797 0.545 0.525 0.357
0.518906 -0.017641 -0.012200 0.553 0.514 0.345
0.521125 -0.018305 -0.011603 0.541 0.502 0.333
0.523319 -0.018103 -0.011509 0.545 0.494 0.329
0.525512 -0.017901 -0.011416 0.553 0.490 0.310
0.527706 -0.017699 -0.011322 0.545 0.467 0.275
0.529899 -0.017497 -0.011229 0.541 0.443 0.251
0.532093 -0.017295 -0.011135 0.537 0.439 0.247
0.534280 -0.016225 -0.011544 0.541 0.427 0.220
0.536467 -0.014287 -0.012456 0.545 0.404 0.200
0.538668 -0.014084 -0.012362 0.592 0.471 0.267
0.540871 -0.012145 -0.013273 0.596 0.475 0.271
0.543084 -0.010204 -0.014184 0.580 0.471 0.282
0.545307 -0.008263 -0.015094 0.584 0.486 0.302
0.547549 -0.005451 -0.016506 0.573 0.494 0.302
0.549796 -0.003508 -0.017415 0.569 0.506 0.325
0.552053 -0.001563 -0.018324 0.561 0.498 0.318
0.554336 0.001252 -0.019734 0.545 0.486 0.325
0.556635 0.004069 -0.021143 0.541 0.482 0.337
0.558949 0.006887 -0.022552 0.518 0.455 0.322
0.561327 0.011447 -0.024963 0.510 0.447 0.314
0.563677 0.014269 -0.026370 0.533 0.482 0.388
0.319783 -0.016397 -0.034653 0.188 0.145 0.110
0.322291 -0.017033 -0.034041 0.184 0.141 0.106
0.324793 -0.017670 -0.033430 0.188 0.145 0.110
0.327290 -0.018307 -0.032818 0.180 0.137 0.102
0.329541 -0.018099 -0.032722 0.184 0.145 0.098
0.331791 -0.017892 -0.032626 0.188 0.137 0.086
0.334278 -0.018530 -0.032016 0.176 0.137 0.082
0.336526 -0.018323 -0.031920 0.180 0.141 0.086
0.338774 -0.018116 -0.031824 0.247 0.212 0.137
0.341250 -0.018755 -0.031214 0.267 0.224 0.133
0.343495 -0.018548 -0.031118 0.176 0.125 0.075
0.345741 -0.018341 -0.031022 0.216 0.169 0.106
0.347986 -0.018134 -0.030926 0.220 0.173 0.110
0.350449 -0.018775 -0.030317 0.271 0.216 0.149
0.352692 -0.018568 -0.030221 0.275 0.227 0.157
0.355148 -0.019209 -0.029611 0.302 0.255 0.176
0.357599 -0.019850 -0.029002 0.325 0.278 0.200
0.359836 -0.019644 -0.028907 0.306 0.259 0.180
0.362279 -0.020286 -0.028298 0.306 0.263 0.165
0.364717 -0.020928 -0.027689 0.306 0.267 0.141
0.366950 -0.020722 -0.027594 0.325 0.286 0.161
0.369182 -0.020517 -0.027499 0.325 0.286 0.161
0.371414 -0.020311 -0.027404 0.345 0.298 0.176
0.373647 -0.020106 -0.027308 0.357 0.318 0.192
0.375879 -0.019900 -0.027213 0.357 0.322 0.184
0.378111 -0.019695 -0.027118 0.380 0.345 0.208
0.380343 -0.019489 -0.027023 0.380 0.345 0.208
0.382576 -0.019283 -0.026928 0.392 0.357 0.220
0.384808 -0.019078 -0.026832 0.392 0.369 0.227
0.387040 -0.018872 -0.026737 0.400 0.376 0.235
0.389273 -0.018667 -0.026642 0.400 0.376 0.235
0.391505 -0.018461 -0.026547 0.408 0.384 0.243
0.393737 -0.018255 -0.026451 0.412 0.388 0.247
0.396137 -0.018901 -0.025844 0.400 0.384 0.243
0.398531 -0.019548 -0.025238 0.412 0.396 0.255
0.400758 -0.019343 -0.025143 0.412 0.396 0.255
0.402985 -0.019138 -0.025048 0.420 0.404 0.263
0.405212 -0.018933 -0.024953 0.412 0.396 0.255
0.407593 -0.019580 -0.024346 0.424 0.408 0.267
0.409818 -0.019375 -0.024252 0.424 0.412 0.278
0.412042 -0.019170 -0.024157 0.431 0.420 0.294
0.414267 -0.018965 -0.024062 0.435 0.424 0.298
0.416491 -0.018761 -0.023967 0.443 0.431 0.306
0.418716 -0.018556 -0.023872 0.443 0.431 0.306
0.420941 -0.018351 -0.023777 0.435 0.424 0.298
0.423165 -0.018146 -0.023682 0.427 0.416 0.290
0.425390 -0.017941 -0.023587 0.435 0.424 0.298
0.427614 -0.017736 -0.023492 0.435 0.424 0.298
0.429839 -0.017531 -0.023398 0.443 0.431 0.306
0.432189 -0.018182 -0.022793 0.443 0.431 0.306
0.434411 -0.017977 -0.022698 0.443 0.431 0.306
0.436633 -0.017773 -0.022603 0.451 0.439 0.314
0.438973 -0.018424 -0.021999 0.451 0.439 0.306
0.441192 -0.018220 -0.021904 0.459 0.447 0.314
0.443412 -0.018015 -0.021809 0.471 0.459 0.325
0.445631 -0.017811 -0.021715 0.475 0.463 0.329
0.447850 -0.017606 -0.021620 0.475 0.463 0.329
0.450070 -0.017402 -0.021525 0.478 0.467 0.333
0.452392 -0.018055 -0.020922 0.478 0.471 0.325
0.454608 -0.017851 -0.020827 0.478 0.471 0.325
0.456825 -0.017647 -0.020732 0.478 0.471 0.325
0.459042 -0.017443 -0.020638 0.478 0.471 0.325
0.461259 -0.017238 -0.020543 0.482 0.467 0.325
0.463476 -0.017034 -0.020449 0.482 0.467 0.318
0.465693 -0.016830 -0.020354 0.490 0.471 0.294
0.467909 -0.016626 -0.020260 0.486 0.467 0.290
0.470126 -0.016422 -0.020165 0.494 0.467 0.282
0.472422 -0.017077 -0.019563 0.506 0.459 0.275
0.474636 -0.016873 -0.019468 0.510 0.455 0.267
0.476851 -0.016669 -0.019374 0.514 0.459 0.271
0.479065 -0.016465 -0.019279 0.522 0.459 0.271
0.481348 -0.017122 -0.018677 0.522 0.459 0.271
0.483560 -0.016918 -0.018583 0.514 0.451 0.263
0.485771 -0.016715 -0.018489 0.514 0.443 0.247
0.487983 -0.016511 -0.018394 0.514 0.443 0.247
0.490253 -0.017169 -0.017793 0.510 0.431 0.231
0.492462 -0.016965 -0.017698 0.525 0.439 0.231
0.494725 -0.017624 -0.017097 0.529 0.435 0.231
0.496931 -0.017421 -0.017003 0.541 0.455 0.247
0.499138 -0.017218 -0.016909 0.561 0.475 0.267
0.501344 -0.017014 -0.016815 0.561 0.498 0.318
0.503551 -0.016811 -0.016721 0.541 0.502 0.333
0.505757 -0.016608 -0.016627 0.541 0.522 0.353
0.508001 -0.017268 -0.016026 0.545 0.529 0.380
0.510241 -0.017929 -0.015426 0.545 0.529 0.380
0.512475 -0.018590 -0.014826 0.541 0.533 0.388
0.514703 -0.019252 -0.014226 0.541 0.533 0.388
0.516927 -0.019914 -0.013627 0.541 0.529 0.369
0.519146 -0.020576 -0.013028 0.549 0.529 0.369
0.521359 -0.021239 -0.012429 0.545 0.525 0.365
0.523547 -0.021038 -0.012335 0.541 0.502 0.341
0.525736 -0.020836 -0.012242 0.545 0.494 0.329
0.527924 -0.020635 -0.012149 0.541 0.478 0.298
0.530113 -0.020433 -0.012055 0.541 0.451 0.263
0.532301 -0.020232 -0.011962 0.537 0.447 0.259
0.534483 -0.019164 -0.012373 0.525 0.420 0.220
0.536670 -0.018095 -0.012785 0.541 0.404 0.188
0.538861 -0.017027 -0.013196 0.569 0.431 0.216
0.541059 -0.015090 -0.014112 0.588 0.451 0.235
0.543268 -0.013153 -0.015027 0.584 0.463 0.259
0.545486 -0.011215 -0.015941 0.584 0.471 0.271
0.547715 -0.009276 -0.016856 0.580 0.475 0.275
0.549954 -0.007336 -0.017769 0.569 0.478 0.282
0.552204 -0.005395 -0.018683 0.573 0.482 0.286
0.554480 -0.002585 -0.020100 0.561 0.486 0.310
0.556772 0.000227 -0.021516 0.549 0.482 0.322
0.559079 0.003040 -0.022932 0.525 0.459 0.306
0.561426 0.006724 -0.024850 0.518 0.451 0.298
0.563767 0.009540 -0.026264 0.494 0.427 0.314
0.343915 -0.020626 -0.032482 0.153 0.122 0.075
0.346158 -0.020419 -0.032386 0.169 0.137 0.090
0.348400 -0.020213 -0.032290 0.169 0.137 0.090
0.350861 -0.020851 -0.031678 0.180 0.141 0.094
0.353317 -0.021491 -0.031067 0.169 0.118 0.075
0.355768 -0.022131 -0.030455 0.149 0.106 0.071
0.358213 -0.022771 -0.029844 0.180 0.141 0.094
0.360445 -0.022565 -0.029749 0.204 0.165 0.118
0.362883 -0.023206 -0.029138 0.259 0.212 0.149
0.365315 -0.023848 -0.028528 0.271 0.220 0.133
0.367543 -0.023642 -0.028433 0.275 0.231 0.141
0.369770 -0.023437 -0.028338 0.298 0.255 0.157
0.371997 -0.023232 -0.028243 0.306 0.263 0.165
0.374224 -0.023027 -0.028148 0.325 0.286 0.176
0.376451 -0.022822 -0.028053 0.322 0.282 0.165
0.378678 -0.022617 -0.027958 0.337 0.298 0.173
0.380905 -0.022412 -0.027863 0.341 0.302 0.176
0.383133 -0.022207 -0.027768 0.337 0.298 0.173
0.385360 -0.022002 -0.027673 0.365 0.325 0.200
0.387587 -0.021796 -0.027578 0.373 0.337 0.200
0.389814 -0.021591 -0.027483 0.373 0.337 0.200
0.392041 -0.021386 -0.027388 0.384 0.349 0.212
0.394268 -0.021181 -0.027293 0.392 0.357 0.212
0.396496 -0.020976 -0.027198 0.380 0.357 0.208
0.398887 -0.021621 -0.026589 0.392 0.369 0.220
0.401111 -0.021416 -0.026494 0.404 0.380 0.231
0.403336 -0.021212 -0.026399 0.408 0.384 0.235
0.405560 -0.021007 -0.026304 0.400 0.376 0.227
0.407939 -0.021653 -0.025696 0.408 0.384 0.243
0.410161 -0.021448 -0.025601 0.412 0.396 0.255
0.412383 -0.021244 -0.025506 0.420 0.400 0.271
0.414605 -0.021039 -0.025412 0.427 0.408 0.278
0.416827 -0.020835 -0.025317 0.431 0.412 0.282
0.419049 -0.020630 -0.025222 0.427 0.408 0.278
0.421271 -0.020425 -0.025127 0.427 0.408 0.278
0.423493 -0.020221 -0.025033 0.420 0.400 0.271
0.425715 -0.020016 -0.024938 0.427 0.408 0.278
0.427937 -0.019811 -0.024843 0.431 0.412 0.282
0.430159 -0.019607 -0.024748 0.427 0.416 0.282
0.432506 -0.020256 -0.024141 0.427 0.416 0.282
0.434725 -0.020052 -0.024047 0.431 0.420 0.286
0.436945 -0.019847 -0.023952 0.435 0.424 0.290
0.439282 -0.020497 -0.023345 0.431 0.424 0.278
0.441499 -0.020293 -0.023251 0.443 0.435 0.290
0.443716 -0.020089 -0.023156 0.447 0.439 0.294
0.445932 -0.019885 -0.023062 0.451 0.443 0.298
0.448149 -0.019681 -0.022967 0.451 0.439 0.306
0.450366 -0.019477 -0.022873 0.455 0.443 0.310
0.452685 -0.020129 -0.022267 0.459 0.447 0.314
0.454899 -0.019925 -0.022172 0.459 0.447 0.314
0.457113 -0.019721 -0.022078 0.459 0.447 0.314
0.459328 -0.019517 -0.021983 0.463 0.451 0.318
0.461542 -0.019313 -0.021889 0.471 0.459 0.325
0.463756 -0.019109 -0.021795 0.471 0.463 0.318
0.465970 -0.018905 -0.021700 0.475 0.467 0.314
0.468185 -0.018701 -0.021606 0.475 0.467 0.314
0.470399 -0.018497 -0.021511 0.478 0.467 0.306
0.472692 -0.019151 -0.020907 0.478 0.467 0.298
0.474904 -0.018948 -0.020812 0.490 0.471 0.302
0.477115 -0.018744 -0.020718 0.494 0.475 0.306
0.479327 -0.018540 -0.020624 0.490 0.471 0.302
0.481607 -0.019196 -0.020020 0.490 0.471 0.294
0.483816 -0.018992 -0.019925 0.486 0.467 0.298
0.486025 -0.018789 -0.019831 0.494 0.463 0.290
0.488235 -0.018585 -0.019737 0.494 0.463 0.290
0.490502 -0.019242 -0.019133 0.486 0.451 0.271
0.492708 -0.019039 -0.019039 0.506 0.459 0.275
0.494968 -0.019696 -0.018436 0.510 0.459 0.259
0.497172 -0.019493 -0.018342 0.518 0.467 0.267
0.499376 -0.019290 -0.018248 0.525 0.475 0.275
0.501580 -0.019087 -0.018154 0.537 0.490 0.306
0.503784 -0.018884 -0.018060 0.518 0.498 0.322
0.505988 -0.018681 -0.017966 0.518 0.506 0.337
0.508229 -0.019340 -0.017363 0.525 0.518 0.365
0.510466 -0.020000 -0.016761 0.525 0.518 0.365
0.512697 -0.020660 -0.016159 0.529 0.522 0.376
0.514923 -0.021320 -0.015557 0.533 0.525 0.380
0.517144 -0.021981 -0.014956 0.537 0.529 0.384
0.519359 -0.022643 -0.014355 0.545 0.537 0.392
0.521570 -0.023305 -0.013753 0.541 0.533 0.388
0.523756 -0.023103 -0.013660 0.533 0.518 0.369
0.525942 -0.022902 -0.013567 0.537 0.518 0.357
0.528128 -0.022701 -0.013474 0.533 0.494 0.333
0.530313 -0.022499 -0.013380 0.522 0.475 0.298
0.532499 -0.022298 -0.013287 0.522 0.475 0.298
0.534685 -0.022097 -0.013194 0.514 0.443 0.247
0.536867 -0.021030 -0.013608 0.533 0.420 0.204
0.539054 -0.019963 -0.014021 0.549 0.416 0.180
0.541247 -0.018031 -0.014941 0.557 0.424 0.188
0.543451 -0.016097 -0.015861 0.557 0.420 0.196
0.545665 -0.014162 -0.016780 0.576 0.447 0.220
0.547889 -0.012226 -0.017699 0.576 0.459 0.235
0.550123 -0.010289 -0.018617 0.569 0.451 0.227
0.552368 -0.008352 -0.019535 0.573 0.455 0.231
0.554640 -0.005546 -0.020959 0.588 0.475 0.267
0.556927 -0.002739 -0.022382 0.561 0.482 0.282
0.559208 -0.000798 -0.023298 0.533 0.459 0.282
0.561548 0.002879 -0.025226 0.525 0.451 0.275
0.563855 0.004823 -0.026141 0.494 0.420 0.251
0.566202 0.007635 -0.027561 0.451 0.404 0.298
0.374801 -0.025943 -0.028978 0.204 0.184 0.114
0.377023 -0.025738 -0.028884 0.196 0.169 0.102
0.379245 -0.025534 -0.028789 0.204 0.169 0.102
0.381467 -0.025329 -0.028694 0.216 0.180 0.114
0.383689 -0.025124 -0.028599 0.243 0.208 0.141
0.385911 -0.024920 -0.028504 0.267 0.220 0.149
0.388133 -0.024715 -0.028410 0.278 0.227 0.141
0.390355 -0.024510 -0.028315 0.290 0.239 0.145
0.392577 -0.024306 -0.028220 0.290 0.239 0.145
0.394799 -0.024101 -0.028125 0.310 0.263 0.149
0.397021 -0.023897 -0.028031 0.318 0.271 0.149
0.399243 -0.023692 -0.027936 0.337 0.290 0.169
0.401465 -0.023487 -0.027841 0.345 0.298 0.176
0.403687 -0.023283 -0.027746 0.345 0.298 0.176
0.405909 -0.023078 -0.027651 0.361 0.318 0.184
0.408284 -0.023723 -0.027041 0.361 0.325 0.180
0.410503 -0.023519 -0.026946 0.380 0.345 0.200
0.412723 -0.023314 -0.026852 0.384 0.349 0.204
0.414942 -0.023110 -0.026757 0.392 0.357 0.212
0.417162 -0.022906 -0.026662 0.396 0.361 0.216
0.419381 -0.022701 -0.026568 0.396 0.361 0.216
0.421601 -0.022497 -0.026473 0.396 0.361 0.216
0.423820 -0.022292 -0.026378 0.408 0.373 0.227
0.426039 -0.022088 -0.026284 0.404 0.380 0.231
0.428259 -0.021884 -0.026189 0.400 0.384 0.235
0.430478 -0.021679 -0.026094 0.400 0.384 0.235
0.432823 -0.022327 -0.025485 0.412 0.396 0.247
0.435040 -0.022123 -0.025391 0.420 0.404 0.255
0.437256 -0.021919 -0.025296 0.420 0.412 0.267
0.439591 -0.022568 -0.024688 0.424 0.416 0.271
0.441805 -0.022364 -0.024593 0.427 0.420 0.275
0.444019 -0.022160 -0.024499 0.435 0.427 0.282
0.446233 -0.021956 -0.024404 0.435 0.427 0.282
0.448448 -0.021752 -0.024310 0.443 0.431 0.298
0.450662 -0.021548 -0.024216 0.447 0.435 0.302
0.452978 -0.022199 -0.023608 0.451 0.439 0.306
0.455190 -0.021995 -0.023513 0.455 0.443 0.310
0.457401 -0.021792 -0.023419 0.451 0.439 0.306
0.459613 -0.021588 -0.023325 0.455 0.443 0.310
0.461825 -0.021384 -0.023230 0.459 0.447 0.314
0.464036 -0.021181 -0.023136 0.459 0.447 0.314
0.466248 -0.020977 -0.023042 0.459 0.451 0.306
0.468460 -0.020773 -0.022947 0.471 0.463 0.318
0.470671 -0.020570 -0.022853 0.475 0.467 0.314
0.472962 -0.021223 -0.022246 0.478 0.467 0.306
0.475171 -0.021019 -0.022152 0.482 0.471 0.310
0.477380 -0.020816 -0.022058 0.482 0.471 0.310
0.479589 -0.020612 -0.021964 0.482 0.471 0.310
0.481866 -0.021267 -0.021357 0.482 0.471 0.302
0.484073 -0.021064 -0.021263 0.478 0.467 0.306
0.486279 -0.020860 -0.021169 0.486 0.467 0.306
0.488486 -0.020657 -0.021075 0.486 0.467 0.306
0.490750 -0.021313 -0.020470 0.490 0.459 0.294
0.492954 -0.021110 -0.020376 0.494 0.467 0.282
0.495211 -0.021766 -0.019770 0.498 0.463 0.275
0.497412 -0.021563 -0.019676 0.514 0.467 0.275
0.499614 -0.021360 -0.019582 0.522 0.475 0.282
0.501815 -0.021158 -0.019489 0.522 0.486 0.298
0.504016 -0.020955 -0.019395 0.514 0.494 0.318
0.506218 -0.020752 -0.019301 0.514 0.502 0.341
0.508457 -0.021410 -0.018696 0.506 0.510 0.353
0.510690 -0.022068 -0.018092 0.510 0.514 0.357
0.512918 -0.022727 -0.017488 0.518 0.522 0.373
0.515142 -0.023386 -0.016884 0.518 0.522 0.373
0.517360 -0.024046 -0.016281 0.529 0.533 0.384
0.519573 -0.024706 -0.015677 0.533 0.537 0.388
0.521780 -0.025367 -0.015074 0.533 0.537 0.388
0.523964 -0.025166 -0.014981 0.533 0.525 0.380
0.526147 -0.024965 -0.014888 0.533 0.518 0.369
0.528330 -0.024764 -0.014795 0.529 0.498 0.341
0.530514 -0.024563 -0.014701 0.525 0.486 0.325
0.532697 -0.024362 -0.014608 0.522 0.490 0.333
0.534880 -0.024161 -0.014515 0.522 0.471 0.306
0.537060 -0.023096 -0.014931 0.529 0.459 0.255
0.539244 -0.022031 -0.015347 0.533 0.447 0.231
0.541435 -0.020101 -0.016272 0.533 0.447 0.231
0.543637 -0.018170 -0.017196 0.533 0.427 0.220
0.545848 -0.016238 -0.018119 0.541 0.427 0.212
0.548071 -0.014306 -0.019043 0.573 0.451 0.239
0.550303 -0.012372 -0.019965 0.569 0.455 0.239
0.552546 -0.010437 -0.020888 0.569 0.455 0.239
0.554799 -0.008502 -0.021810 0.580 0.467 0.251
0.557082 -0.005699 -0.023239 0.557 0.463 0.259
0.559358 -0.003762 -0.024160 0.541 0.451 0.255
0.561669 -0.000957 -0.025589 0.533 0.443 0.247
0.563968 0.000983 -0.026509 0.498 0.404 0.227
0.566308 0.003790 -0.027936 0.478 0.400 0.259
0.386461 -0.027832 -0.029328 0.212 0.200 0.137
0.388677 -0.027628 -0.029233 0.200 0.173 0.106
0.390894 -0.027424 -0.029138 0.176 0.149 0.082
0.393111 -0.027220 -0.029044 0.180 0.153 0.086
0.395328 -0.027016 -0.028949 0.224 0.188 0.114
0.397545 -0.026811 -0.028855 0.278 0.231 0.153
0.399762 -0.026607 -0.028760 0.286 0.243 0.153
0.401978 -0.026403 -0.028666 0.306 0.255 0.169
0.404195 -0.026199 -0.028571 0.239 0.208 0.153
0.406412 -0.025995 -0.028477 0.263 0.235 0.169
0.408629 -0.025791 -0.028382 0.271 0.235 0.153
0.410846 -0.025586 -0.028287 0.298 0.267 0.173
0.413063 -0.025382 -0.028193 0.306 0.275 0.173
0.415279 -0.025178 -0.028098 0.306 0.275 0.173
0.417496 -0.024974 -0.028004 0.322 0.282 0.157
0.419713 -0.024770 -0.027909 0.333 0.286 0.165
0.421930 -0.024566 -0.027815 0.341 0.298 0.165
0.424147 -0.024361 -0.027720 0.345 0.302 0.169
0.426363 -0.024157 -0.027626 0.349 0.306 0.173
0.428580 -0.023953 -0.027531 0.361 0.318 0.176
0.430797 -0.023749 -0.027436 0.369 0.325 0.184
0.433139 -0.024396 -0.026825 0.373 0.329 0.188
0.435353 -0.024192 -0.026731 0.369 0.325 0.184
0.437567 -0.023988 -0.026636 0.376 0.333 0.192
0.439899 -0.024636 -0.026026 0.396 0.353 0.212
0.442110 -0.024432 -0.025932 0.396 0.361 0.216
0.444322 -0.024229 -0.025837 0.404 0.380 0.231
0.446534 -0.024025 -0.025743 0.412 0.388 0.239
0.448745 -0.023821 -0.025648 0.420 0.396 0.247
0.450957 -0.023617 -0.025554 0.420 0.404 0.255
0.453270 -0.024267 -0.024944 0.431 0.416 0.267
0.455480 -0.024064 -0.024850 0.427 0.420 0.275
0.457689 -0.023860 -0.024756 0.431 0.424 0.278
0.459898 -0.023657 -0.024662 0.435 0.427 0.282
0.462107 -0.023453 -0.024567 0.447 0.439 0.294
0.464316 -0.023250 -0.024473 0.451 0.443 0.298
0.466525 -0.023046 -0.024379 0.451 0.443 0.298
0.468734 -0.022843 -0.024285 0.455 0.447 0.302
0.470943 -0.022639 -0.024190 0.459 0.451 0.306
0.473231 -0.023291 -0.023582 0.463 0.455 0.310
0.475437 -0.023088 -0.023488 0.471 0.463 0.318
0.477644 -0.022885 -0.023393 0.471 0.463 0.318
0.479850 -0.022682 -0.023299 0.463 0.455 0.310
0.482125 -0.023335 -0.022691 0.463 0.455 0.310
0.484329 -0.023132 -0.022597 0.459 0.451 0.306
0.486533 -0.022929 -0.022503 0.471 0.463 0.310
0.488737 -0.022726 -0.022409 0.471 0.463 0.310
0.490998 -0.023380 -0.021802 0.471 0.463 0.310
0.493200 -0.023177 -0.021708 0.475 0.463 0.302
0.495454 -0.023832 -0.021100 0.482 0.463 0.294
0.497652 -0.023630 -0.021007 0.490 0.471 0.302
0.499851 -0.023427 -0.020913 0.490 0.471 0.302
0.502050 -0.023225 -0.020819 0.494 0.475 0.306
0.504249 -0.023022 -0.020725 0.490 0.478 0.310
0.506447 -0.022820 -0.020631 0.498 0.494 0.329
0.508683 -0.023477 -0.020025 0.490 0.494 0.337
0.510914 -0.024134 -0.019418 0.498 0.502 0.345
0.513140 -0.024791 -0.018812 0.502 0.506 0.357
0.515360 -0.025449 -0.018206 0.502 0.506 0.357
0.517575 -0.026108 -0.017601 0.510 0.514 0.365
0.519786 -0.026767 -0.016995 0.518 0.518 0.380
0.521991 -0.027427 -0.016390 0.518 0.518 0.380
0.524171 -0.027226 -0.016297 0.518 0.518 0.380
0.526352 -0.027025 -0.016204 0.525 0.518 0.373
0.528533 -0.026824 -0.016111 0.518 0.502 0.353
0.530713 -0.026623 -0.016018 0.518 0.498 0.337
0.532885 -0.025561 -0.016437 0.518 0.498 0.337
0.535069 -0.025360 -0.016343 0.522 0.482 0.322
0.537248 -0.024296 -0.016762 0.522 0.467 0.286
0.539433 -0.023232 -0.017180 0.529 0.459 0.263
0.541623 -0.022168 -0.017597 0.529 0.459 0.263
0.543822 -0.020240 -0.018526 0.529 0.451 0.251
0.546032 -0.018312 -0.019454 0.537 0.443 0.239
0.548252 -0.016382 -0.020382 0.557 0.451 0.243
0.550482 -0.014452 -0.021309 0.561 0.455 0.239
0.552723 -0.012520 -0.022236 0.561 0.455 0.239
0.554974 -0.010588 -0.023162 0.561 0.455 0.239
0.557235 -0.008654 -0.024088 0.553 0.459 0.247
0.559506 -0.006720 -0.025013 0.541 0.447 0.243
0.561813 -0.003920 -0.026449 0.529 0.435 0.231
0.564108 -0.001983 -0.027373 0.498 0.408 0.212
0.566413 -0.000046 -0.028297 0.482 0.396 0.251
0.568761 0.002758 -0.029730 0.471 0.451 0.380
0.413402 -0.027447 -0.029530 0.231 0.212 0.141
0.415616 -0.027243 -0.029435 0.224 0.204 0.133
0.417830 -0.027039 -0.029341 0.271 0.243 0.161
0.420044 -0.026835 -0.029246 0.278 0.235 0.137
0.422259 -0.026631 -0.029152 0.286 0.239 0.133
0.424473 -0.026428 -0.029057 0.298 0.251 0.145
0.426687 -0.026224 -0.028963 0.314 0.267 0.161
0.428901 -0.026020 -0.028868 0.333 0.275 0.157
0.431116 -0.025816 -0.028774 0.341 0.286 0.157
0.433455 -0.026462 -0.028161 0.341 0.286 0.157
0.435666 -0.026258 -0.028067 0.345 0.290 0.161
0.437878 -0.026054 -0.027972 0.349 0.294 0.165
0.440207 -0.026701 -0.027360 0.353 0.298 0.169
0.442416 -0.026497 -0.027265 0.369 0.314 0.176
0.444625 -0.026294 -0.027171 0.380 0.325 0.188
0.446834 -0.026090 -0.027077 0.384 0.329 0.192
0.449043 -0.025887 -0.026983 0.392 0.357 0.212
0.451252 -0.025684 -0.026888 0.392 0.369 0.220
0.453563 -0.026332 -0.026277 0.412 0.388 0.239
0.455769 -0.026129 -0.026182 0.408 0.392 0.243
0.457976 -0.025926 -0.026088 0.412 0.396 0.247
0.460182 -0.025722 -0.025994 0.427 0.412 0.263
0.462389 -0.025519 -0.025900 0.427 0.412 0.263
0.464595 -0.025316 -0.025806 0.427 0.420 0.267
0.466802 -0.025113 -0.025712 0.443 0.435 0.290
0.469008 -0.024910 -0.025618 0.447 0.439 0.294
0.471215 -0.024706 -0.025524 0.447 0.439 0.294
0.473499 -0.025357 -0.024913 0.455 0.447 0.302
0.475703 -0.025154 -0.024819 0.455 0.447 0.302
0.477907 -0.024951 -0.024725 0.455 0.447 0.302
0.480111 -0.024748 -0.024631 0.455 0.447 0.302
0.482383 -0.025400 -0.024021 0.459 0.451 0.306
0.484584 -0.025197 -0.023927 0.459 0.451 0.306
0.486786 -0.024995 -0.023833 0.463 0.455 0.302
0.488987 -0.024792 -0.023739 0.463 0.455 0.302
0.491246 -0.025445 -0.023129 0.471 0.463 0.310
0.493445 -0.025242 -0.023035 0.471 0.463 0.310
0.495696 -0.025896 -0.022426 0.475 0.459 0.310
0.497892 -0.025694 -0.022332 0.463 0.455 0.302
0.500088 -0.025492 -0.022239 0.463 0.455 0.302
0.502284 -0.025290 -0.022145 0.471 0.467 0.302
0.504481 -0.025087 -0.022051 0.471 0.467 0.302
0.506677 -0.024885 -0.021958 0.482 0.475 0.322
0.508910 -0.025540 -0.021349 0.471 0.475 0.318
0.511138 -0.026196 -0.020741 0.475 0.478 0.322
0.513361 -0.026853 -0.020132 0.475 0.478 0.329
0.515578 -0.027510 -0.019525 0.478 0.478 0.341
0.517791 -0.028167 -0.018917 0.494 0.494 0.357
0.519998 -0.028825 -0.018309 0.498 0.498 0.361
0.522179 -0.028624 -0.018216 0.498 0.498 0.361
0.524359 -0.028423 -0.018123 0.506 0.506 0.369
0.526540 -0.028223 -0.018030 0.506 0.506 0.369
0.528721 -0.028022 -0.017937 0.514 0.506 0.361
0.530902 -0.027821 -0.017844 0.514 0.498 0.349
0.533074 -0.026760 -0.018265 0.510 0.494 0.345
0.535257 -0.026559 -0.018172 0.510 0.490 0.329
0.537437 -0.025497 -0.018592 0.510 0.478 0.314
0.539622 -0.024434 -0.019012 0.529 0.482 0.306
0.541812 -0.023371 -0.019432 0.529 0.482 0.306
0.544012 -0.021447 -0.020365 0.518 0.463 0.282
0.546222 -0.019521 -0.021298 0.525 0.463 0.275
0.548433 -0.018456 -0.021717 0.533 0.455 0.255
0.550661 -0.016528 -0.022648 0.537 0.451 0.243
0.552899 -0.014600 -0.023579 0.537 0.451 0.243
0.555148 -0.012671 -0.024510 0.541 0.447 0.235
0.557407 -0.010740 -0.025441 0.529 0.435 0.224
0.559677 -0.008809 -0.026370 0.522 0.427 0.216
0.561956 -0.006877 -0.027300 0.518 0.424 0.212
0.564246 -0.004944 -0.028229 0.498 0.412 0.204
0.566547 -0.003009 -0.029157 0.482 0.400 0.235
0.568890 -0.000210 -0.030597 0.455 0.404 0.310
0.433770 -0.028524 -0.029492 0.286 0.278 0.204
0.435979 -0.028321 -0.029398 0.275 0.267 0.192
0.438188 -0.028117 -0.029304 0.267 0.247 0.169
0.440514 -0.028763 -0.028689 0.259 0.227 0.133
0.442720 -0.028560 -0.028595 0.278 0.247 0.153
0.444927 -0.028357 -0.028501 0.282 0.239 0.141
0.447133 -0.028153 -0.028407 0.298 0.255 0.157
0.449340 -0.027950 -0.028313 0.314 0.267 0.153
0.451546 -0.027747 -0.028218 0.325 0.267 0.149
0.453854 -0.028394 -0.027604 0.341 0.286 0.157
0.456058 -0.028191 -0.027510 0.357 0.302 0.165
0.458262 -0.027988 -0.027416 0.369 0.314 0.176
0.460466 -0.027785 -0.027322 0.376 0.325 0.176
0.462670 -0.027582 -0.027228 0.376 0.337 0.184
0.464874 -0.027379 -0.027134 0.400 0.365 0.220
0.467078 -0.027176 -0.027040 0.412 0.388 0.239
0.469282 -0.026973 -0.026946 0.412 0.388 0.239
0.471486 -0.026770 -0.026852 0.416 0.392 0.243
0.473768 -0.027420 -0.026240 0.420 0.396 0.247
0.475969 -0.027217 -0.026146 0.424 0.408 0.259
0.478170 -0.027014 -0.026052 0.420 0.404 0.255
0.480372 -0.026812 -0.025958 0.424 0.416 0.263
0.482641 -0.027462 -0.025346 0.424 0.416 0.263
0.484839 -0.027260 -0.025252 0.431 0.424 0.271
0.487038 -0.027057 -0.025158 0.443 0.435 0.282
0.489237 -0.026855 -0.025064 0.447 0.439 0.286
0.491493 -0.027507 -0.024452 0.447 0.439 0.286
0.493689 -0.027305 -0.024359 0.459 0.451 0.298
0.495938 -0.027957 -0.023747 0.459 0.451 0.306
0.498131 -0.027755 -0.023654 0.459 0.451 0.306
0.500325 -0.027553 -0.023560 0.459 0.451 0.306
0.502518 -0.027351 -0.023467 0.459 0.451 0.298
0.504712 -0.027149 -0.023373 0.459 0.451 0.298
0.506906 -0.026947 -0.023280 0.475 0.467 0.314
0.509136 -0.027601 -0.022669 0.467 0.471 0.314
0.511361 -0.028256 -0.022058 0.467 0.471 0.314
0.513581 -0.028911 -0.021448 0.471 0.471 0.333
0.515796 -0.029567 -0.020838 0.475 0.475 0.337
0.518006 -0.030223 -0.020228 0.482 0.482 0.345
0.520186 -0.030023 -0.020135 0.490 0.490 0.353
0.522367 -0.029822 -0.020042 0.490 0.490 0.353
0.524548 -0.029621 -0.019949 0.494 0.494 0.357
0.526728 -0.029420 -0.019856 0.498 0.498 0.361
0.528909 -0.029219 -0.019763 0.498 0.502 0.353
0.531090 -0.029018 -0.019670 0.506 0.498 0.353
0.533262 -0.027959 -0.020093 0.502 0.494 0.349
0.535445 -0.027758 -0.020000 0.506 0.490 0.341
0.537625 -0.026697 -0.020423 0.510 0.490 0.329
0.539811 -0.025636 -0.020845 0.522 0.490 0.325
0.542001 -0.024575 -0.021267 0.518 0.486 0.322
0.544201 -0.022653 -0.022204 0.510 0.471 0.302
0.546412 -0.020730 -0.023141 0.518 0.471 0.286
0.548623 -0.019666 -0.023562 0.518 0.459 0.259
0.550852 -0.017742 -0.024498 0.525 0.451 0.239
0.553076 -0.016677 -0.024919 0.529 0.455 0.243
0.555322 -0.014751 -0.025854 0.533 0.447 0.239
0.557579 -0.012824 -0.026789 0.522 0.435 0.220
0.559846 -0.010895 -0.027723 0.514 0.427 0.212
0.562124 -0.008966 -0.028657 0.510 0.424 0.208
0.564412 -0.007036 -0.029590 0.498 0.412 0.204
0.566710 -0.005105 -0.030523 0.478 0.396 0.224
0.569019 -0.003173 -0.031456 0.455 0.396 0.294
0.447433 -0.030213 -0.029732 0.235 0.247 0.165
0.449637 -0.030010 -0.029638 0.251 0.231 0.145
0.451840 -0.029807 -0.029544 0.267 0.235 0.133
0.454145 -0.030453 -0.028928 0.294 0.255 0.145
0.456347 -0.030251 -0.028834 0.314 0.267 0.153
0.458548 -0.030048 -0.028740 0.325 0.278 0.165
0.460749 -0.029845 -0.028646 0.337 0.282 0.153
0.462951 -0.029642 -0.028552 0.286 0.235 0.141
0.465152 -0.029440 -0.028459 0.325 0.267 0.157
0.467353 -0.029237 -0.028365 0.349 0.302 0.180
0.469555 -0.029034 -0.028271 0.357 0.310 0.188
0.471756 -0.028832 -0.028177 0.365 0.329 0.192
0.474035 -0.029480 -0.027562 0.369 0.333 0.188
0.476234 -0.029277 -0.027468 0.373 0.337 0.192
0.478433 -0.029075 -0.027374 0.380 0.345 0.200
0.480632 -0.028872 -0.027281 0.388 0.365 0.216
0.482898 -0.029522 -0.026666 0.400 0.376 0.227
0.485094 -0.029320 -0.026573 0.404 0.380 0.231
0.487290 -0.029117 -0.026479 0.416 0.392 0.243
0.489486 -0.028915 -0.026385 0.416 0.392 0.243
0.491740 -0.029566 -0.025771 0.427 0.404 0.255
0.493933 -0.029364 -0.025678 0.439 0.416 0.267
0.496179 -0.030015 -0.025064 0.431 0.416 0.267
0.498370 -0.029814 -0.024971 0.435 0.420 0.271
0.500561 -0.029612 -0.024877 0.439 0.424 0.275
0.502752 -0.029410 -0.024784 0.443 0.435 0.282
0.504943 -0.029208 -0.024691 0.447 0.439 0.286
0.507134 -0.029006 -0.024597 0.451 0.443 0.290
0.509361 -0.029660 -0.023984 0.447 0.451 0.294
0.511584 -0.030313 -0.023372 0.447 0.451 0.294
0.513801 -0.030967 -0.022760 0.451 0.455 0.306
0.515984 -0.030766 -0.022667 0.451 0.451 0.314
0.518194 -0.031421 -0.022055 0.463 0.463 0.325
0.520374 -0.031220 -0.021962 0.463 0.463 0.325
0.522555 -0.031019 -0.021869 0.467 0.467 0.329
0.524736 -0.030819 -0.021776 0.471 0.471 0.333
0.526916 -0.030618 -0.021683 0.471 0.471 0.333
0.529097 -0.030417 -0.021590 0.478 0.478 0.341
0.531278 -0.030216 -0.021497 0.478 0.478 0.341
0.533450 -0.029158 -0.021922 0.482 0.482 0.345
0.535634 -0.028957 -0.021828 0.482 0.486 0.337
0.537814 -0.027897 -0.022253 0.490 0.482 0.337
0.540000 -0.026838 -0.022678 0.502 0.486 0.345
0.542190 -0.025778 -0.023102 0.502 0.486 0.345
0.544391 -0.023859 -0.024043 0.490 0.478 0.318
0.546602 -0.021939 -0.024984 0.506 0.475 0.310
0.548813 -0.020877 -0.025408 0.498 0.463 0.282
0.551042 -0.018955 -0.026348 0.510 0.455 0.267
0.553266 -0.017892 -0.026771 0.510 0.455 0.267
0.555514 -0.015968 -0.027710 0.522 0.451 0.255
0.557771 -0.014044 -0.028649 0.510 0.431 0.231
0.560039 -0.012118 -0.029588 0.502 0.427 0.216
0.562291 -0.011053 -0.030010 0.498 0.424 0.212
0.564577 -0.009126 -0.030948 0.486 0.408 0.208
0.566873 -0.007198 -0.031885 0.471 0.396 0.220
0.569146 -0.006130 -0.032306 0.455 0.392 0.267
0.465430 -0.031497 -0.029778 0.263 0.235 0.153
0.467629 -0.031295 -0.029685 0.259 0.227 0.133
0.469827 -0.031092 -0.029591 0.302 0.271 0.176
0.472026 -0.030890 -0.029497 0.322 0.290 0.188
0.474303 -0.031537 -0.028880 0.337 0.298 0.180
0.476499 -0.031335 -0.028786 0.345 0.306 0.180
0.478695 -0.031133 -0.028693 0.353 0.314 0.188
0.480891 -0.030930 -0.028599 0.361 0.325 0.188
0.483155 -0.031579 -0.027983 0.373 0.349 0.200
0.485348 -0.031377 -0.027889 0.376 0.353 0.204
0.487542 -0.031175 -0.027796 0.384 0.361 0.212
0.489735 -0.030973 -0.027702 0.392 0.369 0.220
0.491986 -0.031622 -0.027086 0.404 0.380 0.231
0.494177 -0.031420 -0.026993 0.416 0.392 0.243
0.496420 -0.032071 -0.026377 0.416 0.392 0.243
0.498608 -0.031869 -0.026284 0.420 0.404 0.255
0.500797 -0.031668 -0.026190 0.420 0.404 0.255
0.502985 -0.031466 -0.026097 0.431 0.416 0.267
0.505173 -0.031265 -0.026004 0.424 0.416 0.263
0.507362 -0.031063 -0.025910 0.435 0.427 0.275
0.509587 -0.031715 -0.025296 0.443 0.435 0.282
0.511772 -0.031514 -0.025202 0.447 0.439 0.286
0.513989 -0.032166 -0.024588 0.439 0.443 0.294
0.516173 -0.031965 -0.024495 0.443 0.447 0.298
0.518382 -0.032619 -0.023881 0.447 0.451 0.302
0.520563 -0.032418 -0.023788 0.451 0.455 0.306
0.522743 -0.032217 -0.023695 0.455 0.459 0.310
0.524924 -0.032016 -0.023602 0.463 0.467 0.318
0.527105 -0.031815 -0.023509 0.467 0.471 0.322
0.529285 -0.031614 -0.023416 0.467 0.467 0.329
0.531466 -0.031414 -0.023323 0.463 0.463 0.325
0.533639 -0.030357 -0.023750 0.471 0.471 0.333
0.535822 -0.030156 -0.023657 0.475 0.475 0.337
0.538003 -0.029098 -0.024084 0.475 0.475 0.337
0.540188 -0.028040 -0.024510 0.490 0.482 0.337
0.542379 -0.026981 -0.024937 0.486 0.478 0.333
0.544580 -0.025065 -0.025882 0.486 0.478 0.325
0.546792 -0.023147 -0.026828 0.490 0.478 0.318
0.549003 -0.022087 -0.027253 0.494 0.463 0.298
0.551233 -0.020168 -0.028198 0.498 0.463 0.282
0.553457 -0.019106 -0.028623 0.502 0.467 0.286
0.555705 -0.017186 -0.029567 0.482 0.451 0.278
0.557963 -0.015264 -0.030510 0.490 0.443 0.267
0.560208 -0.014200 -0.030934 0.475 0.427 0.251
0.562458 -0.013136 -0.031358 0.467 0.420 0.243
0.564742 -0.011212 -0.032300 0.463 0.408 0.235
0.567036 -0.009287 -0.033242 0.451 0.392 0.231
0.569307 -0.008222 -0.033665 0.447 0.392 0.255
0.481150 -0.032985 -0.029913 0.208 0.204 0.145
0.483411 -0.033633 -0.029295 0.227 0.200 0.133
0.485602 -0.033431 -0.029201 0.251 0.216 0.133
0.487793 -0.033229 -0.029108 0.278 0.251 0.137
0.489984 -0.033027 -0.029014 0.318 0.290 0.176
0.492232 -0.033676 -0.028396 0.361 0.325 0.188
0.494420 -0.033474 -0.028303 0.361 0.325 0.188
0.496660 -0.034123 -0.027686 0.365 0.329 0.184
0.498846 -0.033922 -0.027592 0.373 0.349 0.200
0.501032 -0.033721 -0.027499 0.373 0.349 0.200
0.503218 -0.033519 -0.027406 0.388 0.365 0.216
0.505403 -0.033318 -0.027313 0.388 0.365 0.216
0.507589 -0.033117 -0.027219 0.404 0.380 0.231
0.509811 -0.033767 -0.026603 0.408 0.384 0.235
0.511995 -0.033566 -0.026509 0.412 0.388 0.239
0.514178 -0.033365 -0.026416 0.420 0.396 0.247
0.516361 -0.033164 -0.026323 0.412 0.396 0.247
0.518570 -0.033816 -0.025707 0.420 0.404 0.255
0.520751 -0.033615 -0.025614 0.431 0.416 0.275
0.522931 -0.033415 -0.025521 0.439 0.424 0.282
0.525112 -0.033214 -0.025428 0.443 0.435 0.290
0.527293 -0.033013 -0.025335 0.443 0.435 0.290
0.529474 -0.032812 -0.025242 0.447 0.439 0.294
0.531654 -0.032611 -0.025149 0.447 0.439 0.294
0.533827 -0.031556 -0.025578 0.451 0.443 0.298
0.536006 -0.030500 -0.026007 0.455 0.447 0.302
0.538189 -0.029443 -0.026436 0.459 0.451 0.306
0.540377 -0.028386 -0.026865 0.463 0.455 0.310
0.542571 -0.027329 -0.027293 0.463 0.455 0.310
0.544770 -0.026271 -0.027722 0.463 0.455 0.310
0.546982 -0.024356 -0.028671 0.471 0.463 0.318
0.549194 -0.023297 -0.029099 0.463 0.455 0.302
0.551423 -0.021381 -0.030048 0.475 0.463 0.302
0.553648 -0.020321 -0.030475 0.475 0.463 0.302
0.555896 -0.018403 -0.031423 0.475 0.455 0.294
0.558134 -0.017342 -0.031850 0.478 0.447 0.282
0.560376 -0.016280 -0.032276 0.455 0.424 0.251
0.562624 -0.015217 -0.032702 0.451 0.420 0.247
0.564906 -0.013296 -0.033649 0.451 0.412 0.243
0.567167 -0.012233 -0.034075 0.431 0.392 0.231
0.569433 -0.011169 -0.034500 0.431 0.388 0.247
0.488044 -0.035281 -0.030416 0.173 0.153 0.082
0.490232 -0.035079 -0.030322 0.153 0.133 0.063
0.492420 -0.034877 -0.030229 0.169 0.133 0.051
0.494663 -0.035525 -0.029609 0.282 0.235 0.157
0.496900 -0.036173 -0.028990 0.325 0.286 0.169
0.499083 -0.035972 -0.028896 0.357 0.318 0.192
0.501267 -0.035771 -0.028803 0.369 0.329 0.204
0.503450 -0.035570 -0.028710 0.361 0.337 0.196
0.505633 -0.035369 -0.028617 0.365 0.341 0.192
0.507816 -0.035168 -0.028524 0.373 0.349 0.200
0.510000 -0.034966 -0.028431 0.388 0.365 0.216
0.512183 -0.034765 -0.028338 0.388 0.365 0.216
0.514366 -0.034564 -0.028245 0.400 0.376 0.227
0.516578 -0.035215 -0.027626 0.400 0.376 0.227
0.518758 -0.035014 -0.027533 0.400 0.376 0.227
0.520939 -0.034813 -0.027440 0.388 0.365 0.216
0.523120 -0.034612 -0.027347 0.392 0.369 0.220
0.525300 -0.034411 -0.027254 0.400 0.380 0.220
0.527481 -0.034210 -0.027161 0.408 0.388 0.227
0.529662 -0.034010 -0.027068 0.412 0.392 0.231
0.531842 -0.033809 -0.026975 0.416 0.396 0.235
0.534016 -0.032755 -0.027406 0.420 0.400 0.239
0.536194 -0.031700 -0.027838 0.427 0.408 0.247
0.538378 -0.030645 -0.028269 0.424 0.412 0.251
0.540566 -0.029589 -0.028700 0.431 0.420 0.259
0.542760 -0.028533 -0.029130 0.435 0.424 0.263
0.544959 -0.027477 -0.029561 0.439 0.424 0.275
0.547172 -0.025565 -0.030515 0.439 0.424 0.275
0.549384 -0.024508 -0.030945 0.447 0.431 0.282
0.551614 -0.022594 -0.031898 0.451 0.435 0.286
0.553839 -0.021535 -0.032327 0.447 0.431 0.282
0.556069 -0.020476 -0.032756 0.447 0.431 0.282
0.558304 -0.019416 -0.033185 0.439 0.424 0.275
0.560545 -0.018356 -0.033614 0.439 0.420 0.259
0.562790 -0.017295 -0.034042 0.439 0.420 0.259
0.565070 -0.015377 -0.034993 0.427 0.408 0.247
0.567328 -0.014316 -0.035421 0.420 0.384 0.239
0.569592 -0.013253 -0.035849 0.322 0.278 0.188
0.499320 -0.038019 -0.030196 0.157 0.118 0.071
0.501501 -0.037818 -0.030103 0.169 0.129 0.082
0.503682 -0.037617 -0.030010 0.173 0.122 0.071
0.505862 -0.037416 -0.029917 0.188 0.133 0.075
0.508043 -0.037216 -0.029824 0.169 0.122 0.059
0.510224 -0.037015 -0.029731 0.231 0.188 0.098
0.512404 -0.036814 -0.029638 0.259 0.216 0.125
0.514585 -0.036613 -0.029545 0.349 0.290 0.188
0.516766 -0.036412 -0.029452 0.365 0.318 0.212
0.518946 -0.036211 -0.029359 0.361 0.333 0.212
0.521127 -0.036011 -0.029266 0.365 0.325 0.200
0.523308 -0.035810 -0.029173 0.369 0.329 0.204
0.525489 -0.035609 -0.029080 0.373 0.337 0.192
0.527669 -0.035408 -0.028987 0.392 0.361 0.204
0.529850 -0.035207 -0.028894 0.392 0.361 0.204
0.532031 -0.035006 -0.028801 0.396 0.365 0.208
0.534204 -0.033954 -0.029235 0.408 0.376 0.220
0.536383 -0.032900 -0.029668 0.416 0.384 0.220
0.538567 -0.031847 -0.030101 0.412 0.392 0.224
0.540756 -0.030793 -0.030534 0.408 0.396 0.235
0.542950 -0.029738 -0.030967 0.412 0.400 0.239
0.545149 -0.028683 -0.031400 0.420 0.408 0.247
0.547362 -0.026774 -0.032358 0.420 0.408 0.247
0.549574 -0.025718 -0.032790 0.424 0.408 0.259
0.551791 -0.024661 -0.033222 0.420 0.404 0.255
0.554014 -0.023604 -0.033654 0.424 0.408 0.259
0.556242 -0.022546 -0.034085 0.427 0.412 0.263
0.558474 -0.021488 -0.034516 0.424 0.408 0.259
0.560712 -0.020430 -0.034947 0.431 0.408 0.259
0.562956 -0.019371 -0.035378 0.431 0.408 0.259
0.565233 -0.017456 -0.036333 0.408 0.376 0.220
0.567489 -0.016395 -0.036763 0.302 0.263 0.145
0.569750 -0.015335 -0.037193 0.278 0.247 0.192
0.519160 -0.038258 -0.030656 0.235 0.204 0.149
0.521338 -0.038057 -0.030563 0.227 0.180 0.118
0.523516 -0.037857 -0.030470 0.224 0.176 0.114
0.525694 -0.037656 -0.030377 0.224 0.169 0.094
0.527872 -0.037455 -0.030284 0.227 0.161 0.098
0.530038 -0.036405 -0.030720 0.231 0.165 0.102
0.532219 -0.036204 -0.030627 0.239 0.173 0.110
0.534393 -0.035153 -0.031063 0.251 0.188 0.106
0.536571 -0.034101 -0.031499 0.231 0.173 0.071
0.538755 -0.033049 -0.031934 0.239 0.173 0.075
0.540945 -0.031996 -0.032369 0.243 0.176 0.078
0.543139 -0.030943 -0.032804 0.267 0.200 0.102
0.545339 -0.029889 -0.033239 0.294 0.235 0.133
0.547552 -0.027983 -0.034202 0.318 0.259 0.149
0.549764 -0.026928 -0.034636 0.365 0.306 0.196
0.551968 -0.026725 -0.034542 0.349 0.302 0.188
0.554188 -0.025670 -0.034976 0.373 0.325 0.212
0.556414 -0.024614 -0.035409 0.361 0.314 0.200
0.558644 -0.023557 -0.035843 0.333 0.286 0.173
0.560880 -0.022500 -0.036276 0.314 0.255 0.145
0.563121 -0.021443 -0.036709 0.294 0.235 0.125
0.565396 -0.019531 -0.037669 0.278 0.227 0.133
0.530238 -0.038451 -0.032015 0.235 0.180 0.122
0.532407 -0.037402 -0.032453 0.243 0.188 0.129
0.534581 -0.036352 -0.032891 0.243 0.188 0.122
0.536760 -0.035301 -0.033329 0.231 0.176 0.102
0.538944 -0.034251 -0.033767 0.243 0.173 0.094
0.541134 -0.033199 -0.034204 0.243 0.173 0.094
0.543328 -0.032148 -0.034641 0.247 0.176 0.098
0.545528 -0.031095 -0.035078 0.239 0.169 0.090
0.547733 -0.030043 -0.035515 0.255 0.184 0.106
0.549943 -0.028989 -0.035951 0.243 0.176 0.106
0.552144 -0.028787 -0.035857 0.235 0.169 0.098
0.554362 -0.027733 -0.036293 0.231 0.165 0.094
0.556585 -0.026678 -0.036729 0.235 0.169 0.098
0.558813 -0.025624 -0.037165 0.251 0.184 0.122
0.561047 -0.024568 -0.037600 0.243 0.188 0.129
0.563285 -0.023512 -0.038036 0.247 0.192 0.133
