# X Y Z R G B (Robot Frame Coordinates in meters)
-0.039834 0.781604 -0.073177 0.537 0.557 0.502
-0.026063 0.787788 -0.071323 0.553 0.573 0.518
-0.026929 0.798329 -0.073575 0.541 0.561 0.506
-0.020172 0.796981 -0.071809 0.525 0.545 0.490
-0.012921 0.813370 -0.073399 0.561 0.580 0.525
0.455736 -0.017605 0.187624 0.498 0.529 0.478
0.457034 -0.014781 0.187355 0.502 0.522 0.467
0.470234 -0.010620 0.189515 0.510 0.529 0.475
0.473191 -0.010305 0.190121 0.522 0.541 0.486
0.476692 -0.010836 0.191020 0.529 0.549 0.494
0.479633 -0.010539 0.191626 0.541 0.561 0.506
0.482019 -0.009407 0.191941 0.541 0.561 0.506
0.484947 -0.009123 0.192547 0.541 0.561 0.506
0.487869 -0.008846 0.193154 0.518 0.549 0.490
0.491868 -0.010273 0.194343 0.518 0.549 0.490
0.493691 -0.008316 0.194366 0.525 0.557 0.498
0.497669 -0.009765 0.195555 0.545 0.576 0.518
0.497873 -0.005255 0.194703 0.569 0.588 0.533
0.437622 -0.014627 0.180083 0.471 0.525 0.490
0.440656 -0.014225 0.180695 0.478 0.537 0.482
0.443684 -0.013831 0.181307 0.467 0.518 0.459
0.446704 -0.013445 0.181919 0.471 0.502 0.451
0.449718 -0.013066 0.182531 0.478 0.510 0.459
0.452724 -0.012695 0.183143 0.486 0.518 0.467
0.455723 -0.012331 0.183755 0.478 0.510 0.459
0.458716 -0.011975 0.184367 0.478 0.510 0.451
0.461142 -0.010799 0.184684 0.475 0.506 0.447
0.464679 -0.011286 0.185590 0.478 0.510 0.451
0.467650 -0.010953 0.186202 0.486 0.506 0.451
0.471168 -0.011461 0.187107 0.482 0.502 0.447
0.474123 -0.011145 0.187718 0.486 0.506 0.451
0.477071 -0.010836 0.188330 0.502 0.522 0.467
0.480012 -0.010535 0.188941 0.506 0.525 0.471
0.482945 -0.010242 0.189552 0.514 0.533 0.478
0.485327 -0.009113 0.189869 0.522 0.541 0.486
0.488249 -0.008833 0.190480 0.514 0.545 0.486
0.490622 -0.007713 0.190797 0.518 0.549 0.490
0.492451 -0.005749 0.190820 0.522 0.553 0.494
0.493743 -0.002933 0.190549 0.533 0.565 0.506
0.496111 -0.001819 0.190866 0.549 0.569 0.514
0.496337 0.002709 0.190007 0.561 0.569 0.518
0.498705 0.003823 0.190324 0.557 0.565 0.514
0.499476 0.007508 0.189759 0.541 0.549 0.498
0.501842 0.008620 0.190076 0.537 0.545 0.494
0.438576 -0.015487 0.177622 0.459 0.506 0.475
0.441609 -0.015084 0.178239 0.475 0.522 0.482
0.444635 -0.014688 0.178856 0.467 0.518 0.459
0.447653 -0.014300 0.179473 0.471 0.502 0.451
0.450665 -0.013920 0.180089 0.475 0.506 0.455
0.453669 -0.013547 0.180706 0.478 0.510 0.459
0.456667 -0.013182 0.181322 0.478 0.510 0.459
0.459657 -0.012824 0.181939 0.478 0.510 0.459
0.462641 -0.012474 0.182555 0.478 0.510 0.451
0.465617 -0.012132 0.183171 0.475 0.506 0.447
0.468586 -0.011797 0.183787 0.482 0.502 0.447
0.471548 -0.011470 0.184403 0.478 0.498 0.443
0.475055 -0.011985 0.185316 0.486 0.506 0.451
0.477451 -0.010838 0.185635 0.494 0.514 0.459
0.480392 -0.010533 0.186251 0.498 0.518 0.463
0.483326 -0.010236 0.186867 0.506 0.525 0.471
0.485709 -0.009105 0.187186 0.510 0.529 0.475
0.488630 -0.008821 0.187801 0.514 0.533 0.478
0.491004 -0.007699 0.188121 0.525 0.545 0.490
0.492297 -0.004884 0.187847 0.525 0.545 0.490
0.494130 -0.002916 0.187870 0.533 0.553 0.498
0.495428 -0.000096 0.187597 0.529 0.549 0.494
0.496196 0.003582 0.187028 0.545 0.553 0.502
0.497503 0.006412 0.186755 0.545 0.553 0.502
0.498283 0.010103 0.186186 0.529 0.537 0.486
0.499070 0.013802 0.185617 0.518 0.525 0.475
0.500918 0.015786 0.185640 0.514 0.522 0.471
0.436492 -0.016759 0.174540 0.424 0.475 0.455
0.439530 -0.016347 0.175162 0.447 0.494 0.463
0.442561 -0.015942 0.175783 0.451 0.498 0.459
0.445585 -0.015545 0.176405 0.463 0.514 0.463
0.448602 -0.015155 0.177026 0.463 0.514 0.463
0.451612 -0.014773 0.177647 0.467 0.518 0.467
0.454615 -0.014399 0.178268 0.475 0.525 0.467
0.457611 -0.014032 0.178889 0.475 0.514 0.459
0.460599 -0.013673 0.179511 0.475 0.514 0.459
0.463581 -0.013321 0.180131 0.475 0.514 0.459
0.466555 -0.012977 0.180752 0.475 0.514 0.459
0.469523 -0.012641 0.181373 0.486 0.525 0.471
0.473035 -0.013144 0.182292 0.490 0.529 0.467
0.475436 -0.011991 0.182614 0.482 0.522 0.459
0.478383 -0.011677 0.183234 0.482 0.522 0.459
0.481322 -0.011371 0.183855 0.482 0.522 0.459
0.483709 -0.010233 0.184177 0.486 0.525 0.463
0.486635 -0.009940 0.184797 0.490 0.522 0.463
0.489014 -0.008811 0.185118 0.494 0.525 0.467
0.490849 -0.006841 0.185141 0.494 0.525 0.467
0.492684 -0.004871 0.185164 0.498 0.529 0.471
0.493982 -0.002051 0.184889 0.498 0.529 0.471
0.495819 -0.000079 0.184912 0.510 0.529 0.475
0.496058 0.004452 0.184040 0.514 0.533 0.478
0.497369 0.007285 0.183765 0.506 0.525 0.471
0.498684 0.010122 0.183489 0.506 0.525 0.471
0.499475 0.013821 0.182916 0.506 0.525 0.471
0.500273 0.017527 0.182342 0.502 0.522 0.467
0.500030 0.022967 0.181172 0.498 0.518 0.463
0.500846 0.026692 0.180599 0.498 0.518 0.463
0.501148 0.031292 0.179728 0.494 0.514 0.459
0.501980 0.035034 0.179155 0.506 0.525 0.471
0.502819 0.038785 0.178582 0.510 0.529 0.475
0.504179 0.041671 0.178307 0.502 0.522 0.467
0.505544 0.044560 0.178032 0.482 0.502 0.447
0.505888 0.049206 0.177162 0.502 0.514 0.451
0.437448 -0.017621 0.172075 0.420 0.463 0.447
0.440485 -0.017207 0.172701 0.439 0.486 0.455
0.442945 -0.015988 0.173026 0.447 0.494 0.455
0.445969 -0.015588 0.173652 0.455 0.502 0.463
0.449551 -0.016011 0.174579 0.463 0.514 0.463
0.452559 -0.015627 0.175205 0.467 0.518 0.467
0.455560 -0.015251 0.175831 0.475 0.525 0.475
0.459114 -0.015704 0.176758 0.482 0.522 0.467
0.462099 -0.015345 0.177383 0.482 0.522 0.467
0.465077 -0.014994 0.178009 0.482 0.522 0.467
0.468048 -0.014650 0.178634 0.486 0.525 0.471
0.471012 -0.014314 0.179259 0.486 0.525 0.471
0.473969 -0.013986 0.179885 0.486 0.537 0.478
0.476369 -0.012831 0.180209 0.482 0.533 0.467
0.479314 -0.012516 0.180834 0.490 0.529 0.467
0.482251 -0.012208 0.181459 0.486 0.525 0.463
0.484637 -0.011069 0.181783 0.486 0.525 0.463
0.487020 -0.009934 0.182107 0.486 0.518 0.459
0.489399 -0.008803 0.182431 0.490 0.522 0.463
0.491236 -0.006831 0.182454 0.494 0.525 0.467
0.493072 -0.004858 0.182477 0.486 0.518 0.459
0.494374 -0.002038 0.182199 0.486 0.518 0.459
0.495679 0.000787 0.181921 0.494 0.514 0.459
0.496456 0.004467 0.181343 0.494 0.514 0.459
0.497769 0.007301 0.181066 0.498 0.518 0.463
0.498559 0.010994 0.180487 0.506 0.525 0.471
0.499355 0.014696 0.179909 0.506 0.525 0.471
0.500158 0.018405 0.179331 0.506 0.525 0.471
0.500446 0.022983 0.178453 0.506 0.525 0.471
0.501265 0.026709 0.177875 0.510 0.529 0.475
0.502091 0.030442 0.177297 0.522 0.541 0.486
0.502925 0.034183 0.176720 0.522 0.541 0.486
0.503765 0.037932 0.176142 0.541 0.565 0.498
0.504612 0.041688 0.175565 0.600 0.624 0.557
0.505979 0.044579 0.175288 0.698 0.722 0.655
0.507350 0.047474 0.175011 0.588 0.600 0.529
0.509232 0.049495 0.175035 0.502 0.522 0.475
0.510101 0.053274 0.174457 0.475 0.494 0.455
0.437833 -0.017675 0.169307 0.404 0.447 0.431
0.440869 -0.017257 0.169938 0.439 0.486 0.455
0.443898 -0.016847 0.170568 0.447 0.482 0.447
0.446921 -0.016445 0.171199 0.447 0.494 0.455
0.449936 -0.016050 0.171829 0.447 0.502 0.459
0.453506 -0.016481 0.172763 0.447 0.502 0.459
0.457067 -0.016922 0.173697 0.455 0.510 0.467
0.460057 -0.016554 0.174327 0.463 0.518 0.475
0.463598 -0.017016 0.175261 0.478 0.537 0.482
0.466572 -0.016665 0.175891 0.486 0.545 0.490
0.469539 -0.016322 0.176521 0.490 0.549 0.494
0.471948 -0.015157 0.176847 0.486 0.545 0.490
0.474903 -0.014827 0.177477 0.486 0.545 0.482
0.477302 -0.013672 0.177804 0.486 0.537 0.478
0.480245 -0.013355 0.178433 0.482 0.533 0.475
0.483180 -0.013046 0.179063 0.482 0.533 0.475
0.485566 -0.011906 0.179389 0.482 0.533 0.475
0.487947 -0.010770 0.179715 0.482 0.533 0.475
0.489786 -0.008796 0.179738 0.482 0.522 0.467
0.491624 -0.006822 0.179762 0.490 0.529 0.475
0.493463 -0.004848 0.179785 0.490 0.522 0.463
0.494767 -0.002026 0.179505 0.490 0.522 0.463
0.496075 0.000799 0.179225 0.494 0.514 0.459
0.496855 0.004480 0.178642 0.498 0.518 0.463
0.497642 0.008168 0.178059 0.498 0.518 0.463
0.498437 0.011864 0.177476 0.506 0.525 0.471
0.499764 0.014711 0.177197 0.502 0.522 0.467
0.500571 0.018420 0.176614 0.506 0.525 0.471
0.500863 0.022997 0.175729 0.522 0.541 0.486
0.501686 0.026723 0.175146 0.514 0.533 0.478
0.503034 0.029593 0.174867 0.522 0.541 0.486
0.503869 0.033332 0.174285 0.522 0.541 0.486
0.504711 0.037079 0.173702 0.522 0.545 0.478
0.505560 0.040834 0.173120 0.514 0.537 0.471
0.506928 0.043724 0.172841 0.490 0.525 0.455
0.508300 0.046618 0.172562 0.486 0.510 0.443
0.509674 0.049515 0.172283 0.463 0.494 0.451
0.511559 0.051539 0.172307 0.447 0.478 0.435
0.511930 0.056202 0.171422 0.439 0.471 0.427
0.438790 -0.018537 0.166839 0.424 0.467 0.451
0.441824 -0.018118 0.167475 0.447 0.494 0.463
0.444852 -0.017707 0.168110 0.439 0.486 0.447
0.447872 -0.017303 0.168745 0.447 0.494 0.455
0.451449 -0.017721 0.169686 0.451 0.498 0.459
0.454454 -0.017334 0.170321 0.451 0.498 0.459
0.458011 -0.017773 0.171262 0.447 0.502 0.459
0.461558 -0.018224 0.172203 0.447 0.502 0.459
0.464538 -0.017863 0.172837 0.459 0.514 0.471
0.466955 -0.016687 0.173166 0.471 0.525 0.482
0.469923 -0.016340 0.173801 0.475 0.529 0.486
0.472883 -0.016000 0.174435 0.475 0.529 0.486
0.475836 -0.015668 0.175070 0.486 0.541 0.498
0.478783 -0.015344 0.175704 0.486 0.545 0.490
0.481176 -0.014194 0.176033 0.490 0.549 0.494
0.484110 -0.013883 0.176667 0.490 0.549 0.494
0.485952 -0.011905 0.176690 0.498 0.557 0.494
0.488334 -0.010767 0.177019 0.506 0.565 0.502
0.490175 -0.008791 0.177042 0.482 0.541 0.486
0.492015 -0.006815 0.177065 0.482 0.541 0.486
0.493855 -0.004839 0.177088 0.490 0.529 0.475
0.495162 -0.002016 0.176806 0.498 0.529 0.471
0.495940 0.001659 0.176218 0.498 0.529 0.471
0.497256 0.004492 0.175936 0.498 0.529 0.471
0.498047 0.008180 0.175349 0.502 0.533 0.475
0.498845 0.011876 0.174761 0.498 0.529 0.471
0.500175 0.014724 0.174479 0.498 0.518 0.463
0.500985 0.018433 0.173892 0.498 0.518 0.463
0.501803 0.022150 0.173305 0.506 0.525 0.471
0.502627 0.025875 0.172718 0.506 0.525 0.471
0.503459 0.029607 0.172131 0.486 0.518 0.459
0.504298 0.033347 0.171544 0.475 0.506 0.447
0.505657 0.036227 0.171263 0.463 0.494 0.435
0.506508 0.039980 0.170676 0.451 0.482 0.424
0.507877 0.042869 0.170395 0.431 0.471 0.416
0.509249 0.045762 0.170113 0.431 0.471 0.416
0.510625 0.048659 0.169832 0.431 0.471 0.416
0.512004 0.051559 0.169550 0.431 0.471 0.424
0.513891 0.053585 0.169574 0.427 0.467 0.420
0.436135 -0.019024 0.163424 0.482 0.525 0.510
0.439747 -0.019400 0.164372 0.424 0.467 0.451
0.442211 -0.018171 0.164704 0.447 0.494 0.463
0.445805 -0.018566 0.165652 0.439 0.486 0.455
0.448824 -0.018160 0.166292 0.447 0.494 0.463
0.452398 -0.018576 0.167240 0.451 0.498 0.459
0.455401 -0.018188 0.167879 0.451 0.498 0.459
0.458955 -0.018624 0.168827 0.447 0.502 0.459
0.461942 -0.018253 0.169466 0.451 0.506 0.463
0.465478 -0.018710 0.170414 0.463 0.518 0.475
0.468448 -0.018356 0.171053 0.463 0.518 0.475
0.471412 -0.018009 0.171692 0.463 0.518 0.475
0.474369 -0.017670 0.172331 0.463 0.518 0.475
0.476770 -0.016510 0.172662 0.471 0.525 0.482
0.479715 -0.016184 0.173301 0.478 0.533 0.490
0.482107 -0.015033 0.173632 0.475 0.529 0.486
0.484496 -0.013886 0.173963 0.482 0.537 0.494
0.486881 -0.012743 0.174294 0.482 0.537 0.494
0.488723 -0.010765 0.174317 0.486 0.541 0.498
0.490565 -0.008787 0.174340 0.478 0.533 0.490
0.492407 -0.006809 0.174363 0.478 0.533 0.490
0.493715 -0.003987 0.174079 0.482 0.533 0.482
0.495026 -0.001161 0.173794 0.494 0.533 0.478
0.496341 0.001668 0.173510 0.498 0.529 0.471
0.497130 0.005351 0.172918 0.498 0.529 0.471
0.498453 0.008190 0.172633 0.498 0.529 0.471
0.499255 0.011887 0.172042 0.494 0.525 0.467
0.500588 0.014735 0.171757 0.486 0.518 0.459
0.501401 0.018445 0.171166 0.478 0.510 0.451
0.502223 0.022162 0.170574 0.478 0.510 0.451
0.503569 0.025026 0.170290 0.475 0.506 0.447
0.504402 0.028757 0.169698 0.463 0.494 0.443
0.505243 0.032495 0.169107 0.451 0.482 0.431
0.506604 0.035374 0.168823 0.439 0.471 0.420
0.507457 0.039125 0.168232 0.435 0.467 0.416
0.508826 0.042014 0.167948 0.431 0.471 0.416
0.510199 0.044906 0.167664 0.427 0.467 0.420
0.511576 0.047802 0.167381 0.431 0.471 0.424
0.512956 0.050702 0.167097 0.435 0.475 0.427
0.514340 0.053605 0.166813 0.443 0.482 0.435
0.440135 -0.019457 0.161594 0.439 0.482 0.467
0.443735 -0.019840 0.162550 0.443 0.498 0.463
0.446759 -0.019425 0.163194 0.439 0.486 0.455
0.450339 -0.019829 0.164149 0.443 0.498 0.463
0.453347 -0.019431 0.164793 0.447 0.502 0.467
0.456348 -0.019041 0.165437 0.451 0.506 0.471
0.459900 -0.019475 0.166392 0.455 0.510 0.467
0.463441 -0.019921 0.167346 0.455 0.510 0.467
0.466418 -0.019558 0.167990 0.471 0.525 0.482
0.469387 -0.019202 0.168634 0.475 0.529 0.486
0.472349 -0.018853 0.169278 0.471 0.525 0.482
0.475304 -0.018513 0.169921 0.471 0.525 0.482
0.478252 -0.018180 0.170565 0.475 0.529 0.486
0.480647 -0.017024 0.170898 0.471 0.525 0.482
0.483038 -0.015872 0.171232 0.471 0.525 0.482
0.485426 -0.014724 0.171565 0.463 0.518 0.475
0.487270 -0.012745 0.171588 0.463 0.518 0.475
0.489113 -0.010765 0.171611 0.463 0.518 0.475
0.490957 -0.008785 0.171634 0.455 0.510 0.467
0.492266 -0.005964 0.171347 0.451 0.506 0.463
0.494112 -0.003982 0.171371 0.455 0.510 0.467
0.495425 -0.001155 0.171084 0.463 0.514 0.463
0.496743 0.001675 0.170797 0.463 0.514 0.463
0.497536 0.005359 0.170200 0.459 0.510 0.459
0.498862 0.008199 0.169914 0.463 0.514 0.463
0.499667 0.011896 0.169317 0.455 0.506 0.455
0.501002 0.014745 0.169031 0.455 0.494 0.447
0.501820 0.018455 0.168434 0.455 0.494 0.447
0.503163 0.021314 0.168148 0.455 0.494 0.447
0.504511 0.024177 0.167862 0.447 0.486 0.439
0.505346 0.027906 0.167266 0.439 0.478 0.431
0.506188 0.031643 0.166670 0.435 0.475 0.427
0.507550 0.034521 0.166383 0.427 0.467 0.420
0.508405 0.038271 0.165788 0.431 0.471 0.424
0.509775 0.041158 0.165501 0.427 0.467 0.420
0.511149 0.044050 0.165215 0.431 0.471 0.424
0.512526 0.046945 0.164929 0.431 0.471 0.424
0.513908 0.049844 0.164643 0.439 0.478 0.431
0.515292 0.052747 0.164358 0.447 0.486 0.439
0.441093 -0.020320 0.159125 0.443 0.498 0.463
0.444690 -0.020700 0.160087 0.443 0.494 0.475
0.447712 -0.020284 0.160736 0.435 0.490 0.455
0.450727 -0.019875 0.161385 0.443 0.498 0.463
0.454296 -0.020286 0.162347 0.447 0.502 0.467
0.457854 -0.020709 0.163308 0.451 0.506 0.471
0.460844 -0.020327 0.163957 0.455 0.510 0.475
0.464383 -0.020770 0.164918 0.459 0.514 0.478
0.467358 -0.020405 0.165567 0.471 0.525 0.482
0.470325 -0.020047 0.166215 0.475 0.529 0.486
0.472735 -0.018874 0.166551 0.475 0.529 0.486
0.475690 -0.018530 0.167199 0.475 0.529 0.486
0.478638 -0.018193 0.167847 0.475 0.529 0.486
0.481034 -0.017035 0.168183 0.475 0.529 0.486
0.483426 -0.015880 0.168519 0.475 0.529 0.486
0.485273 -0.013897 0.168542 0.471 0.525 0.482
0.487660 -0.012748 0.168877 0.463 0.518 0.475
0.489506 -0.010766 0.168900 0.463 0.518 0.475
0.491351 -0.008785 0.168924 0.459 0.514 0.471
0.492663 -0.005962 0.168634 0.455 0.510 0.467
0.493977 -0.003136 0.168345 0.459 0.514 0.471
0.495296 -0.000307 0.168056 0.459 0.514 0.471
0.496618 0.002527 0.167767 0.459 0.518 0.463
0.497943 0.005365 0.167478 0.455 0.514 0.459
0.499272 0.008206 0.167189 0.455 0.514 0.459
0.500081 0.011903 0.166588 0.455 0.506 0.455
0.501418 0.014754 0.166300 0.447 0.498 0.447
0.502760 0.017608 0.166011 0.447 0.498 0.447
0.504104 0.020466 0.165722 0.447 0.498 0.447
0.505453 0.023329 0.165433 0.439 0.490 0.439
0.506290 0.027056 0.164833 0.435 0.486 0.435
0.507134 0.030791 0.164232 0.431 0.482 0.431
0.508496 0.033668 0.163944 0.424 0.475 0.424
0.509353 0.037417 0.163343 0.424 0.475 0.424
0.510724 0.040303 0.163055 0.424 0.475 0.424
0.511593 0.044065 0.162455 0.420 0.471 0.420
0.512973 0.046961 0.162166 0.427 0.478 0.427
0.514357 0.049861 0.161878 0.443 0.482 0.435
0.515243 0.053642 0.161278 0.459 0.498 0.451
0.442051 -0.021183 0.156655 0.447 0.502 0.467
0.445080 -0.020756 0.157309 0.447 0.498 0.478
0.448665 -0.021143 0.158278 0.447 0.498 0.478
0.451679 -0.020733 0.158932 0.443 0.494 0.475
0.455245 -0.021142 0.159900 0.447 0.498 0.478
0.458800 -0.021561 0.160868 0.451 0.506 0.471
0.461789 -0.021178 0.161522 0.455 0.510 0.475
0.464770 -0.020802 0.162175 0.459 0.514 0.478
0.468298 -0.021252 0.163143 0.471 0.525 0.490
0.470712 -0.020072 0.163481 0.471 0.525 0.490
0.473672 -0.019719 0.164134 0.471 0.525 0.482
0.476625 -0.019373 0.164787 0.475 0.529 0.486
0.479026 -0.018208 0.165125 0.475 0.529 0.486
0.481422 -0.017047 0.165463 0.475 0.529 0.486
0.483816 -0.015890 0.165801 0.475 0.529 0.486
0.486205 -0.014737 0.166139 0.475 0.529 0.486
0.488053 -0.012753 0.166162 0.475 0.529 0.486
0.489900 -0.010769 0.166185 0.471 0.525 0.482
0.491747 -0.008786 0.166208 0.459 0.514 0.471
0.493061 -0.005963 0.165917 0.455 0.510 0.467
0.494910 -0.003977 0.165940 0.459 0.514 0.471
0.496229 -0.001148 0.165649 0.459 0.514 0.471
0.497552 0.001685 0.165358 0.459 0.518 0.463
0.498352 0.005369 0.164752 0.455 0.514 0.459
0.499684 0.008211 0.164461 0.455 0.514 0.459
0.501019 0.011057 0.164169 0.447 0.506 0.451
0.502357 0.013907 0.163878 0.443 0.502 0.447
0.503700 0.016761 0.163587 0.443 0.502 0.447
0.505045 0.019619 0.163296 0.447 0.506 0.451
0.505879 0.023339 0.162691 0.443 0.502 0.447
0.507233 0.026206 0.162400 0.427 0.486 0.431
0.508079 0.029939 0.161795 0.427 0.486 0.431
0.508932 0.033680 0.161190 0.420 0.478 0.424
0.510301 0.036562 0.160899 0.420 0.478 0.424
0.511166 0.040316 0.160294 0.420 0.471 0.420
0.512038 0.044078 0.159689 0.424 0.475 0.424
0.513421 0.046976 0.159399 0.427 0.478 0.427
0.514808 0.049877 0.159108 0.435 0.486 0.435
0.516197 0.052782 0.158818 0.451 0.502 0.451
0.443008 -0.022046 0.154186 0.447 0.502 0.467
0.446036 -0.021617 0.154844 0.447 0.498 0.478
0.449056 -0.021196 0.155503 0.451 0.502 0.482
0.452630 -0.021591 0.156478 0.447 0.506 0.486
0.456194 -0.021997 0.157453 0.451 0.510 0.490
0.459189 -0.021602 0.158111 0.455 0.514 0.494
0.462733 -0.022029 0.159087 0.451 0.514 0.478
0.465713 -0.021651 0.159744 0.451 0.514 0.478
0.468686 -0.021281 0.160402 0.455 0.518 0.482
0.471651 -0.020918 0.161060 0.455 0.518 0.482
0.474610 -0.020563 0.161717 0.463 0.525 0.490
0.477014 -0.019392 0.162058 0.463 0.525 0.482
0.479960 -0.019050 0.162715 0.467 0.529 0.486
0.482356 -0.017889 0.163056 0.467 0.529 0.486
0.484749 -0.016731 0.163396 0.463 0.525 0.482
0.486598 -0.014745 0.163419 0.463 0.525 0.482
0.488985 -0.013593 0.163759 0.463 0.525 0.482
0.490832 -0.011609 0.163782 0.455 0.518 0.475
0.492679 -0.009626 0.163806 0.451 0.514 0.471
0.493994 -0.006803 0.163512 0.451 0.514 0.471
0.495312 -0.003977 0.163218 0.451 0.514 0.471
0.496634 -0.001147 0.162925 0.455 0.510 0.467
0.497960 0.001687 0.162631 0.455 0.510 0.467
0.499289 0.004525 0.162337 0.455 0.510 0.467
0.500097 0.008215 0.161727 0.455 0.510 0.467
0.501435 0.011062 0.161434 0.447 0.502 0.459
0.502776 0.013913 0.161140 0.443 0.498 0.455
0.504121 0.016768 0.160847 0.443 0.498 0.455
0.505470 0.019627 0.160554 0.443 0.498 0.455
0.506821 0.022489 0.160260 0.435 0.494 0.439
0.507664 0.026215 0.159651 0.427 0.486 0.431
0.509024 0.029087 0.159357 0.424 0.482 0.427
0.509879 0.032826 0.158748 0.416 0.475 0.420
0.510741 0.036573 0.158138 0.416 0.475 0.420
0.511610 0.040328 0.157529 0.416 0.475 0.420
0.512486 0.044090 0.156919 0.416 0.475 0.420
0.513871 0.046988 0.156626 0.427 0.486 0.431
0.515260 0.049891 0.156334 0.439 0.490 0.439
0.516653 0.052797 0.156041 0.455 0.506 0.455
0.443966 -0.022910 0.151716 0.451 0.498 0.467
0.446992 -0.022479 0.152379 0.451 0.506 0.471
0.450010 -0.022056 0.153042 0.443 0.502 0.482
0.453582 -0.022448 0.154025 0.447 0.506 0.486
0.456584 -0.022042 0.154687 0.451 0.510 0.490
0.460136 -0.022455 0.155670 0.455 0.514 0.494
0.463678 -0.022880 0.156652 0.463 0.522 0.502
0.466656 -0.022501 0.157314 0.463 0.525 0.490
0.469075 -0.021312 0.157657 0.463 0.525 0.490
0.472041 -0.020945 0.158319 0.463 0.525 0.490
0.474999 -0.020587 0.158981 0.463 0.525 0.490
0.477951 -0.020236 0.159643 0.463 0.525 0.490
0.480351 -0.019068 0.159986 0.463 0.525 0.482
0.482748 -0.017903 0.160329 0.463 0.525 0.482
0.485141 -0.016743 0.160671 0.463 0.525 0.482
0.486992 -0.014755 0.160695 0.463 0.525 0.482
0.488843 -0.012768 0.160718 0.455 0.518 0.475
0.490693 -0.010781 0.160741 0.455 0.518 0.475
0.492544 -0.008793 0.160764 0.451 0.514 0.471
0.494395 -0.006806 0.160787 0.451 0.514 0.471
0.495716 -0.003978 0.160491 0.455 0.510 0.467
0.497041 -0.001147 0.160196 0.455 0.510 0.467
0.498369 0.001688 0.159900 0.455 0.510 0.467
0.499700 0.004527 0.159604 0.451 0.506 0.463
0.501035 0.007369 0.159308 0.455 0.510 0.467
0.501853 0.011065 0.158693 0.447 0.502 0.459
0.503197 0.013918 0.158398 0.443 0.498 0.455
0.504545 0.016773 0.158102 0.443 0.498 0.455
0.505896 0.019633 0.157807 0.443 0.498 0.455
0.507250 0.022497 0.157511 0.435 0.494 0.439
0.508608 0.025364 0.157216 0.427 0.486 0.431
0.509459 0.029096 0.156601 0.420 0.478 0.424
0.510318 0.032836 0.155987 0.416 0.475 0.420
0.511183 0.036583 0.155373 0.408 0.467 0.412
0.512055 0.040338 0.154759 0.416 0.475 0.420
0.512935 0.044100 0.154145 0.420 0.478 0.424
0.514323 0.047000 0.153849 0.431 0.490 0.435
0.515715 0.049903 0.153554 0.439 0.486 0.447
0.517110 0.052810 0.153259 0.455 0.502 0.463
0.441893 -0.024212 0.148579 0.412 0.439 0.408
0.444924 -0.023773 0.149247 0.502 0.486 0.451
0.447948 -0.023340 0.149914 0.455 0.506 0.455
0.450965 -0.022916 0.150582 0.443 0.506 0.463
0.453974 -0.022499 0.151249 0.451 0.514 0.478
0.457534 -0.022898 0.152238 0.451 0.514 0.478
0.461084 -0.023309 0.153228 0.455 0.518 0.482
0.464069 -0.022918 0.153895 0.463 0.525 0.490
0.467046 -0.022535 0.154562 0.463 0.525 0.490
0.470017 -0.022160 0.155229 0.467 0.529 0.494
0.472432 -0.020974 0.155574 0.471 0.533 0.498
0.475391 -0.020612 0.156241 0.471 0.533 0.498
0.477797 -0.019435 0.156586 0.475 0.537 0.502
0.480743 -0.019087 0.157252 0.475 0.537 0.502
0.483141 -0.017920 0.157597 0.471 0.533 0.490
0.484995 -0.015928 0.157621 0.471 0.533 0.490
0.487388 -0.014767 0.157965 0.463 0.525 0.482
0.489240 -0.012778 0.157989 0.451 0.514 0.471
0.491093 -0.010788 0.158012 0.451 0.514 0.471
0.492946 -0.008799 0.158035 0.455 0.510 0.467
0.494798 -0.006810 0.158058 0.455 0.510 0.467
0.496122 -0.003981 0.157760 0.451 0.506 0.463
0.497449 -0.001149 0.157462 0.451 0.506 0.463
0.498780 0.001687 0.157164 0.455 0.510 0.467
0.500114 0.004527 0.156866 0.447 0.502 0.459
0.501452 0.007371 0.156568 0.447 0.502 0.459
0.502273 0.011067 0.155948 0.443 0.498 0.455
0.503620 0.013920 0.155650 0.435 0.490 0.447
0.504970 0.016777 0.155353 0.435 0.490 0.447
0.506323 0.019638 0.155055 0.435 0.490 0.447
0.507681 0.022503 0.154757 0.431 0.486 0.443
0.509041 0.025371 0.154459 0.424 0.478 0.435
0.509896 0.029103 0.153840 0.424 0.478 0.435
0.510758 0.032843 0.153221 0.420 0.475 0.431
0.511627 0.036591 0.152603 0.424 0.478 0.435
0.512503 0.040346 0.151984 0.424 0.478 0.435
0.513386 0.044109 0.151365 0.424 0.478 0.435
0.514776 0.047009 0.151068 0.427 0.482 0.439
0.515672 0.050785 0.150449 0.435 0.482 0.443
0.442853 -0.025077 0.146105 0.416 0.435 0.396
0.445882 -0.024636 0.146777 0.427 0.357 0.322
0.448342 -0.023400 0.147125 0.498 0.490 0.443
0.451919 -0.023776 0.148121 0.451 0.510 0.455
0.455485 -0.024163 0.149118 0.447 0.510 0.467
0.458484 -0.023754 0.149790 0.451 0.514 0.471
0.461476 -0.023352 0.150461 0.443 0.518 0.471
0.464461 -0.022958 0.151133 0.455 0.529 0.490
0.467439 -0.022572 0.151805 0.447 0.522 0.482
0.469860 -0.021378 0.152152 0.459 0.533 0.494
0.472826 -0.021005 0.152824 0.459 0.533 0.494
0.475784 -0.020639 0.153495 0.463 0.537 0.498
0.478191 -0.019460 0.153843 0.467 0.541 0.502
0.481138 -0.019107 0.154514 0.467 0.541 0.502
0.483536 -0.017938 0.154861 0.463 0.537 0.498
0.485392 -0.015944 0.154885 0.463 0.537 0.498
0.487248 -0.013951 0.154908 0.467 0.529 0.486
0.489105 -0.011958 0.154931 0.463 0.525 0.482
0.490961 -0.009965 0.154954 0.455 0.518 0.475
0.492817 -0.007972 0.154978 0.451 0.514 0.471
0.494673 -0.005979 0.155001 0.451 0.514 0.471
0.496529 -0.003986 0.155024 0.455 0.510 0.467
0.497859 -0.001153 0.154724 0.451 0.506 0.463
0.499193 0.001685 0.154424 0.451 0.506 0.463
0.500529 0.004526 0.154123 0.447 0.502 0.459
0.501870 0.007370 0.153823 0.447 0.502 0.459
0.502695 0.011067 0.153199 0.443 0.498 0.455
0.504044 0.013921 0.152899 0.443 0.498 0.455
0.505397 0.016780 0.152598 0.435 0.490 0.447
0.506753 0.019641 0.152298 0.443 0.498 0.455
0.508113 0.022507 0.151998 0.443 0.498 0.455
0.509476 0.025377 0.151698 0.431 0.486 0.443
0.510335 0.029109 0.151075 0.427 0.482 0.439
0.511200 0.032849 0.150451 0.427 0.482 0.439
0.512072 0.036597 0.149828 0.424 0.478 0.435
0.512952 0.040353 0.149205 0.424 0.478 0.435
0.513838 0.044116 0.148581 0.424 0.478 0.435
0.514732 0.047886 0.147958 0.427 0.482 0.439
0.515633 0.051664 0.147335 0.439 0.486 0.455
0.443812 -0.025942 0.143631 0.388 0.373 0.337
0.446277 -0.024699 0.143981 0.392 0.259 0.227
0.449860 -0.025064 0.144984 0.333 0.251 0.192
0.452873 -0.024636 0.145661 0.306 0.298 0.251
0.455879 -0.024215 0.146338 0.490 0.522 0.471
0.459434 -0.024610 0.147341 0.478 0.510 0.459
0.462424 -0.024207 0.148017 0.463 0.522 0.467
0.465407 -0.023811 0.148694 0.455 0.518 0.475
0.467833 -0.022610 0.149043 0.455 0.518 0.475
0.470804 -0.022228 0.149720 0.467 0.529 0.494
0.473221 -0.021036 0.150069 0.467 0.529 0.494
0.476179 -0.020667 0.150746 0.467 0.529 0.494
0.478587 -0.019485 0.151095 0.467 0.529 0.494
0.480992 -0.018307 0.151445 0.467 0.529 0.494
0.483393 -0.017133 0.151794 0.467 0.529 0.494
0.485253 -0.015136 0.151818 0.471 0.533 0.498
0.487113 -0.013139 0.151841 0.467 0.529 0.486
0.488972 -0.011142 0.151864 0.463 0.525 0.482
0.490832 -0.009145 0.151888 0.455 0.518 0.475
0.492692 -0.007148 0.151911 0.455 0.518 0.475
0.494552 -0.005152 0.151934 0.451 0.514 0.471
0.496411 -0.003155 0.151958 0.455 0.510 0.467
0.498271 -0.001158 0.151981 0.455 0.510 0.467
0.499607 0.001681 0.151678 0.455 0.510 0.467
0.500947 0.004523 0.151376 0.451 0.506 0.463
0.502290 0.007369 0.151073 0.451 0.506 0.463
0.503118 0.011065 0.150445 0.447 0.502 0.459
0.504470 0.013921 0.150142 0.447 0.502 0.459
0.505825 0.016780 0.149840 0.447 0.502 0.459
0.506671 0.020496 0.149211 0.447 0.502 0.459
0.508036 0.023365 0.148909 0.443 0.498 0.455
0.509403 0.026237 0.148607 0.431 0.486 0.443
0.510775 0.029113 0.148305 0.427 0.482 0.439
0.511644 0.032854 0.147677 0.427 0.482 0.439
0.512520 0.036602 0.147049 0.424 0.478 0.435
0.513403 0.040358 0.146421 0.424 0.478 0.435
0.514293 0.044121 0.145793 0.424 0.478 0.435
0.515190 0.047892 0.145165 0.431 0.478 0.439
0.516094 0.051670 0.144538 0.431 0.478 0.439
0.444209 -0.026010 0.140828 0.396 0.369 0.329
0.447236 -0.025563 0.141509 0.392 0.251 0.212
0.450256 -0.025124 0.142191 0.314 0.239 0.173
0.453269 -0.024693 0.142872 0.267 0.263 0.196
0.456832 -0.025074 0.143882 0.318 0.329 0.267
0.459829 -0.024659 0.144563 0.420 0.431 0.369
0.462819 -0.024253 0.145244 0.498 0.522 0.455
0.465802 -0.023854 0.145925 0.482 0.522 0.459
0.468229 -0.022650 0.146277 0.463 0.522 0.467
0.470652 -0.021450 0.146630 0.471 0.529 0.475
0.473618 -0.021070 0.147310 0.475 0.533 0.478
0.476032 -0.019880 0.147662 0.467 0.529 0.486
0.478985 -0.019513 0.148343 0.463 0.525 0.482
0.481391 -0.018332 0.148695 0.471 0.525 0.482
0.483254 -0.016331 0.148718 0.467 0.529 0.486
0.485117 -0.014331 0.148742 0.467 0.529 0.486
0.486981 -0.012330 0.148765 0.463 0.525 0.482
0.488844 -0.010329 0.148789 0.463 0.525 0.482
0.490707 -0.008328 0.148812 0.455 0.518 0.475
0.492570 -0.006328 0.148835 0.463 0.518 0.475
0.494434 -0.004327 0.148859 0.459 0.514 0.471
0.496297 -0.002326 0.148882 0.455 0.510 0.467
0.498160 -0.000326 0.148906 0.455 0.510 0.467
0.500023 0.001675 0.148929 0.455 0.510 0.467
0.501366 0.004518 0.148624 0.455 0.510 0.467
0.502711 0.007365 0.148319 0.451 0.506 0.463
0.503543 0.011062 0.147686 0.447 0.502 0.459
0.504898 0.013919 0.147381 0.447 0.502 0.459
0.506256 0.016779 0.147076 0.443 0.498 0.455
0.507105 0.020495 0.146444 0.443 0.498 0.455
0.508472 0.023365 0.146139 0.443 0.498 0.455
0.509843 0.026239 0.145834 0.431 0.486 0.443
0.510710 0.029974 0.145202 0.427 0.482 0.439
0.511584 0.033716 0.144569 0.424 0.478 0.435
0.512465 0.037467 0.143937 0.424 0.478 0.435
0.513354 0.041225 0.143304 0.427 0.478 0.427
0.514249 0.044990 0.142672 0.455 0.463 0.420
0.515650 0.047896 0.142368 0.424 0.388 0.353
0.516558 0.051675 0.141736 0.408 0.373 0.337
0.442701 -0.028126 0.137996 0.522 0.482 0.435
0.445169 -0.026876 0.138351 0.388 0.349 0.302
0.447634 -0.025629 0.138706 0.400 0.251 0.208
0.450654 -0.025187 0.139392 0.329 0.220 0.153
0.453667 -0.024752 0.140078 0.239 0.255 0.157
0.457229 -0.025128 0.141095 0.216 0.275 0.169
0.460226 -0.024711 0.141781 0.235 0.294 0.188
0.463216 -0.024300 0.142467 0.278 0.318 0.212
0.466199 -0.023898 0.143152 0.341 0.290 0.196
0.468627 -0.022691 0.143507 0.427 0.298 0.231
0.471598 -0.022302 0.144192 0.502 0.424 0.345
0.474017 -0.021105 0.144547 0.561 0.482 0.404
0.476432 -0.019912 0.144901 0.537 0.510 0.435
0.478843 -0.018723 0.145255 0.506 0.514 0.443
0.481252 -0.017537 0.145610 0.486 0.518 0.459
0.483656 -0.016356 0.145964 0.478 0.529 0.471
0.485521 -0.014353 0.145987 0.478 0.529 0.471
0.487386 -0.012350 0.146011 0.467 0.518 0.459
0.489251 -0.010348 0.146034 0.467 0.518 0.467
0.491116 -0.008345 0.146058 0.467 0.518 0.467
0.492981 -0.006343 0.146081 0.463 0.514 0.463
0.494846 -0.004340 0.146104 0.463 0.514 0.463
0.496711 -0.002338 0.146128 0.463 0.514 0.463
0.498053 0.000503 0.145821 0.459 0.510 0.459
0.499920 0.002507 0.145844 0.455 0.510 0.467
0.501266 0.005354 0.145537 0.455 0.510 0.467
0.502616 0.008204 0.145230 0.451 0.506 0.463
0.503970 0.011057 0.144923 0.447 0.502 0.459
0.505327 0.013915 0.144616 0.447 0.502 0.459
0.506688 0.016777 0.144309 0.443 0.498 0.455
0.507541 0.020493 0.143671 0.435 0.490 0.447
0.508911 0.023364 0.143364 0.439 0.486 0.447
0.510284 0.026238 0.143057 0.439 0.490 0.439
0.511155 0.029974 0.142420 0.439 0.478 0.431
0.512032 0.033717 0.141783 0.439 0.471 0.420
0.512917 0.037467 0.141146 0.443 0.475 0.424
0.513809 0.041226 0.140509 0.427 0.435 0.365
0.514708 0.044991 0.139872 0.416 0.341 0.282
0.515614 0.048765 0.139235 0.427 0.329 0.294
0.517023 0.051677 0.138929 0.439 0.341 0.306
0.443099 -0.028199 0.135184 0.514 0.475 0.427
0.445568 -0.026946 0.135541 0.357 0.318 0.271
0.448593 -0.026494 0.136232 0.416 0.255 0.216
0.451054 -0.025251 0.136589 0.380 0.227 0.157
0.454067 -0.024812 0.137280 0.255 0.255 0.133
0.457628 -0.025185 0.138304 0.192 0.267 0.149
0.460625 -0.024763 0.138994 0.196 0.271 0.153
0.463615 -0.024350 0.139684 0.192 0.286 0.161
0.466598 -0.023944 0.140375 0.255 0.286 0.165
0.469574 -0.023545 0.141065 0.373 0.259 0.161
0.471997 -0.022341 0.141422 0.459 0.263 0.173
0.474961 -0.021956 0.142112 0.467 0.271 0.180
0.476833 -0.019946 0.142135 0.490 0.271 0.176
0.479246 -0.018754 0.142492 0.478 0.275 0.188
0.481116 -0.016746 0.142515 0.467 0.278 0.204
0.483523 -0.015560 0.142872 0.439 0.286 0.208
0.485392 -0.013553 0.142895 0.459 0.306 0.227
0.487794 -0.012373 0.143252 0.486 0.353 0.267
0.489129 -0.009540 0.142942 0.498 0.369 0.310
0.490997 -0.007534 0.142966 0.522 0.408 0.353
0.492866 -0.005528 0.142989 0.533 0.459 0.408
0.494735 -0.003521 0.143013 0.537 0.463 0.412
0.496603 -0.001515 0.143036 0.537 0.471 0.416
0.498472 0.000491 0.143059 0.533 0.478 0.420
0.499819 0.003337 0.142750 0.537 0.490 0.427
0.501170 0.006186 0.142441 0.545 0.498 0.435
0.502525 0.009039 0.142131 0.525 0.478 0.416
0.503883 0.011896 0.141822 0.518 0.471 0.408
0.505245 0.014756 0.141513 0.506 0.459 0.388
0.506610 0.017621 0.141203 0.494 0.439 0.365
0.507979 0.020489 0.140894 0.475 0.420 0.345
0.508842 0.024213 0.140252 0.443 0.353 0.278
0.510220 0.027091 0.139943 0.439 0.310 0.243
0.511096 0.030828 0.139301 0.408 0.275 0.196
0.511979 0.034574 0.138660 0.427 0.298 0.192
0.512869 0.038326 0.138018 0.443 0.314 0.208
0.513766 0.042087 0.137376 0.443 0.318 0.184
0.514671 0.045855 0.136735 0.435 0.298 0.188
0.515582 0.049630 0.136094 0.427 0.306 0.255
0.516995 0.052546 0.135785 0.447 0.325 0.275
0.443499 -0.028273 0.132367 0.482 0.447 0.412
0.446529 -0.027812 0.133062 0.396 0.361 0.325
0.448994 -0.026562 0.133422 0.412 0.251 0.212
0.452013 -0.026115 0.134117 0.412 0.239 0.169
0.455024 -0.025675 0.134813 0.286 0.247 0.137
0.458028 -0.025242 0.135508 0.192 0.271 0.141
0.461025 -0.024818 0.136203 0.192 0.271 0.141
0.464016 -0.024400 0.136898 0.184 0.282 0.145
0.466999 -0.023991 0.137593 0.212 0.290 0.153
0.469975 -0.023589 0.138287 0.318 0.259 0.149
0.472399 -0.022383 0.138646 0.435 0.251 0.157
0.474819 -0.021180 0.139005 0.443 0.259 0.165
0.476695 -0.019166 0.139029 0.486 0.259 0.153
0.479110 -0.017970 0.139388 0.486 0.259 0.153
0.480984 -0.015958 0.139412 0.482 0.271 0.169
0.483394 -0.014767 0.139771 0.490 0.290 0.184
0.485800 -0.013580 0.140129 0.498 0.298 0.192
0.487671 -0.011571 0.140153 0.482 0.282 0.176
0.489541 -0.009563 0.140176 0.467 0.263 0.176
0.491411 -0.007555 0.140200 0.471 0.263 0.196
0.493282 -0.005547 0.140223 0.471 0.271 0.216
0.494626 -0.002706 0.139912 0.447 0.247 0.192
0.496499 -0.000696 0.139935 0.447 0.247 0.192
0.498371 0.001315 0.139958 0.459 0.271 0.212
0.499723 0.004163 0.139647 0.455 0.267 0.200
0.501078 0.007015 0.139335 0.451 0.263 0.196
0.502437 0.009871 0.139023 0.443 0.255 0.188
0.503800 0.012731 0.138712 0.475 0.294 0.216
0.505166 0.015594 0.138400 0.467 0.298 0.208
0.506535 0.018462 0.138089 0.467 0.298 0.200
0.507909 0.021333 0.137777 0.459 0.290 0.192
0.508778 0.025060 0.137131 0.459 0.263 0.173
0.510160 0.027940 0.136819 0.459 0.263 0.180
0.511041 0.031680 0.136173 0.451 0.267 0.173
0.511929 0.035427 0.135527 0.451 0.286 0.169
0.512825 0.039182 0.134881 0.455 0.290 0.173
0.513727 0.042945 0.134235 0.459 0.310 0.169
0.514637 0.046715 0.133589 0.443 0.298 0.165
0.515554 0.050493 0.132943 0.427 0.310 0.247
0.516971 0.053411 0.132632 0.506 0.396 0.329
0.444462 -0.029141 0.129884 0.400 0.373 0.349
0.446931 -0.027885 0.130246 0.369 0.341 0.318
0.449396 -0.026632 0.130608 0.420 0.251 0.216
0.452415 -0.026181 0.131308 0.451 0.275 0.184
0.455426 -0.025738 0.132007 0.400 0.271 0.165
0.458431 -0.025302 0.132707 0.231 0.255 0.118
0.461428 -0.024874 0.133407 0.227 0.251 0.114
0.464418 -0.024453 0.134106 0.173 0.275 0.118
0.467401 -0.024040 0.134806 0.173 0.271 0.125
0.469831 -0.022825 0.135167 0.216 0.267 0.137
0.472258 -0.021615 0.135529 0.345 0.243 0.122
0.474681 -0.020408 0.135890 0.365 0.263 0.141
0.477101 -0.019204 0.136252 0.482 0.259 0.141
0.478978 -0.017189 0.136275 0.490 0.255 0.125
0.481392 -0.015991 0.136636 0.502 0.271 0.129
0.483268 -0.013977 0.136660 0.498 0.278 0.125
0.485677 -0.012786 0.137021 0.502 0.282 0.129
0.487551 -0.010773 0.137045 0.478 0.239 0.102
0.489425 -0.008761 0.137068 0.486 0.231 0.110
0.491299 -0.006749 0.137092 0.490 0.224 0.122
0.493173 -0.004737 0.137115 0.494 0.227 0.125
0.495046 -0.002725 0.137139 0.494 0.227 0.125
0.496920 -0.000713 0.137162 0.498 0.231 0.129
0.498273 0.002134 0.136848 0.490 0.220 0.129
0.499630 0.004986 0.136534 0.486 0.212 0.122
0.500989 0.007841 0.136220 0.486 0.212 0.122
0.502353 0.010700 0.135906 0.494 0.220 0.129
0.503720 0.013563 0.135593 0.498 0.263 0.133
0.505090 0.016429 0.135279 0.498 0.278 0.125
0.506465 0.019300 0.134965 0.490 0.271 0.118
0.507842 0.022174 0.134651 0.486 0.267 0.114
0.508716 0.025903 0.134000 0.478 0.247 0.106
0.510103 0.028786 0.133687 0.471 0.247 0.114
0.510989 0.032528 0.133036 0.471 0.263 0.125
0.511883 0.036278 0.132385 0.459 0.286 0.125
0.512784 0.040035 0.131734 0.455 0.282 0.122
0.513692 0.043800 0.131084 0.467 0.310 0.145
0.514607 0.047572 0.130433 0.455 0.314 0.161
0.516023 0.050488 0.130120 0.384 0.310 0.251
0.516951 0.054274 0.129469 0.486 0.412 0.353
0.444864 -0.029218 0.127060 0.392 0.373 0.365
0.447334 -0.027959 0.127424 0.353 0.333 0.325
0.449801 -0.026704 0.127789 0.416 0.255 0.216
0.452819 -0.026249 0.128493 0.459 0.282 0.184
0.455830 -0.025802 0.129198 0.439 0.286 0.165
0.458835 -0.025363 0.129902 0.275 0.239 0.102
0.461832 -0.024931 0.130606 0.275 0.239 0.102
0.464822 -0.024507 0.131310 0.176 0.271 0.110
0.467805 -0.024090 0.132014 0.157 0.267 0.118
0.470236 -0.022873 0.132378 0.180 0.271 0.129
0.472664 -0.021660 0.132742 0.290 0.243 0.122
0.475088 -0.020450 0.133106 0.314 0.267 0.145
0.477508 -0.019244 0.133469 0.471 0.263 0.133
0.479387 -0.017226 0.133493 0.490 0.271 0.118
0.481267 -0.015209 0.133517 0.502 0.275 0.114
0.483680 -0.014010 0.133880 0.498 0.282 0.118
0.486090 -0.012816 0.134244 0.494 0.278 0.114
0.487966 -0.010802 0.134267 0.482 0.220 0.082
0.489841 -0.008788 0.134291 0.490 0.220 0.102
0.491717 -0.006774 0.134314 0.490 0.220 0.110
0.493067 -0.003931 0.133998 0.498 0.227 0.118
0.494944 -0.001915 0.134022 0.494 0.224 0.114
0.496822 0.000101 0.134045 0.486 0.216 0.106
0.498179 0.002951 0.133729 0.490 0.208 0.102
0.500058 0.004969 0.133753 0.478 0.196 0.090
0.501421 0.007825 0.133436 0.482 0.200 0.094
0.502787 0.010685 0.133120 0.518 0.251 0.133
0.504157 0.013549 0.132804 0.510 0.306 0.110
0.505530 0.016417 0.132488 0.490 0.286 0.090
0.506907 0.019288 0.132172 0.486 0.278 0.102
0.508287 0.022164 0.131856 0.482 0.275 0.098
0.509165 0.025893 0.131200 0.471 0.255 0.090
0.510050 0.029629 0.130545 0.471 0.259 0.102
0.510942 0.033373 0.129889 0.467 0.282 0.118
0.511841 0.037125 0.129234 0.471 0.286 0.122
0.513246 0.040027 0.128918 0.412 0.263 0.114
0.513660 0.044651 0.127923 0.361 0.251 0.133
0.514580 0.048426 0.127268 0.337 0.275 0.184
0.516001 0.051345 0.126953 0.357 0.353 0.294
0.516934 0.055133 0.126298 0.502 0.498 0.439
0.444709 -0.028506 0.123889 0.471 0.471 0.455
0.447181 -0.027243 0.124256 0.302 0.302 0.286
0.450207 -0.026777 0.124965 0.408 0.267 0.227
0.453225 -0.026319 0.125674 0.467 0.286 0.180
0.455684 -0.025071 0.126041 0.467 0.298 0.153
0.459241 -0.025426 0.127092 0.431 0.302 0.137
0.462238 -0.024990 0.127801 0.404 0.275 0.110
0.465228 -0.024562 0.128510 0.275 0.243 0.078
0.467665 -0.023337 0.128876 0.188 0.271 0.106
0.470643 -0.022922 0.129585 0.165 0.267 0.110
0.473071 -0.021706 0.129951 0.212 0.267 0.118
0.475496 -0.020494 0.130317 0.231 0.286 0.137
0.477918 -0.019286 0.130683 0.431 0.302 0.153
0.479799 -0.017266 0.130706 0.486 0.286 0.110
0.481680 -0.015246 0.130730 0.502 0.275 0.106
0.483560 -0.013227 0.130754 0.494 0.247 0.094
0.485973 -0.012027 0.131120 0.486 0.239 0.086
0.487852 -0.010010 0.131143 0.459 0.204 0.090
0.489731 -0.007992 0.131167 0.463 0.216 0.118
0.491610 -0.005974 0.131190 0.478 0.231 0.141
0.493490 -0.003956 0.131214 0.478 0.231 0.141
0.495369 -0.001939 0.131237 0.482 0.224 0.129
0.496727 0.000911 0.130919 0.471 0.212 0.118
0.498089 0.003765 0.130600 0.471 0.200 0.110
0.499971 0.005786 0.130624 0.463 0.204 0.110
0.501854 0.007808 0.130648 0.475 0.216 0.122
0.503223 0.010669 0.130329 0.510 0.294 0.165
0.504595 0.013534 0.130011 0.510 0.341 0.145
0.505971 0.016403 0.129692 0.482 0.314 0.118
0.507351 0.019275 0.129374 0.475 0.282 0.129
0.508227 0.022999 0.128714 0.471 0.278 0.125
0.509110 0.026730 0.128054 0.459 0.271 0.133
0.510503 0.029618 0.127735 0.443 0.290 0.169
0.511399 0.033362 0.127075 0.427 0.306 0.192
0.512301 0.037114 0.126415 0.400 0.278 0.165
0.513211 0.040874 0.125756 0.302 0.212 0.129
0.514128 0.044641 0.125096 0.318 0.251 0.180
0.515052 0.048416 0.124436 0.310 0.286 0.227
0.515982 0.052198 0.123777 0.365 0.384 0.337
0.445115 -0.028587 0.121054 0.400 0.404 0.388
0.447589 -0.027321 0.121423 0.404 0.408 0.392
0.450059 -0.026059 0.121792 0.400 0.267 0.227
0.453079 -0.025595 0.122505 0.463 0.282 0.176
0.456092 -0.025139 0.123219 0.475 0.310 0.145
0.459098 -0.024691 0.123933 0.475 0.341 0.149
0.462097 -0.024250 0.124646 0.498 0.365 0.165
0.465089 -0.023817 0.125360 0.459 0.365 0.161
0.468074 -0.023391 0.126073 0.427 0.373 0.184
0.471051 -0.022973 0.126786 0.220 0.259 0.090
0.473481 -0.021755 0.127155 0.196 0.271 0.106
0.475906 -0.020540 0.127523 0.220 0.294 0.129
0.478329 -0.019328 0.127892 0.435 0.380 0.200
0.480211 -0.017307 0.127915 0.510 0.365 0.118
0.482094 -0.015285 0.127939 0.498 0.298 0.082
0.483977 -0.013264 0.127962 0.471 0.247 0.114
0.486390 -0.012062 0.128331 0.455 0.231 0.098
0.488271 -0.010042 0.128354 0.569 0.486 0.420
0.490152 -0.008023 0.128378 0.522 0.494 0.420
0.492033 -0.006003 0.128402 0.529 0.510 0.439
0.493914 -0.003983 0.128425 0.514 0.494 0.424
0.495795 -0.001964 0.128449 0.502 0.478 0.420
0.497156 0.000887 0.128128 0.502 0.478 0.420
0.498520 0.003742 0.127807 0.502 0.471 0.416
0.500405 0.005765 0.127831 0.494 0.463 0.408
0.501774 0.008626 0.127510 0.490 0.459 0.404
0.503148 0.011490 0.127189 0.463 0.443 0.373
0.504524 0.014358 0.126869 0.475 0.467 0.384
0.505905 0.017230 0.126548 0.475 0.467 0.384
0.507288 0.020105 0.126227 0.478 0.471 0.388
0.508676 0.022984 0.125907 0.478 0.471 0.388
0.509562 0.026716 0.125242 0.482 0.475 0.400
0.510959 0.029605 0.124922 0.467 0.475 0.412
0.511858 0.033349 0.124257 0.471 0.475 0.439
0.512764 0.037102 0.123593 0.231 0.235 0.200
0.513677 0.040862 0.122928 0.188 0.188 0.188
0.514102 0.045487 0.121920 0.318 0.333 0.306
0.515031 0.049264 0.121255 0.420 0.447 0.416
0.515967 0.053049 0.120591 0.455 0.490 0.463
0.444966 -0.027881 0.117867 0.392 0.420 0.396
0.447442 -0.026610 0.118238 0.424 0.451 0.427
0.449915 -0.025343 0.118609 0.380 0.267 0.220
0.452937 -0.024874 0.119328 0.475 0.263 0.161
0.455952 -0.024413 0.120046 0.490 0.310 0.133
0.458959 -0.023959 0.120764 0.498 0.365 0.157
0.461960 -0.023513 0.121482 0.514 0.380 0.173
0.464954 -0.023075 0.122201 0.482 0.388 0.176
0.467940 -0.022644 0.122919 0.471 0.384 0.176
0.470920 -0.022220 0.123636 0.349 0.314 0.118
0.473892 -0.021805 0.124354 0.224 0.263 0.094
0.476319 -0.020587 0.124725 0.243 0.282 0.114
0.478742 -0.019373 0.125096 0.431 0.384 0.200
0.480626 -0.017349 0.125119 0.510 0.392 0.106
0.482511 -0.015326 0.125143 0.522 0.353 0.094
0.484395 -0.013303 0.125167 0.459 0.271 0.133
0.486809 -0.012098 0.125537 0.447 0.259 0.122
0.488692 -0.010077 0.125561 0.529 0.494 0.427
0.490575 -0.008055 0.125584 0.498 0.506 0.435
0.492458 -0.006034 0.125608 0.498 0.506 0.443
0.494340 -0.004012 0.125632 0.494 0.502 0.439
0.496223 -0.001990 0.125655 0.486 0.494 0.443
0.497586 0.000862 0.125332 0.490 0.498 0.447
0.498954 0.003717 0.125009 0.490 0.498 0.447
0.500324 0.006577 0.124686 0.482 0.490 0.439
0.501698 0.009440 0.124363 0.482 0.490 0.439
0.503076 0.012307 0.124040 0.475 0.486 0.424
0.504457 0.015178 0.123717 0.459 0.482 0.416
0.506350 0.017211 0.123741 0.467 0.490 0.424
0.507737 0.020088 0.123418 0.467 0.490 0.424
0.509127 0.022968 0.123095 0.467 0.490 0.424
0.510017 0.026700 0.122426 0.459 0.478 0.424
0.510914 0.030439 0.121757 0.455 0.475 0.427
0.511819 0.034186 0.121088 0.451 0.467 0.439
0.512730 0.037941 0.120418 0.278 0.294 0.267
0.513649 0.041703 0.119749 0.388 0.416 0.392
0.514080 0.046330 0.118734 0.412 0.447 0.412
0.515507 0.049250 0.118412 0.412 0.459 0.427
0.516447 0.053035 0.117743 0.463 0.498 0.471
0.445377 -0.027966 0.115020 0.420 0.435 0.408
0.447854 -0.026693 0.115394 0.478 0.494 0.467
0.450328 -0.025423 0.115767 0.408 0.243 0.196
0.453350 -0.024950 0.116490 0.478 0.259 0.149
0.456365 -0.024486 0.117213 0.490 0.310 0.118
0.459372 -0.024028 0.117936 0.498 0.361 0.137
0.462373 -0.023579 0.118659 0.518 0.380 0.157
0.465367 -0.023137 0.119382 0.506 0.396 0.169
0.468353 -0.022702 0.120104 0.498 0.388 0.161
0.471332 -0.022275 0.120827 0.467 0.337 0.110
0.474305 -0.021856 0.121549 0.439 0.333 0.133
0.476732 -0.020636 0.121922 0.384 0.278 0.078
0.479156 -0.019419 0.122295 0.467 0.361 0.153
0.481043 -0.017394 0.122319 0.518 0.400 0.098
0.483461 -0.016183 0.122692 0.518 0.396 0.086
0.485346 -0.014159 0.122715 0.518 0.396 0.086
0.487230 -0.012136 0.122739 0.502 0.380 0.212
0.489115 -0.010112 0.122763 0.510 0.522 0.439
0.490999 -0.008089 0.122786 0.498 0.518 0.463
0.492884 -0.006066 0.122810 0.502 0.522 0.467
0.494768 -0.004042 0.122834 0.498 0.518 0.463
0.496653 -0.002019 0.122857 0.486 0.518 0.467
0.498019 0.000834 0.122532 0.482 0.522 0.467
0.499389 0.003691 0.122207 0.486 0.525 0.478
0.500762 0.006552 0.121881 0.478 0.525 0.494
0.502139 0.009416 0.121556 0.463 0.510 0.478
0.503519 0.012285 0.121231 0.400 0.443 0.427
0.504903 0.015157 0.120906 0.400 0.431 0.427
0.506290 0.018033 0.120580 0.447 0.482 0.455
0.507681 0.020912 0.120255 0.459 0.498 0.443
0.509075 0.023796 0.119930 0.459 0.498 0.443
0.509971 0.027530 0.119256 0.459 0.490 0.439
0.511374 0.030422 0.118931 0.455 0.494 0.439
0.512282 0.034170 0.118258 0.431 0.467 0.431
0.513197 0.037924 0.117584 0.416 0.451 0.416
0.514119 0.041687 0.116910 0.392 0.447 0.404
0.514555 0.046313 0.115888 0.388 0.443 0.400
0.515985 0.049234 0.115564 0.396 0.447 0.427
0.516928 0.053020 0.114890 0.486 0.533 0.502
0.445234 -0.027266 0.111817 0.455 0.463 0.427
0.447714 -0.025988 0.112193 0.467 0.475 0.439
0.450743 -0.025504 0.112920 0.416 0.231 0.188
0.453765 -0.025028 0.113648 0.475 0.251 0.133
0.456230 -0.023765 0.114024 0.494 0.314 0.122
0.459787 -0.024099 0.115103 0.502 0.357 0.125
0.462788 -0.023646 0.115831 0.522 0.376 0.145
0.465781 -0.023200 0.116558 0.514 0.388 0.149
0.468768 -0.022762 0.117285 0.494 0.376 0.145
0.471747 -0.022332 0.118012 0.482 0.337 0.106
0.474181 -0.021103 0.118388 0.475 0.325 0.114
0.477148 -0.020686 0.119115 0.455 0.306 0.094
0.479573 -0.019467 0.119490 0.490 0.329 0.129
0.481994 -0.018251 0.119865 0.522 0.384 0.106
0.483881 -0.016226 0.119889 0.522 0.400 0.090
0.485767 -0.014201 0.119913 0.525 0.404 0.094
0.487653 -0.012175 0.119936 0.525 0.424 0.251
0.490066 -0.010969 0.120312 0.510 0.522 0.451
0.491950 -0.008946 0.120335 0.494 0.525 0.467
0.493312 -0.006099 0.120007 0.494 0.525 0.475
0.495198 -0.004074 0.120031 0.490 0.522 0.471
0.497084 -0.002049 0.120055 0.482 0.522 0.467
0.498453 0.000806 0.119727 0.482 0.518 0.482
0.499825 0.003664 0.119399 0.404 0.447 0.447
0.501201 0.006525 0.119072 0.286 0.337 0.325
0.502581 0.009391 0.118744 0.318 0.369 0.357
0.503964 0.012260 0.118417 0.302 0.361 0.349
0.505350 0.015133 0.118089 0.318 0.369 0.365
0.506740 0.018010 0.117762 0.322 0.365 0.357
0.508134 0.020891 0.117434 0.459 0.498 0.451
0.509531 0.023776 0.117107 0.459 0.498 0.451
0.510931 0.026664 0.116780 0.396 0.443 0.412
0.511836 0.030404 0.116101 0.384 0.427 0.420
0.512747 0.034151 0.115423 0.369 0.420 0.416
0.513666 0.037906 0.114745 0.376 0.427 0.424
0.514592 0.041669 0.114067 0.380 0.431 0.420
0.515032 0.046295 0.113038 0.380 0.439 0.420
0.515973 0.050075 0.112360 0.396 0.447 0.435
0.444539 -0.025782 0.108250 0.514 0.506 0.459
0.447023 -0.024498 0.108629 0.329 0.322 0.275
0.450608 -0.024797 0.109715 0.431 0.208 0.173
0.453631 -0.024316 0.110447 0.475 0.251 0.125
0.456648 -0.023842 0.111180 0.498 0.322 0.118
0.460204 -0.024171 0.112266 0.506 0.345 0.110
0.463204 -0.023715 0.112998 0.518 0.357 0.122
0.466198 -0.023266 0.113730 0.518 0.357 0.122
0.469184 -0.022824 0.114462 0.510 0.349 0.114
0.472164 -0.022390 0.115193 0.494 0.333 0.098
0.474598 -0.021159 0.115571 0.502 0.329 0.106
0.477565 -0.020738 0.116303 0.486 0.314 0.090
0.479991 -0.019516 0.116681 0.490 0.294 0.090
0.482413 -0.018298 0.117058 0.506 0.314 0.098
0.484301 -0.016271 0.117082 0.533 0.361 0.129
0.486189 -0.014243 0.117105 0.545 0.373 0.141
0.488077 -0.012216 0.117129 0.557 0.478 0.329
0.490491 -0.011007 0.117507 0.502 0.525 0.459
0.492377 -0.008982 0.117530 0.494 0.525 0.475
0.494263 -0.006957 0.117554 0.482 0.522 0.475
0.495630 -0.004107 0.117224 0.443 0.482 0.435
0.497518 -0.002080 0.117248 0.310 0.353 0.353
0.498889 0.000775 0.116918 0.455 0.494 0.506
0.500264 0.003634 0.116588 0.455 0.506 0.486
0.501643 0.006497 0.116258 0.459 0.514 0.471
0.503025 0.009364 0.115928 0.455 0.510 0.467
0.504410 0.012234 0.115598 0.463 0.518 0.482
0.505799 0.015108 0.115268 0.325 0.373 0.380
0.507698 0.017147 0.115292 0.380 0.424 0.408
0.509092 0.020027 0.114963 0.459 0.494 0.459
0.509988 0.023754 0.114280 0.439 0.475 0.439
0.511391 0.026643 0.113950 0.392 0.435 0.420
0.512299 0.030384 0.113267 0.388 0.439 0.435
0.513214 0.034131 0.112584 0.369 0.420 0.416
0.513641 0.038738 0.111548 0.369 0.420 0.416
0.514572 0.042502 0.110865 0.376 0.427 0.424
0.515510 0.046275 0.110183 0.369 0.427 0.416
0.516455 0.050055 0.109500 0.396 0.447 0.435
0.444404 -0.025089 0.105026 0.525 0.498 0.459
0.446891 -0.023800 0.105407 0.278 0.251 0.212
0.449925 -0.023304 0.106144 0.435 0.208 0.161
0.453501 -0.023606 0.107237 0.475 0.251 0.118
0.457067 -0.023920 0.108331 0.506 0.322 0.122
0.460076 -0.023450 0.109068 0.514 0.341 0.110
0.463079 -0.022988 0.109804 0.518 0.345 0.114
0.466616 -0.023333 0.110897 0.518 0.345 0.106
0.469603 -0.022888 0.111634 0.506 0.333 0.094
0.472582 -0.022450 0.112370 0.498 0.325 0.086
0.475018 -0.021216 0.112750 0.502 0.329 0.090
0.477985 -0.020792 0.113486 0.490 0.310 0.082
0.480411 -0.019567 0.113866 0.498 0.294 0.090
0.482834 -0.018346 0.114246 0.510 0.298 0.098
0.485254 -0.017129 0.114626 0.506 0.322 0.114
0.487142 -0.015102 0.114650 0.518 0.318 0.133
0.489030 -0.013075 0.114673 0.588 0.522 0.424
0.490918 -0.011047 0.114697 0.494 0.525 0.467
0.492806 -0.009020 0.114721 0.486 0.525 0.471
0.494694 -0.006993 0.114744 0.451 0.506 0.471
0.496063 -0.004142 0.114412 0.455 0.510 0.475
0.497953 -0.002113 0.114436 0.302 0.357 0.380
0.499327 0.000743 0.114104 0.388 0.443 0.459
0.500704 0.003603 0.113771 0.392 0.447 0.455
0.502086 0.006467 0.113439 0.310 0.365 0.388
0.503981 0.008502 0.113463 0.259 0.314 0.337
0.505367 0.011372 0.113131 0.251 0.314 0.345
0.506757 0.014245 0.112799 0.290 0.345 0.353
0.508151 0.017123 0.112467 0.447 0.494 0.455
0.509548 0.020004 0.112135 0.451 0.498 0.459
0.510447 0.023731 0.111447 0.412 0.459 0.420
0.511853 0.026621 0.111115 0.376 0.427 0.416
0.512765 0.030362 0.110428 0.369 0.424 0.431
0.513683 0.034110 0.109740 0.349 0.416 0.420
0.514114 0.038716 0.108697 0.349 0.416 0.420
0.515049 0.042481 0.108010 0.353 0.420 0.424
0.515991 0.046253 0.107323 0.357 0.427 0.420
0.516939 0.050034 0.106636 0.392 0.443 0.439
0.441224 -0.024914 0.101051 0.463 0.510 0.478
0.444272 -0.024399 0.101793 0.424 0.471 0.439
0.446762 -0.023105 0.102176 0.239 0.184 0.153
0.449798 -0.022604 0.102918 0.431 0.196 0.153
0.452827 -0.022110 0.103660 0.478 0.243 0.114
0.456942 -0.023208 0.105119 0.502 0.318 0.118
0.459953 -0.022733 0.105860 0.502 0.318 0.118
0.463500 -0.023061 0.106960 0.506 0.325 0.098
0.466495 -0.022603 0.107701 0.506 0.325 0.090
0.469483 -0.022153 0.108442 0.506 0.325 0.090
0.472465 -0.021710 0.109183 0.506 0.325 0.090
0.475439 -0.021275 0.109924 0.506 0.325 0.090
0.477871 -0.020042 0.110307 0.482 0.302 0.082
0.480833 -0.019620 0.111047 0.498 0.286 0.086
0.483257 -0.018396 0.111430 0.502 0.290 0.098
0.485678 -0.017176 0.111812 0.510 0.302 0.125
0.487567 -0.015147 0.111836 0.522 0.314 0.137
0.489457 -0.013118 0.111859 0.573 0.502 0.416
0.491347 -0.011089 0.111883 0.494 0.525 0.467
0.493237 -0.009060 0.111907 0.447 0.482 0.447
0.495126 -0.007031 0.111930 0.475 0.525 0.522
0.496498 -0.004179 0.111596 0.278 0.329 0.325
0.498390 -0.002148 0.111620 0.373 0.439 0.459
0.499766 0.000710 0.111285 0.282 0.349 0.369
0.501147 0.003571 0.110951 0.278 0.329 0.365
0.503042 0.005606 0.110974 0.251 0.310 0.361
0.504427 0.008473 0.110640 0.235 0.294 0.345
0.506324 0.010509 0.110664 0.204 0.267 0.306
0.507715 0.013382 0.110329 0.404 0.455 0.451
0.509110 0.016259 0.109995 0.447 0.494 0.455
0.510005 0.019978 0.109303 0.455 0.502 0.463
0.510908 0.023706 0.108610 0.408 0.455 0.416
0.512317 0.026598 0.108276 0.365 0.424 0.412
0.513232 0.030338 0.107584 0.353 0.420 0.424
0.514154 0.034087 0.106892 0.349 0.416 0.420
0.514589 0.038692 0.105842 0.349 0.416 0.420
0.515527 0.042457 0.105150 0.349 0.416 0.420
0.516473 0.046230 0.104459 0.357 0.427 0.420
0.517913 0.049156 0.104125 0.420 0.471 0.467
0.440540 -0.023451 0.097443 0.486 0.522 0.486
0.443592 -0.022928 0.098190 0.482 0.518 0.482
0.446636 -0.022414 0.098936 0.267 0.176 0.165
0.449674 -0.021907 0.099683 0.424 0.188 0.145
0.452705 -0.021407 0.100429 0.467 0.224 0.106
0.456820 -0.022498 0.101897 0.502 0.286 0.106
0.459833 -0.022018 0.102643 0.510 0.294 0.114
0.463381 -0.022340 0.103750 0.514 0.314 0.098
0.466918 -0.022674 0.104857 0.514 0.314 0.090
0.469906 -0.022220 0.105603 0.510 0.318 0.094
0.472887 -0.021774 0.106348 0.510 0.318 0.094
0.475861 -0.021335 0.107094 0.510 0.318 0.094
0.478295 -0.020099 0.107479 0.486 0.294 0.071
0.481257 -0.019674 0.108224 0.506 0.282 0.086
0.483682 -0.018448 0.108608 0.510 0.286 0.090
0.486103 -0.017225 0.108993 0.498 0.298 0.122
0.487995 -0.015194 0.109017 0.514 0.314 0.137
0.489886 -0.013163 0.109040 0.557 0.510 0.431
0.491778 -0.011132 0.109064 0.490 0.529 0.467
0.493669 -0.009101 0.109088 0.475 0.522 0.490
0.495561 -0.007070 0.109112 0.341 0.408 0.455
0.497452 -0.005039 0.109135 0.129 0.196 0.243
0.498828 -0.002184 0.108799 0.192 0.278 0.318
0.500208 0.000675 0.108462 0.251 0.337 0.376
0.502103 0.002709 0.108486 0.329 0.404 0.412
0.503487 0.005574 0.108149 0.420 0.490 0.482
0.504876 0.008442 0.107812 0.427 0.498 0.490
0.506774 0.010480 0.107836 0.439 0.498 0.486
0.508168 0.013354 0.107499 0.447 0.494 0.463
0.509565 0.016232 0.107163 0.455 0.502 0.463
0.510464 0.019952 0.106466 0.455 0.502 0.463
0.511371 0.023680 0.105769 0.400 0.447 0.408
0.512782 0.026572 0.105433 0.357 0.416 0.412
0.513700 0.030313 0.104736 0.345 0.412 0.416
0.514626 0.034062 0.104039 0.345 0.416 0.408
0.515066 0.038667 0.102982 0.353 0.424 0.416
0.516008 0.042432 0.102286 0.384 0.455 0.447
0.516957 0.046206 0.101590 0.400 0.471 0.455
0.518400 0.049133 0.101254 0.447 0.498 0.486
0.439861 -0.021992 0.093822 0.494 0.522 0.490
0.442364 -0.020680 0.094209 0.502 0.529 0.498
0.445964 -0.020941 0.095324 0.275 0.165 0.161
0.449554 -0.021213 0.096438 0.408 0.180 0.133
0.452586 -0.020708 0.097189 0.455 0.212 0.094
0.456701 -0.021792 0.098667 0.502 0.275 0.098
0.459716 -0.021306 0.099417 0.506 0.278 0.102
0.463265 -0.021623 0.100531 0.514 0.306 0.094
0.467343 -0.022747 0.102008 0.518 0.310 0.090
0.470331 -0.022289 0.102758 0.506 0.314 0.090
0.473312 -0.021839 0.103509 0.510 0.318 0.094
0.476286 -0.021397 0.104259 0.510 0.318 0.094
0.478721 -0.020159 0.104646 0.486 0.294 0.071
0.481682 -0.019730 0.105396 0.494 0.286 0.075
0.484108 -0.018501 0.105783 0.502 0.290 0.090
0.486530 -0.017275 0.106170 0.498 0.318 0.133
0.488423 -0.015242 0.106193 0.498 0.318 0.133
0.490317 -0.013209 0.106217 0.533 0.506 0.431
0.492210 -0.011177 0.106241 0.490 0.529 0.475
0.494623 -0.009961 0.106628 0.439 0.482 0.475
0.496515 -0.007930 0.106651 0.137 0.200 0.239
0.497890 -0.005078 0.106312 0.235 0.298 0.337
0.499783 -0.003045 0.106336 0.337 0.400 0.431
0.501164 -0.000187 0.105997 0.208 0.294 0.333
0.503059 0.001848 0.106021 0.451 0.545 0.545
0.504444 0.004711 0.105682 0.451 0.525 0.533
0.505834 0.007578 0.105343 0.435 0.510 0.518
0.507226 0.010449 0.105004 0.439 0.506 0.518
0.508623 0.013324 0.104665 0.455 0.506 0.486
0.510022 0.016203 0.104326 0.459 0.506 0.467
0.510925 0.019923 0.103624 0.459 0.506 0.467
0.512334 0.022811 0.103286 0.404 0.451 0.412
0.513249 0.026545 0.102584 0.365 0.424 0.404
0.514171 0.030287 0.101883 0.357 0.427 0.420
0.515100 0.034036 0.101182 0.400 0.467 0.471
0.515545 0.038640 0.100118 0.384 0.451 0.455
0.516490 0.042406 0.099417 0.376 0.443 0.455
0.517442 0.046179 0.098716 0.404 0.475 0.467
0.518888 0.049107 0.098378 0.451 0.502 0.482
0.438634 -0.019758 0.089820 0.471 0.486 0.459
0.441695 -0.019219 0.090576 0.475 0.490 0.463
0.445298 -0.019472 0.091698 0.294 0.153 0.153
0.449437 -0.020523 0.093185 0.361 0.157 0.122
0.452472 -0.020013 0.093940 0.424 0.184 0.098
0.456043 -0.020300 0.095061 0.486 0.247 0.102
0.459603 -0.020598 0.096182 0.498 0.259 0.114
0.463693 -0.021702 0.097668 0.506 0.282 0.094
0.467230 -0.022025 0.098789 0.518 0.298 0.090
0.470757 -0.022360 0.099909 0.514 0.314 0.090
0.473738 -0.021906 0.100664 0.510 0.318 0.094
0.476712 -0.021461 0.101419 0.514 0.322 0.098
0.479148 -0.020219 0.101809 0.518 0.325 0.094
0.482109 -0.019787 0.102563 0.514 0.325 0.082
0.484536 -0.018555 0.102952 0.518 0.329 0.086
0.486959 -0.017327 0.103342 0.502 0.341 0.149
0.488854 -0.015293 0.103365 0.478 0.318 0.125
0.490749 -0.013258 0.103389 0.525 0.514 0.451
0.492644 -0.011223 0.103413 0.490 0.529 0.475
0.495059 -0.010004 0.103802 0.447 0.482 0.447
0.496952 -0.007971 0.103826 0.494 0.525 0.522
0.498845 -0.005938 0.103849 0.404 0.435 0.431
0.500225 -0.003084 0.103508 0.322 0.341 0.369
0.502120 -0.001049 0.103532 0.282 0.306 0.349
0.504015 0.000986 0.103556 0.255 0.247 0.310
0.505401 0.003849 0.103214 0.278 0.235 0.302
0.506791 0.006715 0.102873 0.278 0.235 0.302
0.508185 0.009585 0.102532 0.247 0.208 0.263
0.509582 0.012459 0.102191 0.192 0.216 0.224
0.510983 0.015337 0.101849 0.467 0.502 0.467
0.511887 0.019056 0.101143 0.471 0.506 0.471
0.512799 0.022783 0.100437 0.227 0.271 0.255
0.513718 0.026517 0.099731 0.247 0.318 0.345
0.514643 0.030258 0.099025 0.286 0.357 0.392
0.515576 0.034008 0.098320 0.251 0.318 0.365
0.516025 0.038611 0.097249 0.212 0.278 0.325
0.516974 0.042378 0.096543 0.361 0.431 0.459
0.517930 0.046152 0.095838 0.384 0.439 0.447
0.519378 0.049081 0.095497 0.475 0.525 0.506
0.437967 -0.018310 0.086169 0.412 0.416 0.392
0.441031 -0.017764 0.086929 0.455 0.459 0.435
0.444637 -0.018009 0.088058 0.306 0.153 0.145
0.448778 -0.019051 0.089554 0.353 0.145 0.122
0.452360 -0.019320 0.090682 0.400 0.169 0.098
0.455932 -0.019601 0.091810 0.475 0.235 0.098
0.459494 -0.019893 0.092938 0.494 0.255 0.118
0.463584 -0.020990 0.094433 0.506 0.278 0.102
0.467122 -0.021307 0.095561 0.510 0.290 0.082
0.470649 -0.021635 0.096688 0.510 0.310 0.086
0.474166 -0.021975 0.097816 0.510 0.318 0.094
0.477140 -0.021526 0.098575 0.525 0.333 0.110
0.479577 -0.020282 0.098967 0.529 0.341 0.098
0.482538 -0.019846 0.099726 0.518 0.329 0.078
0.484966 -0.018612 0.100117 0.518 0.341 0.094
0.487390 -0.017381 0.100509 0.494 0.337 0.165
0.489287 -0.015344 0.100533 0.475 0.318 0.145
0.491184 -0.013307 0.100557 0.522 0.518 0.459
0.493080 -0.011271 0.100580 0.490 0.529 0.482
0.495496 -0.010050 0.100972 0.486 0.486 0.471
0.497391 -0.008015 0.100996 0.247 0.212 0.231
0.499286 -0.005980 0.101019 0.239 0.204 0.224
0.501181 -0.003945 0.101043 0.353 0.329 0.353
0.503076 -0.001910 0.101067 0.353 0.329 0.353
0.504461 0.000950 0.100723 0.306 0.271 0.290
0.506358 0.002986 0.100747 0.506 0.502 0.443
0.507749 0.005852 0.100403 0.494 0.490 0.431
0.509144 0.008721 0.100060 0.482 0.467 0.424
0.510542 0.011595 0.099716 0.471 0.475 0.424
0.511943 0.014472 0.099373 0.467 0.498 0.447
0.512850 0.018189 0.098662 0.490 0.522 0.471
0.513763 0.021914 0.097952 0.231 0.286 0.294
0.514684 0.025646 0.097241 0.310 0.404 0.443
0.515118 0.030229 0.096163 0.322 0.404 0.427
0.516054 0.033978 0.095453 0.267 0.357 0.384
0.516507 0.038581 0.094375 0.290 0.380 0.408
0.517460 0.042348 0.093665 0.353 0.427 0.443
0.518419 0.046122 0.092955 0.388 0.439 0.435
0.519870 0.049052 0.092612 0.498 0.549 0.529
0.436203 -0.015309 0.081763 0.290 0.243 0.235
0.439824 -0.015533 0.082898 0.322 0.275 0.267
0.443981 -0.016550 0.084404 0.329 0.149 0.133
0.448124 -0.017583 0.085909 0.380 0.149 0.122
0.451709 -0.017844 0.087044 0.420 0.157 0.098
0.455826 -0.018905 0.088549 0.459 0.192 0.090
0.459388 -0.019192 0.089684 0.467 0.200 0.098
0.463478 -0.020281 0.091189 0.467 0.196 0.078
0.467017 -0.020592 0.092324 0.522 0.255 0.118
0.470545 -0.020914 0.093458 0.490 0.243 0.090
0.474063 -0.021248 0.094592 0.486 0.275 0.082
0.477039 -0.020793 0.095356 0.541 0.329 0.137
0.480008 -0.020346 0.096120 0.533 0.345 0.094
0.482441 -0.019103 0.096514 0.525 0.337 0.086
0.484871 -0.017864 0.096908 0.518 0.341 0.094
0.487298 -0.016629 0.097302 0.490 0.349 0.188
0.489721 -0.015398 0.097696 0.482 0.341 0.180
0.491620 -0.013359 0.097719 0.510 0.518 0.455
0.493518 -0.011320 0.097743 0.510 0.510 0.486
0.495934 -0.010096 0.098137 0.306 0.239 0.247
0.497831 -0.008060 0.098161 0.486 0.451 0.424
0.499728 -0.006023 0.098184 0.502 0.467 0.439
0.501625 -0.003986 0.098208 0.529 0.502 0.471
0.503522 -0.001949 0.098232 0.529 0.502 0.471
0.505418 0.000087 0.098256 0.494 0.478 0.435
0.506809 0.002950 0.097910 0.498 0.486 0.431
0.508707 0.004989 0.097934 0.490 0.478 0.424
0.510103 0.007857 0.097588 0.478 0.467 0.412
0.511501 0.010730 0.097242 0.486 0.478 0.431
0.512904 0.013606 0.096896 0.467 0.498 0.447
0.513812 0.017322 0.096181 0.475 0.506 0.455
0.514727 0.021045 0.095466 0.275 0.341 0.353
0.515155 0.025615 0.094381 0.341 0.439 0.467
0.516086 0.029356 0.093666 0.333 0.420 0.431
0.516533 0.033947 0.092582 0.278 0.361 0.384
0.517480 0.037704 0.091867 0.310 0.392 0.416
0.518434 0.041469 0.091152 0.349 0.424 0.431
0.519396 0.045242 0.090437 0.392 0.443 0.439
0.435548 -0.013873 0.078079 0.286 0.204 0.200
0.439171 -0.014088 0.079221 0.298 0.216 0.212
0.443330 -0.015096 0.080736 0.341 0.153 0.137
0.447475 -0.016120 0.082251 0.400 0.165 0.114
0.451606 -0.017159 0.083765 0.427 0.165 0.098
0.455722 -0.018213 0.085280 0.443 0.188 0.067
0.459285 -0.018493 0.086421 0.443 0.188 0.067
0.463375 -0.019576 0.087936 0.435 0.184 0.043
0.466915 -0.019880 0.089077 0.451 0.204 0.051
0.470445 -0.020196 0.090218 0.475 0.267 0.055
0.473963 -0.020524 0.091359 0.443 0.192 0.051
0.477471 -0.020862 0.092500 0.451 0.200 0.059
0.479911 -0.019611 0.092897 0.541 0.329 0.137
0.482875 -0.019166 0.093665 0.525 0.337 0.086
0.485306 -0.017925 0.094062 0.525 0.333 0.102
0.487733 -0.016687 0.094458 0.463 0.337 0.204
0.489635 -0.014644 0.094482 0.529 0.404 0.271
0.492057 -0.013412 0.094878 0.510 0.518 0.467
0.493958 -0.011371 0.094901 0.471 0.502 0.459
0.496375 -0.010145 0.095297 0.486 0.518 0.475
0.498273 -0.008106 0.095321 0.494 0.514 0.467
0.500172 -0.006068 0.095345 0.478 0.498 0.451
0.502071 -0.004029 0.095369 0.478 0.482 0.439
0.503969 -0.001990 0.095393 0.467 0.459 0.420
0.505868 0.000048 0.095417 0.486 0.451 0.416
0.507766 0.002087 0.095440 0.455 0.392 0.373
0.509161 0.004953 0.095092 0.455 0.392 0.373
0.511061 0.006993 0.095116 0.467 0.392 0.376
0.512461 0.009865 0.094768 0.443 0.400 0.380
0.513366 0.013573 0.094048 0.463 0.494 0.451
0.514277 0.017289 0.093328 0.424 0.455 0.412
0.515196 0.021013 0.092608 0.275 0.329 0.345
0.516122 0.024744 0.091889 0.318 0.384 0.404
0.516563 0.029323 0.090797 0.341 0.396 0.404
0.517015 0.033914 0.089706 0.302 0.376 0.384
0.517965 0.037672 0.088986 0.345 0.420 0.427
0.518923 0.041437 0.088267 0.369 0.443 0.443
0.519887 0.045210 0.087548 0.420 0.471 0.459
0.434350 -0.011664 0.074006 0.349 0.208 0.208
0.438525 -0.012648 0.075531 0.325 0.184 0.184
0.442685 -0.013648 0.077055 0.435 0.235 0.180
0.447376 -0.015445 0.078953 0.443 0.251 0.090
0.451506 -0.016477 0.080477 0.518 0.357 0.122
0.455623 -0.017524 0.082001 0.522 0.365 0.102
0.459187 -0.017798 0.083150 0.525 0.369 0.106
0.463277 -0.018873 0.084673 0.518 0.373 0.086
0.467352 -0.019964 0.086196 0.510 0.357 0.067
0.470881 -0.020276 0.087344 0.518 0.353 0.082
0.474399 -0.020599 0.088492 0.525 0.298 0.137
0.477376 -0.020135 0.089266 0.431 0.204 0.043
0.480347 -0.019679 0.090039 0.537 0.310 0.149
0.483310 -0.019231 0.090812 0.518 0.325 0.094
0.485742 -0.017986 0.091210 0.514 0.322 0.098
0.488170 -0.016746 0.091609 0.435 0.325 0.208
0.490074 -0.014701 0.091633 0.549 0.439 0.322
0.492497 -0.013466 0.092031 0.502 0.522 0.475
0.494399 -0.011424 0.092055 0.490 0.522 0.478
0.496817 -0.010195 0.092453 0.490 0.522 0.478
0.498717 -0.008154 0.092477 0.494 0.525 0.475
0.500618 -0.006114 0.092501 0.486 0.518 0.467
0.502518 -0.004073 0.092525 0.486 0.518 0.467
0.504419 -0.002033 0.092549 0.494 0.514 0.467
0.506319 0.000008 0.092573 0.498 0.490 0.451
0.508219 0.002048 0.092597 0.439 0.396 0.361
0.510120 0.004089 0.092620 0.431 0.388 0.353
0.511519 0.006958 0.092270 0.439 0.384 0.361
0.512921 0.009830 0.091920 0.416 0.400 0.365
0.514327 0.012707 0.091569 0.463 0.490 0.459
0.515241 0.016421 0.090845 0.416 0.443 0.412
0.516161 0.020143 0.090120 0.302 0.345 0.345
0.517089 0.023873 0.089396 0.290 0.337 0.345
0.517532 0.028450 0.088298 0.302 0.345 0.345
0.517987 0.033038 0.087199 0.341 0.396 0.404
0.518452 0.037638 0.086101 0.365 0.420 0.427
0.519413 0.041403 0.085377 0.392 0.463 0.455
0.520865 0.044329 0.085028 0.435 0.478 0.463
0.434255 -0.011014 0.070670 0.380 0.220 0.188
0.438429 -0.011991 0.072203 0.341 0.180 0.149
0.442590 -0.012983 0.073737 0.518 0.341 0.200
0.447280 -0.014773 0.075647 0.514 0.376 0.098
0.451410 -0.015798 0.077180 0.525 0.388 0.094
0.455527 -0.016838 0.078713 0.525 0.392 0.086
0.459629 -0.017893 0.080245 0.525 0.392 0.086
0.463717 -0.018964 0.081778 0.525 0.392 0.078
0.467257 -0.019258 0.082933 0.525 0.388 0.094
0.471319 -0.020357 0.084465 0.455 0.267 0.086
0.474305 -0.019880 0.085243 0.396 0.157 0.055
0.477813 -0.020208 0.086398 0.396 0.157 0.055
0.480257 -0.018950 0.086799 0.490 0.231 0.137
0.483222 -0.018496 0.087577 0.525 0.318 0.106
0.485656 -0.017247 0.087978 0.510 0.318 0.102
0.488087 -0.016002 0.088379 0.420 0.325 0.220
0.490515 -0.014760 0.088780 0.588 0.494 0.388
0.492939 -0.013523 0.089180 0.494 0.533 0.486
0.494842 -0.011478 0.089204 0.490 0.529 0.482
0.497261 -0.010246 0.089605 0.494 0.533 0.486
0.499163 -0.008204 0.089629 0.494 0.533 0.486
0.501065 -0.006162 0.089653 0.490 0.529 0.482
0.502967 -0.004119 0.089676 0.486 0.525 0.478
0.504870 -0.002077 0.089700 0.486 0.525 0.471
0.506772 -0.000034 0.089724 0.486 0.518 0.467
0.508674 0.002008 0.089748 0.475 0.506 0.455
0.510576 0.004051 0.089772 0.475 0.494 0.447
0.511978 0.006921 0.089419 0.482 0.490 0.447
0.513383 0.009794 0.089067 0.475 0.494 0.447
0.514792 0.012672 0.088714 0.459 0.486 0.455
0.516204 0.015553 0.088361 0.404 0.431 0.400
0.517126 0.019274 0.087632 0.333 0.357 0.357
0.517564 0.023839 0.086527 0.314 0.325 0.329
0.518012 0.028415 0.085422 0.294 0.294 0.294
0.518471 0.033003 0.084317 0.376 0.388 0.384
0.518940 0.037602 0.083212 0.388 0.400 0.396
0.519905 0.041368 0.082483 0.416 0.427 0.424
0.521360 0.044295 0.082131 0.416 0.439 0.431
0.434163 -0.010367 0.067324 0.373 0.216 0.157
0.438884 -0.012114 0.069246 0.341 0.184 0.125
0.442499 -0.012323 0.070409 0.514 0.361 0.169
0.447187 -0.014105 0.072331 0.514 0.388 0.098
0.451318 -0.015122 0.073873 0.525 0.388 0.094
0.455973 -0.016940 0.075795 0.525 0.392 0.086
0.460073 -0.017991 0.077337 0.529 0.396 0.090
0.464160 -0.019056 0.078878 0.537 0.404 0.098
0.467699 -0.019346 0.080041 0.494 0.333 0.106
0.471227 -0.019647 0.081203 0.349 0.137 0.027
0.474745 -0.019959 0.082365 0.376 0.145 0.067
0.477724 -0.019487 0.083147 0.380 0.149 0.071
0.480696 -0.019022 0.083930 0.475 0.216 0.129
0.483661 -0.018565 0.084712 0.522 0.322 0.106
0.486097 -0.017313 0.085115 0.514 0.322 0.106
0.488529 -0.016065 0.085519 0.404 0.310 0.212
0.490957 -0.014821 0.085922 0.600 0.506 0.408
0.493382 -0.013581 0.086325 0.506 0.525 0.471
0.495287 -0.011534 0.086349 0.494 0.525 0.482
0.497707 -0.010300 0.086752 0.498 0.529 0.486
0.499611 -0.008255 0.086776 0.498 0.529 0.486
0.501515 -0.006211 0.086799 0.494 0.525 0.482
0.503419 -0.004167 0.086823 0.490 0.522 0.478
0.505323 -0.002122 0.086847 0.490 0.522 0.471
0.507226 -0.000078 0.086871 0.486 0.518 0.467
0.509130 0.001966 0.086895 0.478 0.510 0.459
0.511034 0.004011 0.086919 0.471 0.502 0.451
0.512439 0.006882 0.086564 0.467 0.498 0.447
0.513846 0.009757 0.086209 0.467 0.498 0.447
0.515258 0.012635 0.085854 0.459 0.486 0.455
0.516673 0.015518 0.085499 0.396 0.424 0.392
0.517598 0.019238 0.084766 0.345 0.357 0.353
0.518040 0.023803 0.083653 0.357 0.345 0.333
0.518493 0.028379 0.082541 0.373 0.357 0.329
0.518957 0.032966 0.081429 0.396 0.369 0.345
0.519916 0.036723 0.080696 0.380 0.353 0.329
0.520399 0.041331 0.079584 0.404 0.392 0.380
0.521856 0.044259 0.079230 0.396 0.408 0.404
0.434075 -0.009723 0.063969 0.396 0.271 0.137
0.438795 -0.011463 0.065903 0.447 0.322 0.188
0.442954 -0.012444 0.067455 0.514 0.384 0.122
0.447098 -0.013439 0.069006 0.518 0.396 0.086
0.451768 -0.015232 0.070939 0.522 0.400 0.090
0.456421 -0.017044 0.072872 0.557 0.416 0.157
0.460519 -0.018089 0.074423 0.408 0.267 0.008
0.464604 -0.019150 0.075974 0.400 0.216 0.059
0.468142 -0.019435 0.077144 0.459 0.251 0.114
0.471670 -0.019732 0.078313 0.341 0.133 0.012
0.475186 -0.020040 0.079481 0.435 0.212 0.094
0.478166 -0.019564 0.080269 0.455 0.231 0.114
0.481138 -0.019096 0.081056 0.502 0.267 0.110
0.484103 -0.018635 0.081843 0.525 0.325 0.102
0.486539 -0.017381 0.082248 0.506 0.333 0.110
0.488972 -0.016130 0.082654 0.463 0.357 0.263
0.491401 -0.014883 0.083059 0.522 0.416 0.322
0.493827 -0.013640 0.083465 0.482 0.424 0.384
0.495734 -0.011592 0.083489 0.376 0.337 0.329
0.498154 -0.010355 0.083894 0.361 0.325 0.337
0.500060 -0.008308 0.083918 0.373 0.337 0.349
0.501966 -0.006262 0.083942 0.392 0.357 0.369
0.503872 -0.004216 0.083966 0.447 0.412 0.392
0.505777 -0.002170 0.083989 0.459 0.424 0.396
0.507683 -0.000123 0.084013 0.451 0.416 0.388
0.509589 0.001923 0.084037 0.451 0.416 0.388
0.511494 0.003969 0.084061 0.451 0.416 0.388
0.512901 0.006841 0.083704 0.451 0.416 0.388
0.514312 0.009717 0.083347 0.447 0.420 0.388
0.515726 0.012597 0.082990 0.443 0.416 0.384
0.517143 0.015481 0.082632 0.424 0.396 0.365
0.517581 0.020035 0.081513 0.408 0.380 0.357
0.518519 0.023765 0.080775 0.424 0.369 0.345
0.518976 0.028341 0.079656 0.424 0.369 0.337
0.519444 0.032928 0.078537 0.376 0.349 0.325
0.519922 0.037526 0.077419 0.373 0.345 0.322
0.520894 0.041292 0.076681 0.396 0.373 0.380
0.523316 0.042531 0.077086 0.412 0.443 0.439
0.433991 -0.009083 0.060605 0.451 0.337 0.176
0.438710 -0.010815 0.062550 0.471 0.357 0.196
0.443410 -0.012566 0.064495 0.510 0.388 0.114
0.448094 -0.014336 0.066440 0.514 0.400 0.086
0.452221 -0.015344 0.068001 0.545 0.420 0.137
0.456870 -0.017150 0.069945 0.345 0.176 0.024
0.460967 -0.018190 0.071506 0.322 0.153 0.000
0.465050 -0.019245 0.073066 0.361 0.169 0.067
0.468587 -0.019526 0.074242 0.447 0.239 0.110
0.472114 -0.019819 0.075418 0.471 0.278 0.125
0.475630 -0.020122 0.076594 0.514 0.306 0.129
0.478609 -0.019643 0.077385 0.482 0.275 0.098
0.481581 -0.019171 0.078177 0.506 0.275 0.090
0.484546 -0.018707 0.078969 0.522 0.322 0.098
0.486983 -0.017450 0.079377 0.506 0.333 0.110
0.489417 -0.016196 0.079784 0.471 0.376 0.286
0.491847 -0.014947 0.080192 0.510 0.416 0.325
0.494273 -0.013701 0.080600 0.486 0.416 0.373
0.496183 -0.011651 0.080624 0.451 0.392 0.388
0.498604 -0.010411 0.081031 0.369 0.325 0.341
0.500511 -0.008363 0.081055 0.369 0.325 0.349
0.502419 -0.006315 0.081079 0.380 0.337 0.361
0.504326 -0.004267 0.081103 0.400 0.361 0.361
0.506234 -0.002219 0.081127 0.380 0.333 0.325
0.508141 -0.000170 0.081151 0.376 0.337 0.337
0.510049 0.001878 0.081175 0.373 0.333 0.333
0.511956 0.003926 0.081199 0.380 0.341 0.341
0.513366 0.006799 0.080839 0.443 0.400 0.380
0.514779 0.009676 0.080480 0.451 0.396 0.373
0.516196 0.012557 0.080121 0.455 0.400 0.376
0.517123 0.016273 0.079378 0.443 0.388 0.365
0.517567 0.020828 0.078252 0.439 0.376 0.357
0.518511 0.024561 0.077509 0.439 0.376 0.357
0.518974 0.029138 0.076383 0.439 0.376 0.349
0.519448 0.033726 0.075257 0.353 0.333 0.318
0.520416 0.037485 0.074515 0.353 0.333 0.318
0.520910 0.042094 0.073390 0.396 0.380 0.384
0.523334 0.043338 0.073797 0.510 0.541 0.529
0.434455 -0.009219 0.057618 0.455 0.345 0.157
0.439171 -0.010945 0.059575 0.478 0.369 0.180
0.444410 -0.013467 0.061918 0.518 0.416 0.133
0.448550 -0.014454 0.063488 0.431 0.298 0.098
0.453212 -0.016237 0.065444 0.353 0.180 0.071
0.457322 -0.017257 0.067014 0.333 0.133 0.063
0.461417 -0.018292 0.068583 0.333 0.133 0.063
0.465498 -0.019342 0.070152 0.357 0.149 0.090
0.469034 -0.019619 0.071335 0.384 0.157 0.059
0.472560 -0.019907 0.072518 0.490 0.282 0.098
0.476075 -0.020206 0.073701 0.498 0.298 0.082
0.479054 -0.019723 0.074497 0.490 0.290 0.075
0.482026 -0.019248 0.075294 0.506 0.286 0.078
0.484991 -0.018780 0.076090 0.514 0.314 0.082
0.487429 -0.017520 0.076500 0.506 0.329 0.118
0.489864 -0.016264 0.076910 0.482 0.392 0.310
0.492295 -0.015012 0.077320 0.502 0.412 0.329
0.494722 -0.013764 0.077730 0.486 0.416 0.373
0.496633 -0.011712 0.077754 0.459 0.396 0.384
0.498544 -0.009660 0.077778 0.369 0.325 0.349
0.500455 -0.007608 0.077802 0.353 0.310 0.333
0.502874 -0.006369 0.078212 0.361 0.325 0.353
0.504783 -0.004319 0.078236 0.373 0.337 0.357
0.506188 -0.001452 0.077874 0.353 0.318 0.329
0.508099 0.000600 0.077898 0.349 0.314 0.333
0.510010 0.002652 0.077922 0.361 0.325 0.345
0.511921 0.004704 0.077946 0.353 0.329 0.345
0.513832 0.006756 0.077970 0.424 0.392 0.388
0.515248 0.009634 0.077609 0.427 0.384 0.365
0.516174 0.013344 0.076861 0.447 0.392 0.369
0.517107 0.017062 0.076114 0.443 0.388 0.365
0.518047 0.020787 0.075366 0.439 0.376 0.357
0.518505 0.025354 0.074234 0.447 0.373 0.357
0.519461 0.029096 0.073487 0.439 0.376 0.349
0.519940 0.033684 0.072354 0.365 0.325 0.318
0.520429 0.038283 0.071221 0.369 0.329 0.322
0.520928 0.042893 0.070089 0.451 0.431 0.424
0.430190 -0.007655 0.052657 0.475 0.427 0.349
0.434921 -0.009356 0.054626 0.400 0.353 0.275
0.440176 -0.011851 0.056983 0.486 0.369 0.188
0.444870 -0.013592 0.058951 0.318 0.165 0.035
0.449546 -0.015352 0.060919 0.298 0.145 0.075
0.453667 -0.016351 0.062498 0.318 0.145 0.082
0.457775 -0.017366 0.064077 0.329 0.129 0.075
0.461868 -0.018395 0.065656 0.329 0.129 0.075
0.465947 -0.019440 0.067235 0.345 0.141 0.098
0.469483 -0.019713 0.068424 0.376 0.153 0.071
0.473008 -0.019997 0.069614 0.486 0.278 0.094
0.476522 -0.020292 0.070804 0.510 0.310 0.078
0.479501 -0.019806 0.071605 0.494 0.294 0.063
0.482473 -0.019327 0.072406 0.506 0.286 0.063
0.485438 -0.018855 0.073207 0.514 0.306 0.086
0.487877 -0.017593 0.073619 0.514 0.337 0.133
0.490312 -0.016334 0.074032 0.486 0.396 0.314
0.492744 -0.015079 0.074444 0.502 0.412 0.329
0.495172 -0.013828 0.074856 0.486 0.416 0.373
0.497085 -0.011774 0.074881 0.467 0.404 0.392
0.498998 -0.009720 0.074905 0.353 0.318 0.337
0.500911 -0.007667 0.074929 0.341 0.306 0.325
0.502823 -0.005613 0.074953 0.329 0.314 0.333
0.504736 -0.003559 0.074977 0.353 0.337 0.349
0.506649 -0.001505 0.075001 0.337 0.314 0.329
0.508562 0.000549 0.075025 0.333 0.310 0.333
0.510474 0.002603 0.075049 0.337 0.314 0.337
0.512387 0.004656 0.075073 0.322 0.306 0.325
0.513804 0.007534 0.074708 0.329 0.314 0.333
0.514730 0.011240 0.073956 0.337 0.314 0.322
0.516155 0.014127 0.073592 0.400 0.357 0.337
0.517094 0.017847 0.072841 0.412 0.369 0.349
0.518039 0.021575 0.072089 0.439 0.376 0.357
0.518991 0.025310 0.071337 0.451 0.376 0.361
0.519465 0.029887 0.070197 0.439 0.365 0.349
0.519466 0.035313 0.068670 0.435 0.361 0.345
0.520445 0.039077 0.067919 0.439 0.376 0.357
0.520471 0.044529 0.066392 0.478 0.447 0.443
0.431205 -0.008569 0.050041 0.431 0.380 0.294
0.435388 -0.009495 0.051630 0.400 0.349 0.263
0.440640 -0.011983 0.054001 0.431 0.275 0.173
0.445331 -0.013718 0.055980 0.341 0.153 0.078
0.450542 -0.016250 0.058351 0.290 0.133 0.082
0.454660 -0.017246 0.059939 0.310 0.133 0.082
0.458764 -0.018257 0.061527 0.329 0.125 0.082
0.462854 -0.019284 0.063115 0.325 0.122 0.078
0.466929 -0.020325 0.064703 0.345 0.141 0.098
0.470462 -0.020595 0.065900 0.369 0.145 0.071
0.473457 -0.020088 0.066706 0.486 0.286 0.102
0.476970 -0.020379 0.067902 0.518 0.318 0.086
0.479949 -0.019889 0.068708 0.494 0.294 0.063
0.482922 -0.019407 0.069514 0.506 0.286 0.063
0.485887 -0.018932 0.070319 0.514 0.306 0.078
0.488326 -0.017667 0.070734 0.506 0.325 0.141
0.490763 -0.016405 0.071149 0.494 0.404 0.322
0.493195 -0.015148 0.071563 0.502 0.412 0.329
0.495112 -0.013090 0.071587 0.486 0.416 0.373
0.497028 -0.011032 0.071611 0.467 0.404 0.392
0.498944 -0.008975 0.071635 0.357 0.314 0.337
0.500860 -0.006917 0.071659 0.345 0.302 0.325
0.502777 -0.004860 0.071684 0.337 0.314 0.329
0.504693 -0.002802 0.071708 0.345 0.322 0.337
0.506609 -0.000744 0.071732 0.349 0.314 0.333
0.508526 0.001313 0.071756 0.337 0.314 0.337
0.510442 0.003371 0.071780 0.337 0.314 0.337
0.512358 0.005429 0.071804 0.333 0.310 0.333
0.513779 0.008309 0.071437 0.325 0.302 0.318
0.514711 0.012018 0.070681 0.345 0.310 0.322
0.516140 0.014907 0.070315 0.424 0.369 0.353
0.517084 0.018630 0.069558 0.427 0.373 0.357
0.518035 0.022359 0.068802 0.443 0.380 0.361
0.518992 0.026097 0.068045 0.447 0.373 0.357
0.518988 0.031510 0.066509 0.439 0.365 0.349
0.519481 0.036102 0.065363 0.435 0.361 0.345
0.520465 0.039868 0.064607 0.443 0.388 0.365
0.522415 0.041961 0.064631 0.494 0.475 0.467
0.431676 -0.008715 0.047031 0.431 0.369 0.286
0.436400 -0.010407 0.049022 0.427 0.365 0.282
0.441646 -0.012890 0.051407 0.408 0.220 0.153
0.446333 -0.014621 0.053398 0.357 0.133 0.106
0.451538 -0.017147 0.055782 0.306 0.125 0.102
0.456188 -0.018919 0.057773 0.306 0.125 0.094
0.460286 -0.019929 0.059370 0.325 0.122 0.086
0.463839 -0.020172 0.060574 0.325 0.122 0.086
0.467382 -0.020426 0.061778 0.365 0.149 0.129
0.470913 -0.020692 0.062982 0.412 0.188 0.153
0.474435 -0.020969 0.064185 0.490 0.282 0.161
0.477421 -0.020468 0.064996 0.514 0.322 0.106
0.480400 -0.019975 0.065806 0.486 0.294 0.078
0.483372 -0.019489 0.066616 0.502 0.294 0.075
0.486337 -0.019010 0.067427 0.510 0.302 0.082
0.488778 -0.017742 0.067844 0.478 0.318 0.165
0.491215 -0.016478 0.068261 0.471 0.396 0.337
0.493135 -0.014417 0.068285 0.482 0.408 0.349
0.495054 -0.012355 0.068309 0.451 0.369 0.349
0.496974 -0.010294 0.068333 0.424 0.357 0.357
0.498894 -0.008233 0.068357 0.373 0.322 0.337
0.500814 -0.006171 0.068381 0.365 0.314 0.329
0.502734 -0.004110 0.068405 0.388 0.337 0.353
0.504654 -0.002048 0.068429 0.384 0.337 0.337
0.506573 0.000013 0.068454 0.388 0.341 0.341
0.508493 0.002075 0.068478 0.384 0.337 0.337
0.510413 0.004136 0.068502 0.388 0.341 0.341
0.511837 0.007017 0.068133 0.408 0.349 0.345
0.513264 0.009903 0.067765 0.412 0.349 0.337
0.514202 0.013615 0.067003 0.420 0.357 0.337
0.515639 0.016510 0.066635 0.439 0.365 0.349
0.516589 0.020236 0.065874 0.447 0.373 0.357
0.517547 0.023970 0.065113 0.439 0.365 0.349
0.518512 0.027711 0.064352 0.427 0.365 0.345
0.519000 0.032294 0.063199 0.424 0.369 0.345
0.519499 0.036887 0.062046 0.424 0.369 0.345
0.520008 0.041492 0.060893 0.447 0.427 0.420
0.516223 0.053660 0.056208 0.443 0.455 0.451
0.432149 -0.008863 0.044016 0.439 0.369 0.290
0.437411 -0.011318 0.046415 0.435 0.365 0.286
0.442652 -0.013796 0.048813 0.412 0.224 0.165
0.447334 -0.015523 0.050816 0.373 0.137 0.122
0.452534 -0.018045 0.053214 0.322 0.125 0.106
0.457179 -0.019812 0.055216 0.314 0.118 0.090
0.461274 -0.020819 0.056823 0.325 0.122 0.086
0.464825 -0.021060 0.058033 0.329 0.125 0.090
0.468364 -0.021312 0.059244 0.392 0.165 0.165
0.471367 -0.020790 0.060059 0.427 0.192 0.176
0.474887 -0.021063 0.061270 0.486 0.263 0.180
0.477873 -0.020558 0.062085 0.518 0.314 0.110
0.480852 -0.020061 0.062900 0.514 0.310 0.106
0.483824 -0.019572 0.063715 0.510 0.310 0.078
0.486789 -0.019090 0.064530 0.506 0.306 0.075
0.489231 -0.017820 0.064949 0.467 0.318 0.169
0.491154 -0.015754 0.064973 0.502 0.353 0.204
0.493590 -0.014489 0.065393 0.482 0.408 0.357
0.495512 -0.012426 0.065417 0.435 0.361 0.337
0.497433 -0.010363 0.065441 0.400 0.333 0.333
0.499355 -0.008300 0.065465 0.365 0.314 0.329
0.501277 -0.006236 0.065489 0.365 0.314 0.329
0.503198 -0.004173 0.065513 0.412 0.361 0.376
0.504618 -0.001298 0.065142 0.420 0.373 0.365
0.506541 0.000767 0.065166 0.420 0.373 0.365
0.508464 0.002833 0.065190 0.420 0.373 0.365
0.509891 0.005715 0.064820 0.427 0.380 0.373
0.511816 0.007782 0.064844 0.439 0.384 0.369
0.513248 0.010670 0.064473 0.435 0.392 0.365
0.514191 0.014385 0.063707 0.439 0.384 0.361
0.515632 0.017283 0.063336 0.412 0.369 0.349
0.516588 0.021012 0.062571 0.408 0.365 0.345
0.517551 0.024747 0.061805 0.408 0.396 0.376
0.518521 0.028491 0.061040 0.396 0.400 0.384
0.518533 0.033907 0.059485 0.400 0.416 0.396
0.519039 0.038504 0.058325 0.400 0.416 0.396
0.519557 0.043113 0.057165 0.424 0.447 0.439
0.515787 0.055276 0.052453 0.424 0.467 0.459
0.432624 -0.009012 0.040997 0.459 0.388 0.310
0.438422 -0.012230 0.043807 0.431 0.361 0.282
0.443658 -0.014703 0.046220 0.424 0.243 0.173
0.448336 -0.016426 0.048234 0.420 0.188 0.161
0.453531 -0.018943 0.050645 0.373 0.137 0.129
0.457638 -0.019929 0.052261 0.322 0.114 0.098
0.461731 -0.020931 0.053877 0.341 0.114 0.098
0.465281 -0.021167 0.055095 0.365 0.137 0.122
0.468819 -0.021415 0.056313 0.435 0.180 0.188
0.471821 -0.020890 0.057132 0.455 0.192 0.204
0.474816 -0.020372 0.057952 0.486 0.231 0.196
0.477804 -0.019862 0.058772 0.514 0.314 0.129
0.480785 -0.019360 0.059591 0.533 0.333 0.149
0.483759 -0.018865 0.060411 0.518 0.345 0.071
0.486726 -0.018378 0.061230 0.506 0.329 0.082
0.489170 -0.017103 0.061652 0.463 0.329 0.200
0.491097 -0.015034 0.061676 0.510 0.376 0.247
0.493536 -0.013764 0.062098 0.435 0.404 0.357
0.495461 -0.011697 0.062122 0.431 0.404 0.380
0.497386 -0.009630 0.062146 0.424 0.392 0.380
0.499311 -0.007563 0.062170 0.435 0.404 0.392
0.501236 -0.005496 0.062195 0.463 0.431 0.420
0.503161 -0.003429 0.062219 0.443 0.412 0.400
0.505087 -0.001361 0.062243 0.420 0.400 0.384
0.506512 0.001518 0.061870 0.435 0.424 0.404
0.508439 0.003587 0.061894 0.431 0.420 0.400
0.510366 0.005656 0.061918 0.416 0.404 0.384
0.511799 0.008544 0.061545 0.435 0.427 0.396
0.513235 0.011435 0.061172 0.443 0.435 0.404
0.514184 0.015152 0.060402 0.443 0.435 0.404
0.515140 0.018877 0.059632 0.427 0.427 0.404
0.516103 0.022610 0.058861 0.427 0.427 0.404
0.517073 0.026350 0.058091 0.404 0.420 0.400
0.517566 0.030927 0.056924 0.388 0.416 0.392
0.518071 0.035516 0.055757 0.388 0.420 0.408
0.518105 0.040950 0.054194 0.392 0.424 0.412
0.519111 0.044728 0.053424 0.404 0.447 0.439
0.515357 0.056887 0.048684 0.412 0.455 0.447
0.433641 -0.009929 0.038373 0.475 0.396 0.310
0.438894 -0.012373 0.040800 0.439 0.361 0.275
0.444126 -0.014839 0.043226 0.420 0.239 0.161
0.449337 -0.017329 0.045651 0.424 0.184 0.161
0.453993 -0.019067 0.047677 0.396 0.141 0.141
0.458098 -0.020048 0.049302 0.322 0.106 0.094
0.462190 -0.021045 0.050927 0.325 0.110 0.098
0.465738 -0.021277 0.052152 0.400 0.157 0.145
0.469276 -0.021520 0.053376 0.447 0.184 0.180
0.472278 -0.020991 0.054201 0.463 0.200 0.196
0.475273 -0.020470 0.055025 0.482 0.235 0.180
0.478261 -0.019957 0.055849 0.490 0.243 0.188
0.481242 -0.019451 0.056674 0.522 0.341 0.122
0.484216 -0.018953 0.057498 0.510 0.337 0.071
0.486666 -0.017669 0.057922 0.502 0.333 0.082
0.489113 -0.016389 0.058346 0.447 0.337 0.227
0.491043 -0.014316 0.058370 0.518 0.408 0.298
0.493485 -0.013042 0.058794 0.396 0.427 0.384
0.495414 -0.010971 0.058819 0.388 0.439 0.420
0.497342 -0.008900 0.058843 0.404 0.455 0.443
0.499271 -0.006829 0.058867 0.459 0.482 0.475
0.501200 -0.004759 0.058891 0.439 0.463 0.455
0.503128 -0.002688 0.058915 0.420 0.443 0.435
0.505057 -0.000617 0.058940 0.420 0.451 0.439
0.506487 0.002266 0.058564 0.420 0.463 0.447
0.508417 0.004339 0.058588 0.420 0.463 0.447
0.509853 0.007227 0.058213 0.420 0.463 0.447
0.511291 0.010120 0.057838 0.404 0.447 0.431
0.512734 0.013016 0.057462 0.404 0.447 0.431
0.514180 0.015916 0.057087 0.404 0.435 0.424
0.514653 0.020466 0.055913 0.400 0.431 0.420
0.515623 0.024203 0.055138 0.384 0.427 0.412
0.516116 0.028774 0.053964 0.380 0.424 0.408
0.517102 0.032528 0.053190 0.376 0.420 0.404
0.517614 0.037120 0.052016 0.373 0.424 0.412
0.517657 0.042556 0.050443 0.369 0.420 0.408
0.517715 0.048008 0.048870 0.396 0.447 0.443
0.514932 0.058494 0.044901 0.455 0.506 0.494
0.434119 -0.010080 0.035347 0.471 0.384 0.282
0.439907 -0.013285 0.038190 0.427 0.341 0.239
0.445133 -0.015747 0.040630 0.412 0.216 0.133
0.449804 -0.017460 0.042667 0.435 0.173 0.169
0.454457 -0.019192 0.044704 0.435 0.161 0.169
0.458560 -0.020168 0.046338 0.404 0.129 0.137
0.462650 -0.021160 0.047972 0.408 0.133 0.141
0.466198 -0.021388 0.049204 0.455 0.169 0.180
0.469735 -0.021627 0.050435 0.478 0.192 0.204
0.472737 -0.021094 0.051265 0.494 0.247 0.200
0.475732 -0.020570 0.052094 0.498 0.294 0.145
0.478720 -0.020053 0.052922 0.506 0.302 0.153
0.481700 -0.019543 0.053751 0.525 0.333 0.110
0.484157 -0.018251 0.054178 0.510 0.337 0.071
0.486610 -0.016963 0.054604 0.506 0.333 0.094
0.489059 -0.015679 0.055031 0.424 0.349 0.243
0.490993 -0.013602 0.055055 0.514 0.439 0.333
0.493438 -0.012323 0.055481 0.380 0.427 0.388
0.495370 -0.010249 0.055506 0.373 0.443 0.427
0.497302 -0.008174 0.055530 0.373 0.431 0.427
0.499234 -0.006099 0.055554 0.353 0.404 0.400
0.501166 -0.004025 0.055578 0.349 0.400 0.396
0.503099 -0.001950 0.055603 0.376 0.427 0.424
0.505031 0.000125 0.055627 0.388 0.447 0.443
0.506465 0.003011 0.055249 0.388 0.447 0.443
0.508399 0.005087 0.055274 0.388 0.447 0.443
0.509839 0.007979 0.054896 0.380 0.439 0.435
0.511282 0.010874 0.054518 0.365 0.424 0.420
0.512729 0.013773 0.054141 0.373 0.431 0.420
0.513690 0.017497 0.053361 0.376 0.427 0.416
0.514659 0.021228 0.052582 0.380 0.431 0.420
0.515149 0.025791 0.051401 0.376 0.427 0.416
0.515649 0.030366 0.050220 0.373 0.424 0.412
0.516642 0.034123 0.049441 0.369 0.420 0.408
0.517163 0.038719 0.048261 0.369 0.420 0.408
0.517215 0.044157 0.046679 0.373 0.424 0.412
0.516805 0.050445 0.044695 0.388 0.447 0.443
0.520211 0.050066 0.045925 0.486 0.537 0.525
0.434598 -0.010233 0.032316 0.463 0.353 0.243
0.439844 -0.012664 0.034770 0.443 0.333 0.224
0.445605 -0.015886 0.037629 0.396 0.224 0.098
0.450272 -0.017593 0.039678 0.439 0.192 0.153
0.454922 -0.019319 0.041726 0.451 0.188 0.184
0.459024 -0.020290 0.043370 0.459 0.184 0.184
0.463112 -0.021277 0.045013 0.455 0.180 0.180
0.466659 -0.021500 0.046251 0.459 0.184 0.192
0.469670 -0.020955 0.047085 0.459 0.184 0.184
0.472674 -0.020417 0.047919 0.475 0.220 0.169
0.475670 -0.019887 0.048753 0.510 0.302 0.133
0.478660 -0.019365 0.049586 0.514 0.306 0.137
0.481643 -0.018850 0.050420 0.514 0.322 0.098
0.484102 -0.017553 0.050849 0.510 0.322 0.071
0.486557 -0.016261 0.051278 0.486 0.325 0.098
0.489009 -0.014971 0.051706 0.408 0.373 0.290
0.490947 -0.012891 0.051731 0.455 0.420 0.337
0.493394 -0.011608 0.052159 0.357 0.416 0.404
0.495330 -0.009529 0.052184 0.369 0.443 0.443
0.497265 -0.007451 0.052208 0.369 0.443 0.443
0.499201 -0.005372 0.052232 0.384 0.455 0.447
0.501137 -0.003294 0.052257 0.373 0.443 0.435
0.503072 -0.001215 0.052281 0.365 0.435 0.427
0.505008 0.000863 0.052305 0.376 0.447 0.439
0.506447 0.003752 0.051925 0.361 0.431 0.424
0.508385 0.005833 0.051949 0.376 0.447 0.439
0.509829 0.008727 0.051570 0.365 0.435 0.427
0.511276 0.011625 0.051190 0.357 0.427 0.420
0.512238 0.015345 0.050406 0.361 0.420 0.416
0.513694 0.018253 0.050026 0.353 0.412 0.408
0.514182 0.022808 0.048838 0.353 0.412 0.408
0.514680 0.027375 0.047650 0.361 0.420 0.416
0.515188 0.031952 0.046463 0.357 0.416 0.412
0.515708 0.036542 0.045275 0.357 0.416 0.412
0.516717 0.040313 0.044492 0.357 0.416 0.412
0.516778 0.045754 0.042900 0.373 0.431 0.427
0.516378 0.052044 0.040905 0.443 0.502 0.490
0.519312 0.052507 0.041738 0.525 0.576 0.557
0.434540 -0.009624 0.028874 0.463 0.341 0.227
0.439785 -0.012046 0.031342 0.435 0.314 0.200
0.445542 -0.015258 0.034216 0.459 0.310 0.153
0.450742 -0.017727 0.036684 0.420 0.243 0.102
0.455390 -0.019448 0.038744 0.435 0.208 0.145
0.459490 -0.020414 0.040396 0.451 0.204 0.157
0.463048 -0.020620 0.041642 0.451 0.204 0.157
0.466596 -0.020837 0.042888 0.522 0.286 0.227
0.469608 -0.020286 0.043726 0.451 0.204 0.157
0.472614 -0.019743 0.044564 0.471 0.220 0.157
0.475612 -0.019208 0.045403 0.506 0.298 0.129
0.478604 -0.018680 0.046241 0.514 0.306 0.137
0.481588 -0.018160 0.047079 0.518 0.318 0.094
0.484050 -0.016859 0.047510 0.518 0.329 0.086
0.486508 -0.015561 0.047941 0.502 0.345 0.125
0.488963 -0.014267 0.048373 0.431 0.404 0.329
0.491414 -0.012978 0.048804 0.451 0.424 0.349
0.493354 -0.010895 0.048828 0.361 0.431 0.416
0.495799 -0.009611 0.049259 0.361 0.447 0.443
0.497737 -0.007531 0.049283 0.369 0.455 0.451
0.499674 -0.005450 0.049308 0.373 0.447 0.447
0.501612 -0.003370 0.049332 0.369 0.443 0.443
0.503050 -0.000484 0.048950 0.361 0.435 0.435
0.504989 0.001598 0.048974 0.373 0.447 0.447
0.506929 0.003681 0.048998 0.357 0.431 0.431
0.508868 0.005763 0.049023 0.369 0.447 0.435
0.509822 0.009472 0.048234 0.353 0.431 0.420
0.511274 0.012373 0.047852 0.341 0.420 0.408
0.512241 0.016095 0.047064 0.345 0.424 0.412
0.513215 0.019825 0.046275 0.333 0.404 0.396
0.514195 0.023563 0.045487 0.345 0.416 0.408
0.514700 0.028131 0.044292 0.345 0.416 0.408
0.515214 0.032710 0.043097 0.345 0.416 0.408
0.515260 0.038127 0.041497 0.349 0.420 0.412
0.515798 0.042731 0.040302 0.361 0.431 0.416
0.516346 0.047346 0.039108 0.380 0.451 0.435
0.516430 0.052805 0.037508 0.447 0.498 0.478
0.435024 -0.009781 0.025832 0.451 0.333 0.200
0.440265 -0.012196 0.028313 0.380 0.263 0.129
0.445484 -0.014634 0.030795 0.518 0.349 0.196
0.450682 -0.017095 0.033276 0.502 0.373 0.145
0.455329 -0.018807 0.035347 0.494 0.380 0.122
0.459429 -0.019766 0.037009 0.502 0.376 0.129
0.462988 -0.019966 0.038262 0.510 0.384 0.137
0.466536 -0.020177 0.039514 0.502 0.369 0.125
0.469551 -0.019621 0.040358 0.514 0.369 0.129
0.472558 -0.019072 0.041201 0.506 0.373 0.137
0.475558 -0.018532 0.042044 0.510 0.365 0.118
0.478551 -0.017999 0.042886 0.506 0.361 0.114
0.481538 -0.017473 0.043729 0.490 0.318 0.078
0.484002 -0.016167 0.044163 0.510 0.318 0.086
0.486463 -0.014865 0.044596 0.494 0.345 0.133
0.488920 -0.013567 0.045030 0.424 0.416 0.341
0.491374 -0.012272 0.045463 0.412 0.404 0.329
0.493824 -0.010982 0.045897 0.349 0.427 0.416
0.495765 -0.008897 0.045921 0.361 0.451 0.435
0.498211 -0.007612 0.046354 0.365 0.451 0.447
0.500150 -0.005530 0.046379 0.353 0.439 0.435
0.501589 -0.002645 0.045994 0.353 0.439 0.435
0.503530 -0.000561 0.046018 0.353 0.427 0.427
0.505471 0.001524 0.046043 0.349 0.424 0.424
0.507412 0.003608 0.046067 0.353 0.427 0.427
0.508859 0.006503 0.045683 0.353 0.427 0.427
0.509819 0.010214 0.044889 0.353 0.427 0.427
0.511276 0.013118 0.044505 0.349 0.416 0.420
0.512248 0.016842 0.043712 0.341 0.420 0.408
0.513227 0.020574 0.042919 0.333 0.412 0.400
0.514213 0.024314 0.042126 0.333 0.412 0.400
0.514723 0.028883 0.040925 0.361 0.439 0.427
0.514763 0.034288 0.039315 0.400 0.471 0.447
0.515297 0.038881 0.038113 0.400 0.463 0.427
0.515363 0.044314 0.036504 0.416 0.475 0.455
0.515444 0.049763 0.034894 0.420 0.478 0.459
0.516013 0.054394 0.033693 0.396 0.455 0.451
0.435509 -0.009940 0.022785 0.459 0.333 0.192
0.440211 -0.011584 0.024869 0.416 0.290 0.149
0.445962 -0.014779 0.027776 0.369 0.200 0.055
0.450626 -0.016465 0.029859 0.541 0.380 0.196
0.455271 -0.018170 0.031942 0.510 0.388 0.122
0.459371 -0.019122 0.033613 0.510 0.388 0.114
0.462931 -0.019315 0.034873 0.514 0.392 0.118
0.466480 -0.019520 0.036132 0.502 0.380 0.106
0.469496 -0.018959 0.036980 0.514 0.392 0.118
0.472506 -0.018405 0.037828 0.514 0.392 0.125
0.475508 -0.017859 0.038675 0.514 0.384 0.122
0.478502 -0.017320 0.039523 0.498 0.369 0.106
0.481490 -0.016789 0.040370 0.478 0.318 0.075
0.483957 -0.015479 0.040806 0.502 0.310 0.078
0.486421 -0.014172 0.041242 0.478 0.337 0.141
0.488881 -0.012869 0.041678 0.447 0.443 0.384
0.491337 -0.011570 0.042113 0.416 0.412 0.353
0.493790 -0.010275 0.042549 0.353 0.424 0.408
0.495735 -0.008187 0.042574 0.373 0.451 0.439
0.498183 -0.006897 0.043009 0.369 0.447 0.435
0.500125 -0.004811 0.043034 0.361 0.435 0.435
0.502068 -0.002725 0.043058 0.361 0.435 0.435
0.503513 0.000165 0.042671 0.341 0.431 0.416
0.505458 0.002253 0.042696 0.349 0.435 0.431
0.507403 0.004341 0.042720 0.345 0.431 0.427
0.508855 0.007239 0.042333 0.345 0.431 0.427
0.509820 0.010952 0.041536 0.345 0.431 0.427
0.511769 0.013046 0.041560 0.357 0.431 0.431
0.512745 0.016771 0.040762 0.361 0.439 0.420
0.513728 0.020503 0.039965 0.376 0.447 0.424
0.514234 0.025062 0.038756 0.388 0.459 0.435
0.514750 0.029633 0.037548 0.416 0.490 0.451
0.514798 0.035038 0.035929 0.439 0.498 0.486
0.514859 0.040458 0.034310 0.314 0.369 0.392
0.514934 0.045893 0.032691 0.212 0.259 0.314
0.515024 0.051344 0.031072 0.251 0.298 0.353
0.515128 0.056810 0.029454 0.455 0.506 0.541
0.434925 -0.008577 0.018906 0.455 0.325 0.169
0.440696 -0.011738 0.021829 0.431 0.302 0.145
0.445910 -0.014161 0.024338 0.333 0.169 0.004
0.451103 -0.016606 0.026847 0.341 0.176 0.012
0.455217 -0.017536 0.028527 0.471 0.353 0.067
0.459317 -0.018481 0.030208 0.514 0.400 0.086
0.462878 -0.018668 0.031474 0.514 0.400 0.086
0.466428 -0.018867 0.032741 0.510 0.396 0.082
0.469446 -0.018300 0.033593 0.416 0.278 0.000
0.472457 -0.017741 0.034445 0.455 0.251 0.094
0.475460 -0.017189 0.035298 0.475 0.294 0.102
0.478457 -0.016645 0.036150 0.514 0.333 0.141
0.481447 -0.016109 0.037002 0.502 0.349 0.102
0.483916 -0.014794 0.037440 0.478 0.322 0.067
0.486383 -0.013482 0.037878 0.459 0.318 0.157
0.488845 -0.012175 0.038316 0.424 0.439 0.420
0.491812 -0.011663 0.039168 0.427 0.443 0.424
0.493760 -0.009571 0.039193 0.365 0.435 0.427
0.496212 -0.008275 0.039631 0.361 0.435 0.435
0.498158 -0.006185 0.039655 0.365 0.451 0.447
0.500105 -0.004095 0.039680 0.365 0.459 0.451
0.502051 -0.002006 0.039704 0.357 0.451 0.443
0.503998 0.000084 0.039728 0.345 0.439 0.431
0.505449 0.002979 0.039339 0.345 0.439 0.431
0.507397 0.005071 0.039364 0.349 0.443 0.435
0.509345 0.007163 0.039388 0.349 0.443 0.435
0.510313 0.010877 0.038586 0.333 0.427 0.420
0.511777 0.013785 0.038197 0.376 0.463 0.459
0.512758 0.017512 0.037395 0.376 0.467 0.451
0.513746 0.021246 0.036593 0.420 0.490 0.475
0.514258 0.025807 0.035377 0.420 0.490 0.475
0.514781 0.030379 0.034162 0.290 0.365 0.373
0.514835 0.035785 0.032534 0.180 0.247 0.302
0.514904 0.041205 0.030906 0.145 0.224 0.282
0.514986 0.046641 0.029277 0.216 0.275 0.341
0.515083 0.052093 0.027650 0.239 0.298 0.365
0.428551 -0.004096 0.012073 0.455 0.412 0.314
0.434881 -0.007980 0.015429 0.459 0.318 0.165
0.440649 -0.011132 0.018368 0.439 0.298 0.145
0.445861 -0.013546 0.020891 0.412 0.259 0.075
0.451052 -0.015982 0.023414 0.502 0.369 0.133
0.455694 -0.017673 0.025520 0.498 0.384 0.071
0.459793 -0.018613 0.027209 0.514 0.404 0.071
0.463352 -0.018796 0.028483 0.514 0.404 0.071
0.466379 -0.018216 0.029340 0.510 0.396 0.075
0.469399 -0.017644 0.030197 0.424 0.231 0.016
0.472411 -0.017079 0.031054 0.455 0.216 0.078
0.475417 -0.016522 0.031911 0.490 0.306 0.106
0.478415 -0.015973 0.032768 0.510 0.325 0.125
0.481407 -0.015431 0.033624 0.514 0.353 0.110
0.483879 -0.014112 0.034065 0.502 0.353 0.094
0.486858 -0.013583 0.034921 0.451 0.337 0.176
0.489322 -0.012273 0.035362 0.275 0.294 0.322
0.491782 -0.010967 0.035802 0.294 0.314 0.341
0.494238 -0.009664 0.036243 0.263 0.333 0.369
0.496188 -0.007570 0.036267 0.263 0.341 0.384
0.498138 -0.005477 0.036292 0.176 0.290 0.329
0.500088 -0.003383 0.036316 0.161 0.286 0.329
0.502038 -0.001289 0.036341 0.145 0.271 0.314
0.503987 0.000804 0.036365 0.208 0.314 0.349
0.505937 0.002898 0.036390 0.204 0.310 0.345
0.507395 0.005798 0.035998 0.192 0.318 0.361
0.509346 0.007894 0.036023 0.176 0.302 0.345
0.510809 0.010799 0.035632 0.173 0.294 0.349
0.512275 0.013709 0.035240 0.169 0.302 0.341
0.513260 0.017436 0.034434 0.184 0.290 0.333
0.514251 0.021171 0.033627 0.153 0.216 0.290
0.514768 0.025731 0.032405 0.122 0.184 0.259
0.515295 0.030302 0.031183 0.106 0.192 0.278
0.514877 0.036528 0.029130 0.125 0.212 0.306
0.514952 0.041950 0.027492 0.145 0.224 0.310
0.515042 0.047386 0.025855 0.184 0.259 0.337
0.514673 0.053665 0.023802 0.200 0.275 0.353
0.428514 -0.003512 0.008568 0.455 0.392 0.310
0.434840 -0.007386 0.011943 0.427 0.259 0.161
0.440606 -0.010528 0.014898 0.424 0.255 0.157
0.445816 -0.012934 0.017435 0.482 0.329 0.129
0.451005 -0.015362 0.019971 0.494 0.380 0.067
0.455647 -0.017045 0.022089 0.494 0.396 0.051
0.459745 -0.017978 0.023788 0.506 0.408 0.063
0.463305 -0.018154 0.025068 0.506 0.408 0.063
0.466856 -0.018342 0.026349 0.498 0.376 0.059
0.469875 -0.017767 0.027210 0.459 0.267 0.043
0.472370 -0.016422 0.027653 0.478 0.275 0.078
0.475377 -0.015859 0.028515 0.498 0.318 0.098
0.478377 -0.015304 0.029376 0.510 0.329 0.110
0.481370 -0.014757 0.030238 0.510 0.353 0.098
0.484356 -0.014217 0.031099 0.510 0.353 0.090
0.486826 -0.012899 0.031542 0.471 0.369 0.212
0.489292 -0.011584 0.031985 0.227 0.271 0.314
0.491755 -0.010273 0.032427 0.204 0.247 0.290
0.494214 -0.008966 0.032870 0.180 0.282 0.353
0.496167 -0.006869 0.032895 0.180 0.290 0.357
0.498121 -0.004771 0.032919 0.192 0.314 0.369
0.500074 -0.002674 0.032944 0.157 0.267 0.325
0.502028 -0.000576 0.032968 0.184 0.294 0.353
0.503981 0.001521 0.032993 0.231 0.325 0.380
0.505934 0.003619 0.033017 0.239 0.333 0.388
0.507888 0.005716 0.033042 0.204 0.314 0.380
0.509351 0.008621 0.032648 0.208 0.318 0.384
0.510819 0.011530 0.032255 0.165 0.286 0.349
0.512776 0.013631 0.032279 0.169 0.298 0.357
0.513764 0.017359 0.031468 0.149 0.271 0.333
0.514759 0.021094 0.030657 0.137 0.208 0.298
0.515280 0.025653 0.029428 0.114 0.184 0.275
0.515332 0.031043 0.027781 0.106 0.192 0.278
0.515399 0.036448 0.026134 0.118 0.204 0.298
0.515004 0.042691 0.024070 0.137 0.224 0.310
0.514627 0.048952 0.022005 0.157 0.243 0.329
0.514740 0.054406 0.020359 0.200 0.275 0.345
0.429016 -0.003689 0.005475 0.431 0.337 0.275
0.434803 -0.006795 0.008447 0.412 0.255 0.153
0.441098 -0.010689 0.011840 0.447 0.290 0.188
0.446304 -0.013088 0.014390 0.490 0.365 0.110
0.451490 -0.015509 0.016941 0.490 0.392 0.055
0.456128 -0.017186 0.019070 0.494 0.396 0.051
0.460225 -0.018114 0.020778 0.502 0.404 0.059
0.463784 -0.018286 0.022065 0.490 0.392 0.047
0.466813 -0.017698 0.022932 0.482 0.329 0.047
0.469834 -0.017117 0.023798 0.494 0.318 0.063
0.472849 -0.016543 0.024664 0.506 0.333 0.067
0.475856 -0.015977 0.025530 0.502 0.337 0.067
0.478856 -0.015419 0.026396 0.514 0.349 0.078
0.481337 -0.014086 0.026842 0.518 0.353 0.082
0.484325 -0.013541 0.027708 0.510 0.353 0.090
0.486797 -0.012218 0.028153 0.447 0.365 0.235
0.489773 -0.011686 0.029019 0.173 0.251 0.302
0.492236 -0.010373 0.029464 0.180 0.259 0.310
0.494193 -0.008271 0.029488 0.133 0.243 0.310
0.496652 -0.006963 0.029933 0.125 0.243 0.318
0.498607 -0.004864 0.029958 0.122 0.247 0.325
0.500562 -0.002765 0.029982 0.106 0.231 0.310
0.502517 -0.000665 0.030007 0.110 0.235 0.314
0.504472 0.001434 0.030031 0.114 0.239 0.318
0.506427 0.003534 0.030056 0.118 0.235 0.310
0.507892 0.006438 0.029660 0.114 0.220 0.314
0.509849 0.008539 0.029685 0.106 0.212 0.306
0.511319 0.011449 0.029289 0.098 0.200 0.306
0.512792 0.014362 0.028893 0.082 0.196 0.298
0.513785 0.018092 0.028077 0.086 0.204 0.294
0.514786 0.021829 0.027262 0.078 0.196 0.286
0.515313 0.026390 0.026026 0.078 0.196 0.286
0.515373 0.031780 0.024370 0.090 0.196 0.290
0.515447 0.037186 0.022714 0.102 0.208 0.302
0.515535 0.042606 0.021058 0.129 0.227 0.310
0.514691 0.049690 0.018562 0.153 0.251 0.333
0.514339 0.055970 0.016487 0.204 0.290 0.345
0.429519 -0.003867 0.002378 0.420 0.318 0.267
0.435834 -0.007724 0.005789 0.420 0.275 0.141
0.441591 -0.010852 0.008777 0.475 0.329 0.196
0.446794 -0.013243 0.011341 0.482 0.373 0.094
0.451976 -0.015658 0.013905 0.490 0.392 0.055
0.456612 -0.017329 0.016046 0.494 0.396 0.051
0.460706 -0.018252 0.017764 0.510 0.376 0.071
0.464265 -0.018420 0.019058 0.478 0.345 0.039
0.467294 -0.017828 0.019929 0.478 0.310 0.051
0.470315 -0.017243 0.020800 0.498 0.322 0.067
0.473329 -0.016666 0.021670 0.506 0.341 0.063
0.476337 -0.016097 0.022541 0.506 0.341 0.063
0.479337 -0.015535 0.023412 0.514 0.349 0.071
0.481819 -0.014200 0.023860 0.510 0.357 0.075
0.484297 -0.012868 0.024307 0.506 0.361 0.082
0.487280 -0.012325 0.025178 0.404 0.337 0.224
0.489750 -0.011003 0.025625 0.169 0.263 0.310
0.492216 -0.009685 0.026073 0.184 0.278 0.325
0.494176 -0.007580 0.026097 0.149 0.271 0.333
0.496637 -0.006267 0.026545 0.145 0.263 0.337
0.498596 -0.004164 0.026569 0.137 0.255 0.329
0.500555 -0.002061 0.026594 0.122 0.239 0.322
0.502513 0.000042 0.026618 0.125 0.243 0.325
0.504472 0.002145 0.026643 0.129 0.255 0.333
0.506431 0.004249 0.026668 0.129 0.255 0.333
0.507900 0.007156 0.026269 0.106 0.224 0.314
0.509860 0.009261 0.026294 0.090 0.208 0.298
0.511334 0.012173 0.025896 0.094 0.196 0.302
0.512812 0.015090 0.025498 0.078 0.192 0.294
0.514294 0.018010 0.025100 0.082 0.196 0.298
0.515297 0.021748 0.024280 0.078 0.196 0.286
0.515829 0.026308 0.023037 0.078 0.196 0.286
0.515894 0.031697 0.021372 0.082 0.200 0.290
0.515498 0.037921 0.019284 0.102 0.208 0.302
0.515593 0.043342 0.017619 0.129 0.227 0.310
0.515230 0.049601 0.015532 0.153 0.251 0.333
0.514414 0.056704 0.013023 0.235 0.322 0.376
0.430557 -0.004803 -0.000299 0.380 0.278 0.227
0.436334 -0.007896 0.002706 0.459 0.329 0.173
0.442086 -0.011016 0.005709 0.467 0.337 0.180
0.447286 -0.013401 0.008288 0.490 0.365 0.110
0.452464 -0.015809 0.010866 0.490 0.373 0.078
0.457097 -0.017474 0.013018 0.475 0.282 0.067
0.461190 -0.018392 0.014744 0.451 0.247 0.051
0.464748 -0.018555 0.016045 0.467 0.263 0.067
0.467776 -0.017960 0.016921 0.494 0.322 0.082
0.470798 -0.017371 0.017797 0.486 0.349 0.071
0.473812 -0.016791 0.018672 0.498 0.361 0.075
0.476819 -0.016218 0.019548 0.486 0.349 0.063
0.479307 -0.014874 0.019998 0.494 0.357 0.071
0.482302 -0.014315 0.020873 0.506 0.361 0.075
0.484782 -0.012980 0.021323 0.498 0.357 0.090
0.487764 -0.012434 0.022198 0.271 0.224 0.145
0.489730 -0.010323 0.022222 0.173 0.267 0.322
0.492199 -0.009000 0.022672 0.169 0.263 0.318
0.494664 -0.007681 0.023122 0.145 0.263 0.337
0.496626 -0.005574 0.023147 0.129 0.255 0.325
0.498589 -0.003467 0.023171 0.118 0.243 0.322
0.500551 -0.001360 0.023196 0.122 0.247 0.325
0.502513 0.000746 0.023221 0.106 0.231 0.310
0.504475 0.002853 0.023245 0.106 0.231 0.318
0.506438 0.004960 0.023270 0.086 0.216 0.314
0.507911 0.007871 0.022870 0.090 0.212 0.310
0.509875 0.009979 0.022894 0.078 0.200 0.298
0.511354 0.012895 0.022494 0.078 0.200 0.298
0.512836 0.015815 0.022094 0.075 0.196 0.294
0.514322 0.018738 0.021694 0.078 0.200 0.298
0.515331 0.022478 0.020869 0.078 0.192 0.294
0.515869 0.027040 0.019619 0.078 0.192 0.294
0.515941 0.032429 0.017945 0.086 0.204 0.294
0.516027 0.037834 0.016270 0.102 0.208 0.302
0.516128 0.043254 0.014596 0.129 0.227 0.310
0.515300 0.050333 0.012073 0.153 0.251 0.333
0.514963 0.056611 0.009975 0.275 0.361 0.416
0.431595 -0.005738 -0.002975 0.384 0.259 0.235
0.437366 -0.008826 0.000045 0.416 0.259 0.157
0.443112 -0.011940 0.003065 0.459 0.302 0.200
0.448306 -0.014320 0.005657 0.475 0.314 0.122
0.452954 -0.015961 0.007821 0.463 0.263 0.078
0.457584 -0.017620 0.009985 0.443 0.216 0.055
0.461675 -0.018533 0.011721 0.427 0.224 0.067
0.465232 -0.018692 0.013029 0.455 0.251 0.094
0.468261 -0.018093 0.013909 0.404 0.290 0.090
0.471282 -0.017501 0.014789 0.369 0.282 0.059
0.474296 -0.016917 0.015669 0.373 0.290 0.047
0.476791 -0.015565 0.016122 0.447 0.337 0.067
0.479793 -0.014994 0.017002 0.459 0.349 0.078
0.482788 -0.014431 0.017881 0.486 0.349 0.071
0.485268 -0.013094 0.018334 0.478 0.337 0.078
0.487745 -0.011761 0.018786 0.239 0.200 0.145
0.490218 -0.010432 0.019238 0.161 0.263 0.325
0.492185 -0.008319 0.019263 0.157 0.259 0.322
0.494653 -0.006995 0.019715 0.122 0.247 0.318
0.496619 -0.004885 0.019740 0.122 0.247 0.325
0.499082 -0.003567 0.020192 0.133 0.259 0.337
0.501046 -0.001458 0.020216 0.129 0.255 0.333
0.502516 0.001448 0.019814 0.094 0.220 0.298
0.504482 0.003558 0.019838 0.090 0.216 0.302
0.506448 0.005669 0.019863 0.090 0.212 0.310
0.508414 0.007780 0.019888 0.078 0.200 0.298
0.509893 0.010695 0.019485 0.075 0.196 0.294
0.511377 0.013614 0.019083 0.071 0.184 0.286
0.512863 0.016536 0.018680 0.067 0.188 0.286
0.514353 0.019462 0.018278 0.063 0.184 0.282
0.515368 0.023204 0.017448 0.067 0.188 0.286
0.515912 0.027768 0.016192 0.067 0.188 0.286
0.515991 0.033158 0.014508 0.082 0.200 0.290
0.516085 0.038563 0.012825 0.094 0.200 0.294
0.516192 0.043984 0.011142 0.122 0.220 0.302
0.515844 0.050240 0.009032 0.149 0.247 0.329
0.515044 0.057340 0.006495 0.392 0.471 0.514
0.433696 -0.008182 -0.004791 0.384 0.247 0.227
0.438927 -0.010512 -0.002185 0.396 0.204 0.157
0.444665 -0.013622 0.000851 0.369 0.176 0.129
0.449852 -0.015999 0.003457 0.400 0.165 0.106
0.454494 -0.017638 0.005632 0.408 0.165 0.090
0.458596 -0.018532 0.007377 0.369 0.188 0.082
0.462683 -0.019441 0.009122 0.235 0.212 0.063
0.466237 -0.019598 0.010437 0.235 0.212 0.063
0.469264 -0.018997 0.011322 0.192 0.231 0.063
0.472284 -0.018404 0.012207 0.200 0.243 0.063
0.474783 -0.017045 0.012662 0.247 0.247 0.047
0.477278 -0.015690 0.013116 0.400 0.314 0.055
0.480280 -0.015116 0.014001 0.431 0.345 0.086
0.482766 -0.013771 0.014456 0.482 0.341 0.075
0.485249 -0.012429 0.014910 0.475 0.329 0.090
0.487729 -0.011092 0.015365 0.176 0.145 0.133
0.490204 -0.009758 0.015819 0.145 0.247 0.318
0.492176 -0.007641 0.015844 0.137 0.239 0.310
0.494646 -0.006313 0.016299 0.118 0.243 0.322
0.496615 -0.004198 0.016323 0.118 0.243 0.322
0.499081 -0.002876 0.016778 0.129 0.255 0.341
0.501048 -0.000763 0.016802 0.118 0.243 0.329
0.502523 0.002145 0.016397 0.090 0.216 0.302
0.504493 0.004260 0.016422 0.086 0.208 0.306
0.506462 0.006375 0.016447 0.086 0.208 0.306
0.508431 0.008489 0.016472 0.075 0.196 0.294
0.509915 0.011407 0.016067 0.075 0.196 0.294
0.511403 0.014329 0.015662 0.071 0.184 0.286
0.512894 0.017254 0.015257 0.071 0.184 0.286
0.514389 0.020184 0.014853 0.059 0.180 0.278
0.515408 0.023928 0.014019 0.059 0.180 0.278
0.515959 0.028492 0.012755 0.055 0.176 0.275
0.516045 0.033883 0.011062 0.059 0.173 0.275
0.516146 0.039289 0.009370 0.086 0.192 0.286
0.515789 0.045529 0.007248 0.129 0.216 0.302
0.515450 0.051787 0.005127 0.161 0.247 0.333
0.515129 0.058065 0.003006 0.431 0.514 0.545
0.434732 -0.009116 -0.007463 0.384 0.247 0.227
0.440487 -0.012196 -0.004411 0.404 0.220 0.176
0.445690 -0.014546 -0.001791 0.392 0.208 0.165
0.450872 -0.016918 0.000828 0.376 0.145 0.110
0.455509 -0.018553 0.003015 0.376 0.157 0.110
0.459607 -0.019443 0.004770 0.251 0.192 0.090
0.463691 -0.020349 0.006524 0.157 0.224 0.078
0.467243 -0.020504 0.007846 0.157 0.224 0.078
0.470267 -0.019901 0.008735 0.169 0.243 0.078
0.472771 -0.018536 0.009192 0.176 0.247 0.075
0.475783 -0.017947 0.010082 0.298 0.251 0.031
0.478278 -0.016591 0.010539 0.455 0.345 0.067
0.480769 -0.015240 0.010996 0.459 0.349 0.071
0.483256 -0.013891 0.011453 0.482 0.345 0.067
0.485740 -0.012547 0.011910 0.467 0.337 0.110
0.488220 -0.011207 0.012367 0.165 0.149 0.169
0.490195 -0.009086 0.012391 0.188 0.173 0.192
0.492169 -0.006966 0.012416 0.094 0.196 0.302
0.494642 -0.005633 0.012873 0.090 0.204 0.314
0.497112 -0.004304 0.013330 0.090 0.200 0.322
0.499083 -0.002188 0.013354 0.086 0.208 0.314
0.501054 -0.000071 0.013379 0.090 0.212 0.318
0.502534 0.002840 0.012972 0.078 0.200 0.306
0.504507 0.004958 0.012997 0.078 0.200 0.306
0.506480 0.007077 0.013022 0.078 0.200 0.306
0.508453 0.009195 0.013046 0.063 0.184 0.290
0.509941 0.012116 0.012639 0.059 0.180 0.286
0.511433 0.015041 0.012232 0.063 0.184 0.290
0.512928 0.017969 0.011825 0.063 0.176 0.286
0.513948 0.021710 0.010987 0.043 0.157 0.267
0.514975 0.025458 0.010148 0.035 0.149 0.259
0.516009 0.029214 0.009309 0.039 0.153 0.263
0.516103 0.034605 0.007608 0.055 0.169 0.271
0.516210 0.040012 0.005906 0.075 0.180 0.275
0.515862 0.046251 0.003773 0.216 0.302 0.357
0.515531 0.052510 0.001640 0.263 0.349 0.404
0.436828 -0.011554 -0.009266 0.380 0.243 0.224
0.442045 -0.013878 -0.006632 0.408 0.231 0.188
0.447241 -0.016225 -0.003998 0.396 0.220 0.176
0.452415 -0.018595 -0.001365 0.376 0.153 0.118
0.457046 -0.020227 0.000833 0.365 0.161 0.118
0.461139 -0.021117 0.002597 0.204 0.188 0.082
0.464699 -0.021257 0.003926 0.141 0.224 0.067
0.468248 -0.021410 0.005254 0.149 0.231 0.075
0.471271 -0.020806 0.006148 0.161 0.243 0.078
0.473773 -0.019440 0.006608 0.184 0.239 0.055
0.476272 -0.018077 0.007067 0.408 0.318 0.078
0.479277 -0.017492 0.007961 0.467 0.337 0.067
0.481767 -0.016140 0.008421 0.471 0.341 0.071
0.483747 -0.014014 0.008445 0.486 0.341 0.063
0.486232 -0.012667 0.008905 0.455 0.333 0.122
0.488210 -0.010543 0.008929 0.176 0.169 0.204
0.490690 -0.009202 0.009389 0.180 0.173 0.208
0.492666 -0.007079 0.009413 0.090 0.196 0.290
0.494642 -0.004957 0.009438 0.078 0.188 0.310
0.497115 -0.003623 0.009897 0.078 0.188 0.310
0.499089 -0.001503 0.009922 0.078 0.196 0.314
0.501064 0.000617 0.009947 0.078 0.196 0.314
0.502548 0.003531 0.009537 0.063 0.180 0.298
0.504524 0.005654 0.009562 0.067 0.176 0.298
0.506014 0.008574 0.009153 0.067 0.180 0.290
0.507992 0.010698 0.009178 0.063 0.176 0.286
0.509487 0.013624 0.008768 0.055 0.169 0.278
0.510985 0.016553 0.008359 0.055 0.176 0.282
0.512486 0.019487 0.007950 0.059 0.173 0.282
0.513513 0.023231 0.007107 0.039 0.153 0.263
0.514547 0.026984 0.006264 0.035 0.149 0.259
0.515588 0.030743 0.005421 0.035 0.149 0.259
0.516164 0.035324 0.004144 0.051 0.153 0.267
0.516278 0.040731 0.002433 0.071 0.169 0.259
0.515938 0.046970 0.000288 0.255 0.349 0.388
0.516083 0.052410 -0.001422 0.251 0.345 0.384
0.439448 -0.014742 -0.010622 0.373 0.255 0.227
0.444128 -0.016313 -0.008412 0.420 0.271 0.227
0.449315 -0.018659 -0.005764 0.412 0.263 0.220
0.453957 -0.020270 -0.003554 0.384 0.180 0.145
0.458582 -0.021900 -0.001344 0.353 0.176 0.133
0.462669 -0.022788 0.000428 0.169 0.200 0.078
0.466225 -0.022929 0.001764 0.129 0.231 0.067
0.469253 -0.022315 0.002663 0.145 0.247 0.082
0.472274 -0.021710 0.003562 0.149 0.235 0.059
0.474776 -0.020343 0.004023 0.267 0.220 0.043
0.477274 -0.018980 0.004485 0.439 0.286 0.047
0.479768 -0.017621 0.004947 0.471 0.290 0.055
0.482259 -0.016266 0.005408 0.467 0.286 0.051
0.484241 -0.014138 0.005433 0.459 0.267 0.051
0.486726 -0.012788 0.005895 0.431 0.282 0.133
0.488706 -0.010662 0.005920 0.173 0.188 0.243
0.491186 -0.009318 0.006381 0.184 0.200 0.255
0.493165 -0.007194 0.006406 0.110 0.227 0.302
0.495143 -0.005070 0.006431 0.090 0.208 0.298
0.497121 -0.002946 0.006456 0.086 0.200 0.302
0.499099 -0.000822 0.006481 0.106 0.227 0.325
0.501077 0.001302 0.006505 0.102 0.224 0.322
0.502566 0.004220 0.006094 0.114 0.235 0.333
0.504058 0.007141 0.005682 0.082 0.204 0.302
0.506039 0.009269 0.005707 0.071 0.184 0.286
0.507537 0.012196 0.005295 0.039 0.153 0.263
0.509037 0.015126 0.004884 0.035 0.149 0.259
0.510542 0.018061 0.004472 0.035 0.149 0.259
0.512050 0.020999 0.004061 0.039 0.153 0.255
0.513084 0.024748 0.003213 0.043 0.145 0.251
0.514125 0.028504 0.002365 0.039 0.141 0.247
0.515173 0.032268 0.001518 0.027 0.122 0.231
0.515756 0.036852 0.000234 0.051 0.145 0.255
0.515880 0.042262 -0.001486 0.090 0.173 0.247
0.516017 0.047687 -0.003206 0.251 0.322 0.349
0.516169 0.053126 -0.004925 0.251 0.322 0.349
0.441008 -0.016422 -0.012843 0.373 0.255 0.235
0.446207 -0.018744 -0.010182 0.416 0.255 0.224
0.451385 -0.021089 -0.007521 0.427 0.267 0.235
0.456020 -0.022700 -0.005299 0.376 0.169 0.145
0.460116 -0.023572 -0.003517 0.333 0.176 0.125
0.464198 -0.024458 -0.001735 0.157 0.200 0.075
0.467749 -0.024598 -0.000393 0.129 0.231 0.067
0.470773 -0.023985 0.000511 0.137 0.239 0.075
0.473278 -0.022614 0.000975 0.157 0.235 0.059
0.476290 -0.022014 0.001878 0.314 0.220 0.051
0.478785 -0.020652 0.002342 0.459 0.286 0.063
0.480769 -0.018523 0.002367 0.471 0.271 0.039
0.483259 -0.017166 0.002831 0.467 0.267 0.035
0.485240 -0.015039 0.002856 0.459 0.255 0.051
0.487222 -0.012911 0.002881 0.420 0.267 0.137
0.489204 -0.010783 0.002905 0.165 0.184 0.247
0.491685 -0.009436 0.003369 0.169 0.188 0.251
0.493665 -0.007310 0.003394 0.098 0.216 0.298
0.495645 -0.005184 0.003419 0.094 0.212 0.302
0.497625 -0.003058 0.003444 0.090 0.208 0.298
0.499112 -0.000144 0.003030 0.110 0.235 0.322
0.501094 0.001984 0.003055 0.094 0.220 0.306
0.503076 0.004112 0.003080 0.090 0.216 0.302
0.504083 0.007829 0.002227 0.086 0.212 0.298
0.506068 0.009960 0.002252 0.071 0.188 0.278
0.507570 0.012890 0.001838 0.071 0.188 0.278
0.509075 0.015824 0.001424 0.043 0.161 0.251
0.510104 0.019564 0.000572 0.035 0.149 0.251
0.511618 0.022507 0.000158 0.043 0.137 0.247
0.512659 0.026260 -0.000694 0.035 0.129 0.239
0.513708 0.030020 -0.001547 0.024 0.118 0.227
0.514763 0.033788 -0.002399 0.020 0.114 0.224
0.515825 0.037564 -0.003251 0.047 0.141 0.251
0.515956 0.042974 -0.004980 0.082 0.165 0.239
0.516101 0.048399 -0.006709 0.220 0.286 0.333
0.516260 0.053840 -0.008437 0.208 0.275 0.322
0.443092 -0.018851 -0.014618 0.353 0.302 0.259
0.448283 -0.021172 -0.011943 0.400 0.231 0.212
0.452929 -0.022762 -0.009710 0.400 0.231 0.212
0.458079 -0.025127 -0.007035 0.376 0.161 0.141
0.462168 -0.025999 -0.005244 0.318 0.169 0.125
0.465725 -0.026127 -0.003894 0.141 0.184 0.067
0.469271 -0.026266 -0.002545 0.129 0.208 0.071
0.472292 -0.025654 -0.001637 0.133 0.212 0.075
0.474794 -0.024283 -0.001171 0.212 0.192 0.063
0.477291 -0.022917 -0.000704 0.361 0.204 0.039
0.479786 -0.021554 -0.000238 0.455 0.259 0.055
0.482277 -0.020195 0.000228 0.467 0.247 0.039
0.484764 -0.018840 0.000695 0.471 0.251 0.043
0.486744 -0.016714 0.000719 0.463 0.251 0.051
0.488222 -0.013812 0.000303 0.427 0.282 0.165
0.490204 -0.011684 0.000328 0.137 0.184 0.255
0.492185 -0.009556 0.000353 0.137 0.184 0.255
0.494167 -0.007428 0.000378 0.098 0.204 0.298
0.496149 -0.005300 0.000402 0.098 0.200 0.306
0.498130 -0.003172 0.000427 0.094 0.212 0.302
0.499621 -0.000257 0.000011 0.102 0.227 0.314
0.501604 0.001873 0.000036 0.094 0.220 0.306
0.503100 0.004795 -0.000380 0.090 0.216 0.302
0.504112 0.008514 -0.001238 0.090 0.216 0.302
0.506101 0.010649 -0.001213 0.078 0.196 0.286
0.507607 0.013582 -0.001629 0.051 0.153 0.259
0.508636 0.017318 -0.002486 0.035 0.137 0.243
0.510151 0.020260 -0.002902 0.031 0.133 0.247
0.511192 0.024010 -0.003759 0.027 0.122 0.231
0.512240 0.027767 -0.004616 0.027 0.122 0.231
0.513296 0.031531 -0.005472 0.024 0.118 0.227
0.514358 0.035303 -0.006329 0.024 0.118 0.227
0.515428 0.039083 -0.007185 0.043 0.137 0.247
0.516036 0.043683 -0.008483 0.094 0.173 0.259
0.516188 0.049109 -0.010221 0.180 0.247 0.302
0.516819 0.053734 -0.011518 0.200 0.267 0.322
0.445173 -0.021277 -0.016384 0.443 0.447 0.396
0.450355 -0.023597 -0.013695 0.361 0.216 0.196
0.454993 -0.025187 -0.011450 0.376 0.231 0.212
0.459613 -0.026796 -0.009206 0.380 0.173 0.149
0.464216 -0.028423 -0.006962 0.318 0.169 0.125
0.467767 -0.028553 -0.005605 0.133 0.176 0.059
0.471307 -0.028693 -0.004249 0.133 0.196 0.063
0.474323 -0.028083 -0.003336 0.129 0.192 0.059
0.476820 -0.026715 -0.002868 0.255 0.184 0.059
0.479313 -0.025352 -0.002399 0.404 0.235 0.055
0.481803 -0.023992 -0.001931 0.455 0.251 0.047
0.484289 -0.022636 -0.001462 0.467 0.247 0.039
0.486268 -0.020512 -0.001437 0.475 0.255 0.047
0.488246 -0.018388 -0.001412 0.478 0.278 0.063
0.489723 -0.015489 -0.001831 0.412 0.298 0.200
0.491703 -0.013363 -0.001806 0.125 0.184 0.251
0.493683 -0.011237 -0.001781 0.125 0.184 0.251
0.495167 -0.008329 -0.002200 0.090 0.192 0.298
0.497148 -0.006201 -0.002175 0.078 0.180 0.286
0.499130 -0.004073 -0.002150 0.078 0.180 0.294
0.500621 -0.001158 -0.002569 0.082 0.196 0.298
0.502116 0.001760 -0.002987 0.078 0.192 0.294
0.503614 0.004683 -0.003406 0.067 0.188 0.286
0.504630 0.008402 -0.004268 0.055 0.176 0.275
0.506137 0.011334 -0.004686 0.051 0.165 0.267
0.507166 0.015067 -0.005548 0.031 0.145 0.247
0.508682 0.018008 -0.005966 0.027 0.141 0.243
0.509723 0.021754 -0.006828 0.024 0.137 0.239
0.510772 0.025508 -0.007689 0.031 0.133 0.239
0.511827 0.029269 -0.008551 0.020 0.122 0.227
0.512889 0.033037 -0.009412 0.020 0.122 0.227
0.513959 0.036814 -0.010273 0.020 0.114 0.224
0.515035 0.040598 -0.011134 0.039 0.137 0.235
0.516119 0.044389 -0.011995 0.082 0.153 0.243
0.516744 0.049002 -0.013299 0.141 0.200 0.259
0.517379 0.053626 -0.014603 0.239 0.298 0.357
0.447776 -0.024448 -0.017694 0.400 0.439 0.392
0.452424 -0.026019 -0.015438 0.416 0.420 0.369
0.457575 -0.028361 -0.012736 0.431 0.435 0.384
0.461666 -0.029217 -0.010926 0.278 0.176 0.133
0.466260 -0.030844 -0.008670 0.310 0.169 0.129
0.469805 -0.030975 -0.007307 0.180 0.161 0.082
0.473339 -0.031117 -0.005943 0.173 0.149 0.055
0.476349 -0.030509 -0.005026 0.180 0.157 0.063
0.478842 -0.029144 -0.004556 0.373 0.227 0.102
0.481331 -0.027784 -0.004085 0.439 0.255 0.047
0.483817 -0.026427 -0.003614 0.447 0.255 0.039
0.485793 -0.024305 -0.003589 0.463 0.243 0.035
0.487769 -0.022183 -0.003564 0.471 0.251 0.043
0.489746 -0.020061 -0.003540 0.463 0.259 0.055
0.491722 -0.017939 -0.003515 0.349 0.239 0.165
0.493200 -0.015040 -0.003936 0.118 0.196 0.255
0.495178 -0.012916 -0.003911 0.114 0.192 0.251
0.496661 -0.010011 -0.004332 0.086 0.188 0.294
0.498148 -0.007102 -0.004753 0.063 0.165 0.278
0.500130 -0.004974 -0.004728 0.067 0.169 0.282
0.501132 -0.001274 -0.005595 0.063 0.176 0.286
0.502629 0.001646 -0.006015 0.055 0.169 0.278
0.503644 0.005360 -0.006882 0.043 0.157 0.267
0.505150 0.008289 -0.007303 0.035 0.149 0.259
0.506177 0.012017 -0.008169 0.039 0.141 0.255
0.507212 0.015751 -0.009035 0.031 0.133 0.247
0.508253 0.019494 -0.009901 0.031 0.133 0.247
0.509301 0.023244 -0.010767 0.024 0.125 0.239
0.510356 0.027001 -0.011633 0.020 0.122 0.235
0.511419 0.030766 -0.012499 0.020 0.122 0.235
0.512488 0.034539 -0.013365 0.020 0.122 0.235
0.513565 0.038319 -0.014231 0.024 0.118 0.227
0.515117 0.041298 -0.014651 0.035 0.133 0.231
0.516206 0.045092 -0.015517 0.082 0.153 0.243
0.516837 0.049706 -0.016827 0.129 0.176 0.200
0.517942 0.053516 -0.017693 0.337 0.384 0.408
0.449849 -0.026867 -0.019439 0.306 0.357 0.337
0.454489 -0.028437 -0.017171 0.380 0.435 0.392
0.459631 -0.030778 -0.014455 0.388 0.443 0.400
0.463715 -0.031635 -0.012636 0.400 0.451 0.384
0.468302 -0.033262 -0.010369 0.451 0.463 0.392
0.471840 -0.033394 -0.008999 0.314 0.306 0.231
0.475368 -0.033537 -0.007629 0.212 0.129 0.071
0.478373 -0.032931 -0.006707 0.224 0.141 0.082
0.481371 -0.032333 -0.005786 0.424 0.263 0.118
0.483854 -0.030977 -0.005313 0.459 0.298 0.055
0.485827 -0.028859 -0.005288 0.475 0.294 0.059
0.487800 -0.026741 -0.005263 0.451 0.227 0.031
0.489772 -0.024622 -0.005239 0.459 0.235 0.039
0.491244 -0.021732 -0.005662 0.459 0.243 0.063
0.493219 -0.019611 -0.005637 0.278 0.184 0.137
0.494696 -0.016715 -0.006061 0.122 0.184 0.267
0.496672 -0.014593 -0.006036 0.110 0.173 0.255
0.498154 -0.011691 -0.006459 0.078 0.180 0.286
0.499640 -0.008785 -0.006882 0.051 0.153 0.259
0.501130 -0.005875 -0.007306 0.067 0.169 0.282
0.502134 -0.002176 -0.008177 0.067 0.169 0.282
0.503632 0.000743 -0.008600 0.059 0.161 0.275
0.504648 0.004455 -0.009471 0.039 0.153 0.263
0.505672 0.008175 -0.010342 0.043 0.145 0.259
0.506703 0.011902 -0.011213 0.039 0.141 0.255
0.507260 0.016432 -0.012532 0.043 0.145 0.251
0.508307 0.020177 -0.013403 0.043 0.145 0.251
0.508884 0.024728 -0.014721 0.031 0.133 0.239
0.510421 0.027689 -0.015144 0.027 0.122 0.231
0.511489 0.031456 -0.016014 0.035 0.118 0.231
0.512564 0.035231 -0.016884 0.035 0.118 0.231
0.513645 0.039013 -0.017755 0.043 0.122 0.216
0.514734 0.042804 -0.018625 0.082 0.102 0.165
0.516296 0.045791 -0.019047 0.227 0.192 0.165
0.517397 0.049594 -0.019917 0.361 0.365 0.314
0.518506 0.053405 -0.020787 0.400 0.404 0.353
0.456550 -0.030853 -0.018896 0.380 0.435 0.400
0.461164 -0.032442 -0.016617 0.388 0.443 0.408
0.465761 -0.034050 -0.014338 0.396 0.455 0.392
0.469823 -0.034922 -0.012510 0.400 0.455 0.376
0.473871 -0.035810 -0.010682 0.431 0.455 0.388
0.477393 -0.035955 -0.009305 0.404 0.376 0.310
0.480393 -0.035351 -0.008379 0.322 0.294 0.227
0.483385 -0.034755 -0.007453 0.435 0.325 0.208
0.486371 -0.034166 -0.006527 0.459 0.333 0.094
0.488339 -0.032053 -0.006503 0.471 0.310 0.075
0.490306 -0.029941 -0.006478 0.439 0.227 0.027
0.491772 -0.027058 -0.006904 0.439 0.227 0.027
0.493241 -0.024172 -0.007329 0.443 0.227 0.063
0.495212 -0.022056 -0.007305 0.271 0.149 0.106
0.496686 -0.019164 -0.007730 0.137 0.176 0.247
0.498164 -0.016269 -0.008156 0.125 0.165 0.235
0.499646 -0.013369 -0.008582 0.078 0.165 0.259
0.500639 -0.009685 -0.009458 0.063 0.161 0.259
0.502129 -0.006776 -0.009883 0.071 0.165 0.275
0.503135 -0.003079 -0.010759 0.067 0.161 0.271
0.504148 0.000626 -0.011635 0.055 0.149 0.259
0.505168 0.004339 -0.012511 0.051 0.153 0.259
0.506195 0.008059 -0.013386 0.051 0.145 0.255
0.506749 0.012579 -0.014712 0.047 0.141 0.251
0.507313 0.017110 -0.016038 0.047 0.141 0.251
0.508364 0.020857 -0.016913 0.047 0.145 0.243
0.508948 0.025409 -0.018238 0.043 0.129 0.231
0.510015 0.029173 -0.019113 0.047 0.118 0.216
0.511090 0.032944 -0.019988 0.063 0.106 0.188
0.512172 0.036723 -0.020863 0.059 0.102 0.184
0.513730 0.039704 -0.021288 0.161 0.157 0.192
0.514824 0.043497 -0.022162 0.286 0.231 0.200
0.516390 0.046487 -0.022587 0.318 0.290 0.216
0.517960 0.049481 -0.023012 0.380 0.388 0.325
0.463214 -0.034853 -0.018320 0.239 0.282 0.267
0.467285 -0.035709 -0.016483 0.400 0.451 0.431
0.471858 -0.037334 -0.014193 0.384 0.451 0.396
0.475899 -0.038223 -0.012356 0.396 0.455 0.400
0.479414 -0.038369 -0.010972 0.408 0.459 0.400
0.482409 -0.037767 -0.010042 0.408 0.459 0.400
0.485396 -0.037173 -0.009111 0.431 0.455 0.380
0.488377 -0.036587 -0.008181 0.451 0.463 0.365
0.490341 -0.034478 -0.008156 0.459 0.435 0.294
0.492305 -0.032369 -0.008131 0.451 0.365 0.220
0.493768 -0.029491 -0.008560 0.404 0.318 0.173
0.495734 -0.027380 -0.008535 0.365 0.212 0.098
0.497202 -0.024497 -0.008963 0.345 0.204 0.129
0.498178 -0.020836 -0.009844 0.322 0.204 0.176
0.499655 -0.017943 -0.010272 0.318 0.200 0.173
0.500643 -0.014268 -0.011153 0.278 0.176 0.176
0.502129 -0.011366 -0.011580 0.247 0.153 0.161
0.503129 -0.007677 -0.012461 0.275 0.212 0.200
0.504137 -0.003982 -0.013341 0.224 0.180 0.161
0.505152 -0.000278 -0.014222 0.216 0.173 0.153
0.505690 0.004220 -0.015555 0.208 0.169 0.169
0.506239 0.008731 -0.016887 0.208 0.157 0.173
0.506798 0.013252 -0.018220 0.243 0.184 0.188
0.507368 0.017785 -0.019552 0.255 0.196 0.200
0.508426 0.021534 -0.020432 0.275 0.220 0.204
0.509015 0.026088 -0.021764 0.278 0.216 0.188
0.510088 0.029854 -0.022644 0.302 0.243 0.196
0.511168 0.033627 -0.023524 0.302 0.255 0.184
0.512256 0.037408 -0.024403 0.333 0.286 0.216
0.513817 0.040392 -0.024830 0.404 0.376 0.302
0.515383 0.043380 -0.025257 0.396 0.388 0.314
0.516952 0.046371 -0.025684 0.384 0.392 0.322
0.518986 0.048556 -0.025658 0.384 0.396 0.333
0.468808 -0.037368 -0.018624 0.247 0.298 0.286
0.473375 -0.038991 -0.016322 0.357 0.420 0.376
0.477410 -0.039878 -0.014476 0.392 0.451 0.396
0.480921 -0.040023 -0.013086 0.400 0.459 0.404
0.484421 -0.040180 -0.011695 0.404 0.463 0.408
0.487404 -0.039588 -0.010760 0.412 0.463 0.404
0.489873 -0.038242 -0.010280 0.424 0.459 0.388
0.492339 -0.036899 -0.009800 0.431 0.459 0.373
0.494300 -0.034794 -0.009776 0.459 0.459 0.365
0.495760 -0.031921 -0.010206 0.451 0.451 0.357
0.497722 -0.029814 -0.010182 0.467 0.435 0.341
0.499188 -0.026935 -0.010612 0.431 0.376 0.302
0.500162 -0.023279 -0.011498 0.345 0.278 0.216
0.501143 -0.019615 -0.012383 0.325 0.259 0.196
0.502623 -0.016721 -0.012813 0.310 0.227 0.169
0.503616 -0.013044 -0.013698 0.333 0.239 0.184
0.504617 -0.009360 -0.014584 0.376 0.298 0.212
0.505625 -0.005667 -0.015469 0.376 0.310 0.212
0.506155 -0.001182 -0.016809 0.431 0.400 0.298
0.506696 0.003314 -0.018148 0.427 0.388 0.278
0.507247 0.007822 -0.019488 0.447 0.404 0.306
0.507810 0.012341 -0.020827 0.443 0.412 0.318
0.507905 0.017664 -0.022622 0.443 0.412 0.318
0.508490 0.022207 -0.023961 0.451 0.424 0.341
0.509086 0.026763 -0.025300 0.427 0.420 0.345
0.510165 0.030531 -0.026184 0.404 0.416 0.333
0.511250 0.034306 -0.027068 0.396 0.408 0.337
0.512811 0.037288 -0.027498 0.396 0.408 0.337
0.514375 0.040273 -0.027927 0.376 0.400 0.333
0.515944 0.043262 -0.028356 0.373 0.392 0.337
0.517978 0.045446 -0.028330 0.349 0.369 0.329
0.482427 -0.041676 -0.015194 0.337 0.388 0.369
0.485922 -0.041833 -0.013797 0.373 0.424 0.404
0.488901 -0.041241 -0.012857 0.388 0.443 0.400
0.491368 -0.039895 -0.012375 0.400 0.459 0.404
0.493831 -0.038554 -0.011893 0.400 0.459 0.404
0.495790 -0.036451 -0.011868 0.412 0.463 0.404
0.497749 -0.034347 -0.011844 0.404 0.455 0.396
0.499210 -0.031475 -0.012277 0.408 0.459 0.392
0.500675 -0.028599 -0.012709 0.412 0.451 0.388
0.502143 -0.025719 -0.013142 0.416 0.451 0.380
0.503122 -0.022061 -0.014032 0.420 0.455 0.384
0.504109 -0.018395 -0.014922 0.416 0.451 0.373
0.505102 -0.014721 -0.015812 0.424 0.447 0.373
0.506103 -0.011040 -0.016702 0.431 0.447 0.365
0.506625 -0.006569 -0.018049 0.427 0.439 0.357
0.507158 -0.002087 -0.019395 0.427 0.439 0.357
0.507702 0.002407 -0.020742 0.427 0.439 0.357
0.507776 0.007701 -0.022546 0.427 0.439 0.349
0.508343 0.012219 -0.023892 0.424 0.435 0.353
0.508444 0.017541 -0.025696 0.416 0.427 0.345
0.509033 0.022084 -0.027042 0.412 0.420 0.349
0.509634 0.026639 -0.028388 0.408 0.420 0.349
0.510715 0.030407 -0.029276 0.392 0.416 0.341
0.511805 0.034183 -0.030165 0.388 0.412 0.345
0.513368 0.037166 -0.030597 0.384 0.408 0.341
0.515401 0.039349 -0.030571 0.376 0.408 0.349
0.516970 0.042337 -0.031003 0.365 0.396 0.353
0.519005 0.044521 -0.030977 0.251 0.267 0.239
0.492861 -0.041547 -0.014465 0.212 0.255 0.239
0.495322 -0.040207 -0.013981 0.318 0.353 0.325
0.497279 -0.038106 -0.013956 0.369 0.416 0.384
0.499235 -0.036004 -0.013932 0.376 0.424 0.392
0.500696 -0.033135 -0.014367 0.369 0.431 0.396
0.502159 -0.030261 -0.014802 0.369 0.431 0.388
0.503627 -0.027384 -0.015237 0.380 0.447 0.392
0.504606 -0.023729 -0.016132 0.384 0.451 0.396
0.505593 -0.020067 -0.017026 0.384 0.451 0.396
0.506586 -0.016397 -0.017921 0.396 0.455 0.400
0.507101 -0.011940 -0.019275 0.396 0.455 0.392
0.507626 -0.007471 -0.020629 0.396 0.447 0.388
0.508162 -0.002991 -0.021982 0.396 0.447 0.388
0.508708 0.001501 -0.023336 0.396 0.447 0.388
0.509265 0.006004 -0.024689 0.384 0.435 0.376
0.509355 0.011307 -0.026502 0.380 0.431 0.373
0.509460 0.016625 -0.028315 0.380 0.431 0.373
0.510052 0.021166 -0.029668 0.376 0.427 0.369
0.510655 0.025719 -0.031020 0.380 0.420 0.365
0.511738 0.029485 -0.031914 0.380 0.420 0.365
0.513298 0.032461 -0.032348 0.349 0.376 0.345
0.514860 0.035441 -0.032782 0.263 0.290 0.259
0.516427 0.038424 -0.033215 0.220 0.231 0.227
0.498765 -0.039759 -0.016040 0.216 0.239 0.231
0.500720 -0.037660 -0.016015 0.235 0.259 0.251
0.502180 -0.034793 -0.016453 0.286 0.337 0.318
0.503643 -0.031922 -0.016890 0.314 0.376 0.341
0.505109 -0.029048 -0.017327 0.341 0.404 0.361
0.505598 -0.024623 -0.018689 0.345 0.408 0.365
0.507075 -0.021737 -0.019126 0.369 0.431 0.388
0.507582 -0.017294 -0.020487 0.373 0.435 0.392
0.508099 -0.012839 -0.021848 0.369 0.435 0.380
0.508627 -0.008373 -0.023208 0.369 0.435 0.380
0.509165 -0.003895 -0.024569 0.365 0.431 0.376
0.509714 0.000594 -0.025930 0.369 0.427 0.373
0.510274 0.005095 -0.027290 0.369 0.427 0.373
0.510367 0.010395 -0.029112 0.369 0.427 0.373
0.510950 0.014920 -0.030472 0.365 0.424 0.369
0.511543 0.019456 -0.031832 0.341 0.400 0.345
0.512147 0.024004 -0.033192 0.282 0.329 0.290
0.513231 0.027768 -0.034090 0.243 0.278 0.243
0.514789 0.030741 -0.034526 0.196 0.231 0.204
0.463254 0.039840 0.177984 0.561 0.553 0.522
0.461397 0.038872 0.178030 0.580 0.573 0.541
0.458896 0.038683 0.178353 0.588 0.580 0.549
0.455756 0.039274 0.178956 0.604 0.588 0.561
0.453906 0.038311 0.179001 0.604 0.588 0.561
0.451419 0.038128 0.179324 0.600 0.584 0.557
0.448936 0.037948 0.179648 0.600 0.584 0.557
0.446457 0.037770 0.179971 0.584 0.576 0.545
0.444614 0.036810 0.180016 0.580 0.573 0.541
0.442142 0.036636 0.180339 0.573 0.565 0.533
0.439675 0.036464 0.180662 0.557 0.549 0.518
0.437213 0.036295 0.180985 0.549 0.541 0.510
0.434755 0.036128 0.181308 0.545 0.537 0.506
0.473241 0.047267 0.176150 0.529 0.522 0.490
0.471386 0.046301 0.176195 0.525 0.518 0.486
0.469532 0.045335 0.176240 0.525 0.518 0.486
0.467677 0.044369 0.176285 0.525 0.518 0.486
0.465170 0.044175 0.176611 0.529 0.522 0.490
0.463317 0.043210 0.176656 0.545 0.537 0.506
0.461465 0.042246 0.176701 0.557 0.549 0.518
0.458966 0.042056 0.177027 0.576 0.569 0.529
0.457117 0.041092 0.177072 0.584 0.576 0.537
0.454625 0.040907 0.177398 0.596 0.588 0.549
0.452138 0.040723 0.177724 0.600 0.592 0.553
0.449655 0.040542 0.178050 0.596 0.588 0.549
0.447177 0.040363 0.178375 0.588 0.580 0.541
0.444704 0.040187 0.178701 0.592 0.576 0.541
0.442235 0.040013 0.179026 0.588 0.573 0.537
0.439771 0.039841 0.179352 0.584 0.569 0.533
0.437311 0.039672 0.179677 0.569 0.561 0.522
0.434233 0.040292 0.180282 0.553 0.545 0.506
0.433648 0.037764 0.179766 0.549 0.541 0.502
0.431198 0.037599 0.180090 0.541 0.533 0.494
0.428752 0.037437 0.180415 0.533 0.525 0.486
0.426310 0.037278 0.180740 0.529 0.522 0.482
0.424486 0.036327 0.180784 0.525 0.518 0.478
0.493149 0.058750 0.173812 0.553 0.553 0.529
0.491295 0.057784 0.173857 0.553 0.557 0.522
0.489440 0.056818 0.173902 0.549 0.553 0.518
0.487586 0.055852 0.173947 0.549 0.553 0.518
0.485731 0.054886 0.173992 0.541 0.545 0.510
0.483877 0.053920 0.174037 0.537 0.541 0.506
0.481349 0.053714 0.174366 0.537 0.541 0.506
0.479497 0.052749 0.174411 0.533 0.537 0.502
0.477645 0.051784 0.174456 0.537 0.541 0.506
0.475792 0.050820 0.174500 0.545 0.537 0.506
0.473940 0.049855 0.174545 0.545 0.537 0.506
0.472088 0.048890 0.174590 0.541 0.533 0.502
0.470236 0.047925 0.174635 0.549 0.541 0.510
0.468384 0.046960 0.174680 0.545 0.537 0.506
0.466531 0.045996 0.174725 0.545 0.537 0.506
0.464026 0.045801 0.175054 0.545 0.537 0.506
0.462177 0.044838 0.175098 0.549 0.541 0.510
0.460327 0.043874 0.175143 0.553 0.545 0.514
0.457831 0.043685 0.175472 0.561 0.553 0.514
0.455340 0.043498 0.175800 0.573 0.565 0.525
0.452853 0.043313 0.176128 0.576 0.569 0.529
0.451010 0.042353 0.176173 0.576 0.569 0.529
0.448531 0.042172 0.176501 0.580 0.573 0.533
0.446056 0.041994 0.176829 0.580 0.573 0.533
0.443585 0.041817 0.177156 0.576 0.569 0.537
0.441119 0.041644 0.177484 0.576 0.569 0.537
0.438658 0.041472 0.177811 0.573 0.565 0.533
0.436201 0.041303 0.178139 0.569 0.561 0.529
0.433126 0.041922 0.178749 0.553 0.545 0.514
0.430681 0.041759 0.179076 0.549 0.541 0.510
0.428240 0.041599 0.179403 0.541 0.533 0.494
0.425804 0.041440 0.179730 0.541 0.533 0.494
0.423986 0.040493 0.179774 0.541 0.533 0.494
0.422169 0.039547 0.179818 0.533 0.525 0.486
0.419742 0.039393 0.180145 0.529 0.522 0.482
0.419140 0.036858 0.179624 0.525 0.518 0.478
0.417320 0.035910 0.179668 0.525 0.518 0.478
0.495202 0.059822 0.171636 0.525 0.525 0.502
0.493345 0.058855 0.171681 0.525 0.525 0.502
0.490804 0.058641 0.172013 0.537 0.541 0.506
0.488949 0.057675 0.172058 0.549 0.553 0.518
0.487095 0.056709 0.172103 0.553 0.557 0.522
0.485240 0.055743 0.172148 0.549 0.553 0.518
0.483386 0.054777 0.172193 0.545 0.549 0.514
0.480859 0.054570 0.172524 0.549 0.553 0.518
0.479007 0.053605 0.172569 0.545 0.549 0.514
0.476486 0.053401 0.172900 0.541 0.545 0.510
0.474636 0.052438 0.172945 0.545 0.537 0.506
0.472786 0.051474 0.172990 0.545 0.537 0.506
0.470936 0.050511 0.173035 0.545 0.537 0.506
0.469087 0.049547 0.173080 0.549 0.541 0.510
0.467237 0.048583 0.173125 0.545 0.537 0.506
0.464732 0.048388 0.173456 0.545 0.537 0.506
0.462885 0.047426 0.173500 0.545 0.537 0.498
0.460387 0.047234 0.173831 0.549 0.541 0.502
0.458542 0.046273 0.173876 0.553 0.545 0.506
0.456051 0.046085 0.174206 0.557 0.549 0.510
0.453566 0.045899 0.174537 0.569 0.561 0.522
0.451084 0.045716 0.174867 0.573 0.565 0.525
0.449246 0.044758 0.174912 0.569 0.561 0.522
0.446771 0.044579 0.175242 0.573 0.565 0.525
0.444301 0.044401 0.175572 0.573 0.565 0.525
0.441836 0.044226 0.175902 0.573 0.565 0.533
0.439375 0.044054 0.176231 0.573 0.565 0.533
0.436919 0.043884 0.176561 0.569 0.561 0.529
0.434468 0.043716 0.176891 0.561 0.553 0.522
0.432021 0.043551 0.177220 0.553 0.545 0.514
0.429579 0.043388 0.177550 0.549 0.541 0.510
0.427758 0.042440 0.177594 0.545 0.537 0.506
0.425323 0.042280 0.177923 0.549 0.541 0.510
0.422892 0.042123 0.178252 0.541 0.533 0.502
0.421076 0.041178 0.178296 0.529 0.522 0.490
0.418652 0.041024 0.178625 0.529 0.522 0.490
0.416839 0.040080 0.178669 0.525 0.518 0.486
0.415026 0.039135 0.178713 0.525 0.518 0.486
0.413814 0.037395 0.178472 0.529 0.522 0.490
0.412598 0.035652 0.178231 0.522 0.525 0.490
0.494710 0.060680 0.169790 0.518 0.518 0.494
0.492853 0.059713 0.169835 0.518 0.518 0.494
0.490313 0.059498 0.170169 0.525 0.514 0.494
0.488458 0.058532 0.170214 0.522 0.510 0.490
0.486604 0.057566 0.170259 0.529 0.518 0.498
0.484073 0.057355 0.170593 0.549 0.537 0.518
0.482221 0.056390 0.170638 0.549 0.553 0.518
0.479696 0.056183 0.170972 0.553 0.557 0.522
0.477846 0.055220 0.171017 0.549 0.553 0.518
0.475329 0.055016 0.171350 0.549 0.553 0.518
0.473481 0.054054 0.171395 0.553 0.545 0.514
0.471634 0.053091 0.171440 0.549 0.541 0.510
0.469126 0.052893 0.171773 0.549 0.541 0.510
0.467280 0.051932 0.171818 0.553 0.545 0.514
0.465435 0.050970 0.171862 0.549 0.541 0.510
0.462936 0.050776 0.172195 0.545 0.537 0.506
0.461093 0.049816 0.172240 0.549 0.541 0.510
0.458600 0.049626 0.172573 0.549 0.541 0.510
0.456760 0.048667 0.172618 0.553 0.545 0.514
0.454274 0.048481 0.172950 0.549 0.541 0.510
0.451794 0.048296 0.173283 0.549 0.541 0.510
0.449318 0.048114 0.173615 0.553 0.545 0.514
0.447484 0.047159 0.173660 0.557 0.549 0.518
0.445014 0.046981 0.173992 0.561 0.553 0.522
0.442550 0.046805 0.174324 0.557 0.549 0.518
0.440090 0.046631 0.174656 0.561 0.553 0.522
0.437634 0.046460 0.174988 0.569 0.561 0.529
0.435183 0.046291 0.175320 0.557 0.549 0.518
0.432737 0.046125 0.175652 0.557 0.549 0.518
0.430917 0.045177 0.175696 0.553 0.545 0.514
0.428477 0.045014 0.176028 0.553 0.545 0.514
0.426659 0.044067 0.176072 0.545 0.537 0.506
0.424227 0.043908 0.176403 0.545 0.537 0.506
0.422411 0.042962 0.176447 0.545 0.537 0.506
0.420596 0.042016 0.176491 0.545 0.537 0.506
0.418780 0.041071 0.176535 0.541 0.541 0.518
0.416965 0.040125 0.176579 0.537 0.537 0.514
0.415149 0.039179 0.176623 0.533 0.533 0.510
0.413334 0.038234 0.176667 0.537 0.537 0.514
0.411518 0.037288 0.176711 0.541 0.545 0.510
0.410299 0.035545 0.176468 0.533 0.537 0.502
0.409669 0.033002 0.175939 0.541 0.545 0.510
0.494219 0.061538 0.167944 0.514 0.514 0.490
0.492362 0.060571 0.167989 0.514 0.514 0.490
0.489822 0.060354 0.168326 0.506 0.506 0.482
0.487287 0.060140 0.168662 0.498 0.486 0.467
0.485435 0.059176 0.168707 0.494 0.482 0.463
0.483582 0.058211 0.168752 0.498 0.486 0.467
0.481056 0.058001 0.169088 0.490 0.490 0.467
0.478535 0.057795 0.169424 0.498 0.498 0.475
0.476687 0.056832 0.169468 0.506 0.506 0.482
0.474173 0.056629 0.169804 0.541 0.541 0.518
0.472328 0.055668 0.169849 0.545 0.545 0.522
0.469820 0.055468 0.170184 0.545 0.549 0.514
0.467317 0.055271 0.170520 0.549 0.553 0.518
0.465476 0.054312 0.170564 0.553 0.545 0.514
0.463635 0.053353 0.170609 0.549 0.541 0.510
0.461142 0.053160 0.170944 0.553 0.545 0.514
0.458652 0.052970 0.171279 0.553 0.545 0.514
0.456168 0.052783 0.171614 0.549 0.541 0.510
0.454334 0.051827 0.171659 0.553 0.545 0.514
0.451856 0.051643 0.171993 0.549 0.541 0.510
0.450024 0.050689 0.172038 0.557 0.549 0.518
0.447553 0.050508 0.172373 0.553 0.545 0.514
0.445724 0.049556 0.172417 0.553 0.545 0.514
0.443260 0.049379 0.172751 0.557 0.549 0.518
0.440801 0.049204 0.173086 0.561 0.553 0.522
0.438346 0.049032 0.173420 0.561 0.553 0.522
0.435895 0.048862 0.173754 0.569 0.561 0.529
0.433450 0.048694 0.174088 0.561 0.553 0.522
0.431632 0.047747 0.174132 0.561 0.553 0.522
0.429193 0.047584 0.174466 0.557 0.549 0.518
0.427377 0.046638 0.174510 0.553 0.545 0.514
0.425562 0.045692 0.174554 0.557 0.549 0.518
0.423746 0.044746 0.174598 0.620 0.612 0.580
0.421319 0.044589 0.174932 0.596 0.588 0.557
0.420115 0.042855 0.174686 0.576 0.569 0.537
0.418300 0.041909 0.174730 0.561 0.561 0.537
0.416484 0.040964 0.174774 0.549 0.549 0.525
0.414669 0.040018 0.174818 0.549 0.549 0.525
0.412853 0.039072 0.174862 0.545 0.545 0.522
0.411635 0.037332 0.174617 0.537 0.541 0.518
0.410413 0.035589 0.174372 0.529 0.533 0.510
0.408593 0.034641 0.174416 0.510 0.514 0.498
0.406773 0.033693 0.174460 0.494 0.498 0.482
0.493727 0.062396 0.166098 0.510 0.510 0.486
0.491870 0.061429 0.166143 0.510 0.510 0.486
0.489331 0.061211 0.166482 0.506 0.506 0.482
0.486796 0.060996 0.166821 0.498 0.486 0.467
0.484267 0.060783 0.167159 0.494 0.482 0.463
0.482417 0.059820 0.167204 0.494 0.482 0.463
0.479894 0.059611 0.167542 0.490 0.478 0.459
0.477375 0.059404 0.167880 0.494 0.482 0.463
0.475530 0.058443 0.167925 0.486 0.486 0.463
0.473018 0.058240 0.168263 0.486 0.486 0.463
0.471175 0.057280 0.168307 0.514 0.514 0.490
0.468670 0.057080 0.168645 0.514 0.514 0.490
0.466170 0.056883 0.168983 0.533 0.537 0.502
0.463675 0.056688 0.169320 0.541 0.545 0.510
0.461839 0.055731 0.169365 0.545 0.549 0.514
0.459350 0.055540 0.169702 0.580 0.584 0.549
0.456866 0.055351 0.170039 0.600 0.604 0.561
0.454386 0.055165 0.170377 0.620 0.612 0.565
0.452557 0.054212 0.170421 0.616 0.608 0.561
0.450084 0.054029 0.170758 0.608 0.592 0.549
0.448257 0.053078 0.170802 0.576 0.569 0.522
0.445792 0.052898 0.171139 0.565 0.569 0.533
0.443330 0.052721 0.171476 0.553 0.557 0.522
0.440874 0.052547 0.171812 0.553 0.557 0.522
0.439054 0.051599 0.171856 0.549 0.553 0.518
0.436604 0.051428 0.172193 0.549 0.553 0.518
0.434159 0.051259 0.172529 0.553 0.557 0.522
0.431718 0.051093 0.172865 0.553 0.557 0.522
0.429905 0.050149 0.172909 0.553 0.557 0.522
0.428092 0.049204 0.172953 0.549 0.553 0.518
0.426279 0.048260 0.172997 0.549 0.553 0.518
0.424465 0.047315 0.173041 0.549 0.549 0.525
0.422652 0.046371 0.173085 0.561 0.561 0.537
0.420228 0.046213 0.173421 0.537 0.541 0.525
0.419025 0.044482 0.173173 0.514 0.529 0.510
0.417212 0.043537 0.173217 0.510 0.522 0.518
0.416003 0.041803 0.172969 0.506 0.518 0.514
0.414188 0.040857 0.173013 0.502 0.514 0.510
0.412372 0.039911 0.173057 0.498 0.514 0.494
0.411154 0.038172 0.172810 0.494 0.498 0.482
0.409932 0.036430 0.172562 0.502 0.506 0.490
0.408704 0.034685 0.172315 0.502 0.506 0.490
0.406882 0.033736 0.172359 0.494 0.498 0.482
0.405648 0.031988 0.172112 0.506 0.510 0.494
0.493235 0.063254 0.164252 0.498 0.498 0.482
0.491379 0.062287 0.164297 0.506 0.494 0.475
0.488840 0.062068 0.164638 0.502 0.490 0.471
0.486306 0.061852 0.164979 0.494 0.482 0.463
0.483777 0.061638 0.165320 0.494 0.482 0.463
0.481252 0.061427 0.165660 0.494 0.482 0.463
0.479404 0.060464 0.165705 0.490 0.478 0.459
0.476887 0.060256 0.166045 0.490 0.478 0.459
0.474373 0.060051 0.166386 0.490 0.478 0.459
0.471865 0.059848 0.166726 0.490 0.478 0.459
0.470024 0.058889 0.166770 0.494 0.482 0.463
0.467522 0.058690 0.167110 0.494 0.482 0.463
0.465025 0.058493 0.167450 0.490 0.490 0.467
0.462532 0.058298 0.167790 0.490 0.490 0.467
0.460044 0.058106 0.168130 0.494 0.494 0.471
0.457560 0.057916 0.168469 0.506 0.506 0.482
0.455082 0.057728 0.168809 0.506 0.506 0.482
0.452607 0.057543 0.169148 0.498 0.498 0.482
0.450783 0.056593 0.169192 0.506 0.506 0.490
0.448315 0.056411 0.169531 0.506 0.506 0.490
0.446493 0.055462 0.169575 0.510 0.510 0.494
0.444032 0.055284 0.169914 0.498 0.498 0.482
0.441576 0.055108 0.170253 0.510 0.514 0.498
0.439125 0.054935 0.170592 0.545 0.553 0.518
0.437309 0.053990 0.170636 0.545 0.549 0.514
0.434865 0.053820 0.170975 0.541 0.541 0.518
0.432425 0.053653 0.171313 0.537 0.537 0.514
0.430614 0.052709 0.171357 0.537 0.537 0.514
0.428803 0.051766 0.171401 0.533 0.533 0.510
0.426992 0.050823 0.171445 0.533 0.533 0.510
0.425181 0.049880 0.171489 0.525 0.525 0.502
0.423370 0.048936 0.171533 0.522 0.525 0.510
0.421559 0.047993 0.171577 0.502 0.518 0.498
0.419748 0.047050 0.171620 0.498 0.514 0.494
0.417937 0.046106 0.171664 0.494 0.506 0.502
0.416732 0.044375 0.171414 0.486 0.498 0.494
0.415523 0.042641 0.171164 0.486 0.498 0.494
0.413707 0.041696 0.171208 0.498 0.510 0.506
0.411892 0.040750 0.171252 0.494 0.506 0.502
0.410673 0.039012 0.171003 0.502 0.518 0.498
0.409450 0.037271 0.170753 0.498 0.514 0.494
0.408222 0.035527 0.170503 0.502 0.518 0.498
0.406989 0.033782 0.170254 0.502 0.518 0.498
0.405165 0.032831 0.170298 0.502 0.518 0.498
0.403925 0.031082 0.170049 0.502 0.518 0.498
0.492744 0.064112 0.162407 0.490 0.494 0.478
0.490887 0.063144 0.162452 0.502 0.490 0.471
0.488349 0.062925 0.162795 0.494 0.486 0.455
0.485816 0.062708 0.163138 0.486 0.478 0.447
0.483287 0.062493 0.163481 0.486 0.478 0.447
0.480763 0.062280 0.163823 0.490 0.482 0.451
0.478243 0.062070 0.164166 0.490 0.482 0.451
0.475728 0.061863 0.164509 0.494 0.486 0.455
0.473885 0.060903 0.164553 0.494 0.486 0.455
0.471377 0.060698 0.164896 0.498 0.490 0.459
0.468874 0.060497 0.165238 0.498 0.490 0.459
0.466375 0.060297 0.165580 0.502 0.494 0.463
0.463880 0.060101 0.165922 0.502 0.494 0.463
0.461391 0.059906 0.166264 0.494 0.498 0.463
0.458905 0.059714 0.166606 0.494 0.498 0.463
0.456425 0.059524 0.166948 0.494 0.498 0.463
0.453949 0.059337 0.167290 0.494 0.494 0.471
0.451477 0.059152 0.167631 0.498 0.498 0.475
0.449655 0.058202 0.167675 0.498 0.498 0.475
0.447190 0.058021 0.168017 0.498 0.498 0.475
0.444731 0.057842 0.168358 0.506 0.506 0.482
0.442275 0.057665 0.168699 0.494 0.494 0.471
0.439824 0.057491 0.169040 0.510 0.510 0.486
0.437378 0.057319 0.169381 0.510 0.510 0.486
0.435567 0.056376 0.169425 0.510 0.510 0.486
0.433128 0.056208 0.169766 0.514 0.514 0.490
0.431319 0.055266 0.169810 0.510 0.510 0.486
0.429511 0.054324 0.169853 0.514 0.514 0.498
0.427702 0.053381 0.169897 0.518 0.518 0.502
0.425893 0.052439 0.169941 0.514 0.514 0.498
0.424085 0.051497 0.169985 0.514 0.514 0.490
0.422276 0.050555 0.170029 0.514 0.518 0.494
0.420467 0.049613 0.170073 0.510 0.514 0.490
0.418659 0.048671 0.170116 0.518 0.522 0.498
0.417458 0.046943 0.169864 0.522 0.525 0.502
0.416252 0.045213 0.169612 0.518 0.522 0.498
0.415042 0.043480 0.169359 0.522 0.525 0.502
0.413226 0.042535 0.169403 0.522 0.525 0.502
0.412009 0.040798 0.169151 0.522 0.537 0.518
0.410788 0.039060 0.168899 0.510 0.525 0.506
0.409562 0.037319 0.168647 0.506 0.522 0.502
0.408331 0.035575 0.168396 0.502 0.518 0.498
0.407096 0.033830 0.168144 0.502 0.518 0.498
0.405269 0.032878 0.168188 0.498 0.514 0.494
0.404026 0.031129 0.167937 0.494 0.510 0.490
0.402780 0.029377 0.167685 0.486 0.502 0.482
0.492252 0.064969 0.160561 0.490 0.494 0.478
0.490395 0.064002 0.160606 0.486 0.490 0.455
0.487858 0.063782 0.160951 0.486 0.478 0.447
0.485325 0.063563 0.161296 0.471 0.463 0.431
0.482797 0.063347 0.161642 0.467 0.459 0.427
0.480274 0.063134 0.161987 0.475 0.467 0.435
0.477755 0.062923 0.162332 0.478 0.471 0.439
0.475240 0.062714 0.162676 0.486 0.478 0.447
0.472731 0.062508 0.163021 0.490 0.482 0.451
0.470225 0.062304 0.163366 0.498 0.490 0.459
0.468387 0.061346 0.163410 0.502 0.494 0.463
0.465229 0.061903 0.164055 0.502 0.494 0.463
0.462737 0.061706 0.164399 0.514 0.506 0.475
0.460250 0.061512 0.164743 0.518 0.510 0.478
0.457768 0.061320 0.165087 0.518 0.510 0.478
0.455291 0.061130 0.165431 0.522 0.514 0.482
0.452817 0.060943 0.165775 0.525 0.518 0.486
0.450349 0.060758 0.166119 0.514 0.518 0.482
0.448529 0.059810 0.166163 0.518 0.522 0.486
0.446067 0.059629 0.166507 0.518 0.522 0.486
0.443610 0.059450 0.166850 0.525 0.529 0.494
0.441158 0.059273 0.167194 0.525 0.529 0.494
0.438710 0.059099 0.167537 0.522 0.525 0.490
0.436266 0.058928 0.167880 0.525 0.529 0.494
0.434458 0.057985 0.167924 0.533 0.537 0.502
0.432021 0.057817 0.168267 0.537 0.541 0.506
0.430215 0.056876 0.168311 0.537 0.541 0.506
0.428409 0.055936 0.168354 0.541 0.545 0.510
0.426602 0.054995 0.168398 0.541 0.545 0.510
0.424796 0.054054 0.168442 0.537 0.537 0.514
0.422989 0.053113 0.168486 0.545 0.545 0.522
0.421183 0.052172 0.168529 0.533 0.537 0.514
0.419377 0.051231 0.168573 0.533 0.537 0.514
0.418180 0.049507 0.168318 0.533 0.537 0.514
0.416978 0.047780 0.168064 0.529 0.533 0.510
0.415772 0.046051 0.167809 0.529 0.533 0.510
0.414561 0.044319 0.167554 0.522 0.525 0.502
0.412746 0.043373 0.167598 0.522 0.525 0.502
0.411528 0.041638 0.167344 0.514 0.529 0.502
0.410306 0.039901 0.167090 0.506 0.522 0.494
0.409079 0.038161 0.166836 0.506 0.522 0.502
0.407848 0.036418 0.166582 0.498 0.514 0.494
0.406612 0.034674 0.166328 0.498 0.514 0.494
0.405371 0.032927 0.166074 0.494 0.510 0.490
0.404126 0.031177 0.165820 0.486 0.502 0.482
0.402295 0.030223 0.165864 0.486 0.502 0.482
0.491761 0.065827 0.158715 0.506 0.510 0.494
0.489904 0.064860 0.158760 0.486 0.486 0.463
0.487367 0.064638 0.159107 0.486 0.478 0.447
0.484835 0.064419 0.159455 0.467 0.459 0.427
0.482307 0.064202 0.159802 0.463 0.455 0.424
0.479785 0.063988 0.160150 0.467 0.459 0.420
0.477266 0.063775 0.160497 0.482 0.467 0.439
0.474752 0.063566 0.160844 0.478 0.471 0.439
0.472243 0.063358 0.161191 0.490 0.482 0.451
0.469739 0.063153 0.161538 0.494 0.486 0.455
0.467239 0.062951 0.161885 0.494 0.486 0.455
0.464743 0.062750 0.162232 0.494 0.486 0.455
0.462252 0.062552 0.162578 0.502 0.494 0.463
0.459766 0.062357 0.162925 0.514 0.506 0.475
0.457284 0.062164 0.163271 0.506 0.498 0.467
0.454807 0.061973 0.163617 0.522 0.514 0.482
0.452335 0.061785 0.163963 0.522 0.514 0.482
0.449867 0.061599 0.164309 0.518 0.522 0.486
0.447404 0.061416 0.164655 0.518 0.522 0.486
0.444945 0.061234 0.165001 0.518 0.522 0.486
0.442491 0.061056 0.165347 0.525 0.529 0.494
0.440041 0.060879 0.165692 0.525 0.529 0.494
0.437596 0.060705 0.166038 0.525 0.529 0.494
0.435156 0.060534 0.166383 0.533 0.537 0.502
0.433349 0.059593 0.166427 0.533 0.537 0.502
0.431543 0.058652 0.166471 0.541 0.545 0.510
0.429737 0.057711 0.166515 0.541 0.545 0.510
0.427930 0.056770 0.166558 0.541 0.545 0.510
0.426124 0.055829 0.166602 0.541 0.545 0.510
0.424318 0.054888 0.166646 0.537 0.541 0.506
0.422511 0.053947 0.166690 0.541 0.541 0.518
0.420705 0.053006 0.166734 0.533 0.537 0.514
0.418898 0.052066 0.166777 0.522 0.525 0.502
0.417701 0.050342 0.166520 0.522 0.525 0.502
0.416499 0.048616 0.166263 0.518 0.522 0.506
0.415292 0.046888 0.166006 0.518 0.522 0.506
0.414081 0.045158 0.165749 0.514 0.518 0.502
0.412265 0.044212 0.165793 0.514 0.518 0.502
0.411047 0.042478 0.165537 0.514 0.518 0.502
0.409824 0.040742 0.165280 0.502 0.506 0.490
0.408597 0.039003 0.165024 0.494 0.510 0.490
0.407365 0.037261 0.164767 0.486 0.502 0.482
0.406128 0.035518 0.164511 0.486 0.502 0.482
0.404887 0.033772 0.164255 0.486 0.502 0.482
0.403641 0.032023 0.163999 0.482 0.498 0.478
0.402391 0.030272 0.163743 0.486 0.502 0.482
0.401136 0.028519 0.163487 0.486 0.502 0.482
0.491269 0.066685 0.156869 0.514 0.514 0.498
0.489412 0.065718 0.156914 0.482 0.482 0.459
0.486876 0.065495 0.157264 0.486 0.478 0.447
0.484345 0.065275 0.157614 0.467 0.459 0.420
0.481818 0.065057 0.157963 0.463 0.455 0.416
0.479295 0.064841 0.158313 0.467 0.459 0.420
0.476778 0.064628 0.158662 0.471 0.463 0.424
0.474264 0.064417 0.159012 0.478 0.471 0.431
0.471756 0.064209 0.159361 0.478 0.471 0.431
0.469252 0.064003 0.159710 0.486 0.478 0.439
0.466753 0.063799 0.160059 0.486 0.478 0.439
0.464258 0.063598 0.160408 0.490 0.482 0.443
0.461767 0.063399 0.160757 0.494 0.486 0.447
0.459282 0.063202 0.161106 0.498 0.490 0.451
0.456801 0.063008 0.161455 0.494 0.486 0.447
0.454324 0.062816 0.161803 0.502 0.494 0.455
0.451852 0.062627 0.162152 0.506 0.498 0.459
0.449385 0.062440 0.162500 0.506 0.498 0.459
0.446922 0.062255 0.162848 0.514 0.506 0.467
0.444464 0.062073 0.163196 0.514 0.506 0.467
0.442011 0.061893 0.163544 0.518 0.510 0.471
0.439562 0.061716 0.163892 0.510 0.514 0.471
0.437117 0.061541 0.164240 0.518 0.522 0.486
0.434678 0.061368 0.164587 0.514 0.518 0.482
0.432242 0.061198 0.164935 0.518 0.518 0.494
0.430438 0.060258 0.164979 0.518 0.518 0.494
0.428634 0.059319 0.165022 0.518 0.518 0.494
0.426830 0.058379 0.165066 0.522 0.525 0.490
0.425026 0.057439 0.165110 0.522 0.525 0.490
0.423222 0.056499 0.165154 0.518 0.522 0.486
0.421418 0.055560 0.165197 0.514 0.514 0.490
0.419614 0.054620 0.165241 0.506 0.510 0.486
0.418420 0.052900 0.164982 0.502 0.506 0.490
0.417222 0.051178 0.164722 0.502 0.506 0.490
0.416019 0.049453 0.164463 0.502 0.506 0.490
0.414812 0.047726 0.164204 0.502 0.502 0.502
0.413600 0.045997 0.163945 0.506 0.506 0.506
0.411784 0.045051 0.163989 0.506 0.506 0.506
0.410566 0.043318 0.163730 0.502 0.506 0.490
0.409342 0.041582 0.163471 0.490 0.494 0.478
0.408114 0.039845 0.163212 0.482 0.498 0.478
0.406882 0.038104 0.162953 0.486 0.502 0.482
0.406232 0.035570 0.162392 0.482 0.498 0.478
0.404988 0.033824 0.162134 0.486 0.498 0.494
0.403740 0.032075 0.161876 0.482 0.494 0.490
0.402486 0.030324 0.161618 0.486 0.498 0.494
0.401229 0.028571 0.161360 0.486 0.498 0.494
0.490777 0.067543 0.155023 0.490 0.490 0.475
0.488921 0.066576 0.155068 0.506 0.494 0.482
0.487064 0.065609 0.155113 0.518 0.506 0.486
0.484531 0.065386 0.155465 0.498 0.490 0.459
0.482002 0.065166 0.155817 0.463 0.455 0.424
0.479478 0.064948 0.156169 0.467 0.451 0.424
0.476959 0.064732 0.156521 0.467 0.451 0.416
0.474444 0.064519 0.156873 0.475 0.459 0.424
0.471933 0.064309 0.157224 0.478 0.463 0.427
0.469428 0.064100 0.157576 0.478 0.463 0.427
0.466927 0.063894 0.157927 0.482 0.467 0.431
0.463772 0.064445 0.158585 0.478 0.471 0.431
0.461283 0.064245 0.158936 0.486 0.478 0.439
0.458797 0.064047 0.159287 0.494 0.486 0.447
0.456317 0.063852 0.159638 0.494 0.486 0.447
0.453841 0.063659 0.159989 0.498 0.490 0.451
0.451370 0.063469 0.160340 0.498 0.490 0.451
0.448903 0.063281 0.160690 0.502 0.494 0.455
0.446441 0.063095 0.161041 0.506 0.498 0.459
0.443984 0.062912 0.161391 0.506 0.498 0.459
0.441531 0.062731 0.161742 0.514 0.506 0.467
0.439082 0.062553 0.162092 0.506 0.510 0.467
0.436638 0.062377 0.162442 0.510 0.514 0.478
0.434199 0.062203 0.162792 0.510 0.514 0.478
0.431765 0.062032 0.163141 0.510 0.510 0.486
0.429961 0.061092 0.163185 0.514 0.514 0.490
0.428157 0.060152 0.163229 0.514 0.514 0.490
0.426352 0.059212 0.163273 0.518 0.522 0.486
0.424548 0.058273 0.163316 0.518 0.522 0.486
0.422744 0.057333 0.163360 0.514 0.514 0.490
0.420940 0.056393 0.163404 0.514 0.514 0.490
0.419136 0.055454 0.163448 0.502 0.506 0.482
0.417942 0.053735 0.163186 0.494 0.498 0.475
0.416743 0.052013 0.162924 0.494 0.498 0.475
0.415540 0.050290 0.162662 0.494 0.498 0.482
0.414332 0.048564 0.162401 0.494 0.498 0.482
0.413119 0.046835 0.162140 0.502 0.506 0.490
0.411304 0.045890 0.162184 0.502 0.506 0.490
0.410084 0.044158 0.161922 0.502 0.506 0.490
0.408860 0.042423 0.161661 0.490 0.494 0.478
0.407632 0.040687 0.161400 0.486 0.502 0.482
0.406988 0.038158 0.160834 0.486 0.498 0.494
0.405748 0.036415 0.160574 0.482 0.494 0.490
0.405088 0.033877 0.160008 0.494 0.506 0.502
0.403836 0.032129 0.159748 0.494 0.506 0.502
0.402580 0.030378 0.159487 0.502 0.514 0.510
0.400742 0.029420 0.159532 0.522 0.533 0.529
0.490968 0.067661 0.152867 0.486 0.486 0.471
0.489109 0.066693 0.152912 0.486 0.475 0.463
0.487250 0.065724 0.152957 0.498 0.486 0.475
0.484715 0.065499 0.153312 0.522 0.514 0.482
0.482185 0.065277 0.153666 0.502 0.494 0.463
0.479659 0.065057 0.154021 0.482 0.467 0.431
0.477138 0.064839 0.154375 0.475 0.459 0.424
0.474622 0.064624 0.154729 0.475 0.459 0.424
0.472110 0.064411 0.155083 0.478 0.463 0.427
0.469602 0.064200 0.155437 0.478 0.463 0.427
0.466440 0.064744 0.156099 0.482 0.467 0.431
0.463944 0.064539 0.156453 0.478 0.471 0.431
0.460798 0.065091 0.157116 0.486 0.478 0.439
0.458313 0.064892 0.157469 0.490 0.482 0.443
0.455833 0.064696 0.157822 0.490 0.482 0.443
0.453358 0.064502 0.158175 0.494 0.486 0.447
0.450887 0.064311 0.158528 0.494 0.486 0.447
0.448421 0.064122 0.158881 0.498 0.490 0.451
0.445960 0.063935 0.159234 0.502 0.494 0.455
0.443503 0.063751 0.159586 0.506 0.498 0.459
0.441051 0.063569 0.159939 0.506 0.498 0.459
0.438603 0.063389 0.160291 0.506 0.498 0.459
0.436160 0.063212 0.160644 0.506 0.510 0.467
0.433721 0.063037 0.160996 0.510 0.514 0.478
0.431287 0.062865 0.161348 0.506 0.510 0.475
0.429483 0.061925 0.161392 0.514 0.518 0.482
0.427679 0.060986 0.161435 0.514 0.518 0.482
0.425875 0.060046 0.161479 0.510 0.514 0.478
0.424071 0.059106 0.161523 0.510 0.514 0.478
0.422267 0.058166 0.161567 0.510 0.514 0.478
0.420463 0.057227 0.161610 0.510 0.514 0.478
0.418658 0.056287 0.161654 0.502 0.506 0.482
0.417464 0.054569 0.161390 0.506 0.510 0.486
0.416264 0.052849 0.161126 0.502 0.506 0.482
0.415060 0.051127 0.160862 0.506 0.510 0.494
0.413852 0.049402 0.160598 0.502 0.506 0.490
0.412639 0.047674 0.160335 0.502 0.506 0.490
0.410823 0.046729 0.160379 0.502 0.506 0.490
0.409603 0.044998 0.160115 0.506 0.510 0.494
0.408378 0.043264 0.159852 0.506 0.510 0.494
0.407149 0.041529 0.159588 0.502 0.518 0.498
0.406504 0.039002 0.159018 0.506 0.522 0.502
0.405850 0.036470 0.158448 0.529 0.545 0.525
0.404602 0.034725 0.158185 0.522 0.545 0.537
0.403350 0.032977 0.157922 0.522 0.545 0.537
0.402673 0.030433 0.157352 0.502 0.525 0.518
0.400832 0.029475 0.157397 0.494 0.518 0.510
0.399566 0.027720 0.157135 0.490 0.514 0.506
0.491158 0.067781 0.150707 0.486 0.486 0.471
0.489297 0.066812 0.150752 0.478 0.459 0.451
0.487435 0.065842 0.150797 0.475 0.455 0.447
0.484899 0.065615 0.151154 0.478 0.463 0.435
0.482367 0.065390 0.151511 0.490 0.475 0.447
0.479839 0.065168 0.151867 0.498 0.490 0.459
0.477317 0.064948 0.152224 0.514 0.506 0.475
0.474799 0.064730 0.152580 0.549 0.541 0.502
0.472285 0.064515 0.152937 0.557 0.549 0.510
0.469776 0.064302 0.153293 0.533 0.525 0.486
0.466612 0.064842 0.153960 0.498 0.490 0.443
0.464115 0.064636 0.154316 0.498 0.490 0.443
0.460967 0.065184 0.154983 0.486 0.478 0.431
0.457829 0.065738 0.155650 0.490 0.482 0.443
0.455350 0.065540 0.156006 0.490 0.482 0.443
0.452875 0.065345 0.156361 0.494 0.486 0.447
0.450405 0.065153 0.156716 0.498 0.490 0.451
0.447939 0.064963 0.157071 0.498 0.490 0.451
0.445479 0.064775 0.157427 0.502 0.494 0.455
0.443022 0.064590 0.157781 0.506 0.498 0.459
0.440570 0.064407 0.158136 0.514 0.506 0.467
0.438123 0.064226 0.158491 0.514 0.506 0.467
0.435681 0.064048 0.158846 0.518 0.510 0.471
0.433243 0.063872 0.159200 0.510 0.514 0.478
0.430809 0.063699 0.159554 0.510 0.514 0.478
0.429005 0.062759 0.159598 0.514 0.518 0.482
0.427201 0.061819 0.159642 0.514 0.518 0.482
0.425397 0.060879 0.159686 0.514 0.518 0.482
0.423593 0.059940 0.159729 0.514 0.518 0.482
0.421789 0.059000 0.159773 0.514 0.518 0.482
0.419985 0.058060 0.159817 0.514 0.514 0.490
0.418181 0.057121 0.159861 0.506 0.510 0.486
0.416985 0.055404 0.159594 0.510 0.514 0.490
0.415785 0.053685 0.159328 0.506 0.510 0.486
0.414581 0.051963 0.159062 0.506 0.510 0.494
0.413372 0.050239 0.158796 0.506 0.510 0.494
0.412158 0.048513 0.158530 0.506 0.510 0.494
0.410940 0.046784 0.158264 0.510 0.514 0.498
0.409717 0.045053 0.157998 0.518 0.522 0.506
0.408489 0.043320 0.157733 0.537 0.541 0.525
0.407257 0.041584 0.157467 0.541 0.557 0.537
0.406020 0.039846 0.157202 0.518 0.545 0.522
0.405365 0.037316 0.156627 0.525 0.553 0.529
0.404700 0.034782 0.156052 0.506 0.533 0.510
0.403445 0.033034 0.155787 0.494 0.518 0.510
0.402765 0.030491 0.155213 0.486 0.510 0.502
0.401498 0.028738 0.154948 0.478 0.502 0.494
0.399653 0.027776 0.154993 0.478 0.502 0.494
0.491347 0.067903 0.148542 0.494 0.482 0.471
0.489483 0.066933 0.148587 0.478 0.459 0.451
0.487619 0.065962 0.148633 0.475 0.455 0.439
0.485081 0.065733 0.148992 0.475 0.459 0.431
0.482548 0.065505 0.149351 0.475 0.459 0.431
0.480018 0.065281 0.149710 0.478 0.463 0.435
0.477494 0.065059 0.150069 0.490 0.475 0.447
0.474974 0.064839 0.150428 0.494 0.478 0.451
0.472459 0.064621 0.150786 0.525 0.510 0.475
0.469287 0.065155 0.151458 0.533 0.518 0.482
0.466125 0.065693 0.152130 0.553 0.545 0.498
0.463628 0.065485 0.152489 0.573 0.565 0.518
0.460482 0.066032 0.153160 0.557 0.549 0.502
0.457345 0.066583 0.153832 0.537 0.541 0.498
0.454866 0.066384 0.154189 0.514 0.518 0.475
0.452392 0.066188 0.154547 0.498 0.502 0.459
0.449922 0.065995 0.154905 0.506 0.498 0.459
0.447458 0.065804 0.155262 0.514 0.506 0.467
0.444997 0.065615 0.155619 0.518 0.510 0.471
0.442542 0.065428 0.155976 0.518 0.510 0.471
0.440090 0.065244 0.156334 0.518 0.510 0.471
0.437644 0.065063 0.156691 0.518 0.510 0.471
0.435202 0.064883 0.157047 0.522 0.514 0.475
0.432765 0.064707 0.157404 0.514 0.518 0.475
0.430332 0.064532 0.157761 0.514 0.518 0.475
0.428528 0.063592 0.157805 0.518 0.522 0.486
0.426724 0.062653 0.157848 0.518 0.518 0.494
0.424920 0.061713 0.157892 0.522 0.522 0.498
0.423115 0.060773 0.157936 0.525 0.525 0.502
0.421926 0.059061 0.157667 0.537 0.537 0.514
0.420120 0.058120 0.157711 0.545 0.545 0.522
0.418314 0.057179 0.157755 0.541 0.545 0.522
0.417115 0.055462 0.157486 0.545 0.549 0.525
0.415912 0.053743 0.157217 0.557 0.561 0.537
0.414705 0.052022 0.156949 0.569 0.584 0.557
0.413493 0.050298 0.156681 0.561 0.576 0.557
0.412276 0.048571 0.156413 0.549 0.565 0.545
0.410458 0.047624 0.156457 0.549 0.565 0.545
0.409235 0.045894 0.156189 0.522 0.537 0.518
0.408007 0.044162 0.155921 0.506 0.518 0.514
0.406774 0.042427 0.155653 0.482 0.494 0.498
0.405537 0.040690 0.155385 0.475 0.498 0.498
0.404880 0.038162 0.154806 0.443 0.467 0.467
0.404214 0.035630 0.154227 0.467 0.490 0.490
0.402959 0.033883 0.153959 0.475 0.498 0.490
0.402277 0.031343 0.153381 0.475 0.498 0.490
0.401010 0.029590 0.153114 0.471 0.494 0.486
0.399738 0.027835 0.152847 0.471 0.494 0.486
0.488990 0.067794 0.146735 0.471 0.459 0.439
0.487126 0.066823 0.146780 0.471 0.455 0.420
0.485262 0.065852 0.146825 0.471 0.455 0.420
0.482727 0.065623 0.147186 0.467 0.451 0.416
0.480196 0.065396 0.147548 0.467 0.451 0.416
0.477670 0.065172 0.147909 0.471 0.455 0.420
0.474484 0.065694 0.148586 0.475 0.459 0.424
0.471969 0.065476 0.148947 0.478 0.463 0.427
0.468799 0.066007 0.149624 0.482 0.467 0.431
0.465638 0.066543 0.150300 0.490 0.475 0.439
0.463141 0.066334 0.150661 0.494 0.486 0.455
0.459996 0.066879 0.151337 0.498 0.490 0.459
0.456860 0.067428 0.152013 0.502 0.494 0.463
0.454382 0.067229 0.152373 0.518 0.510 0.478
0.451909 0.067031 0.152733 0.522 0.514 0.482
0.449440 0.066837 0.153093 0.529 0.522 0.490
0.446976 0.066645 0.153452 0.549 0.541 0.510
0.444516 0.066455 0.153812 0.549 0.541 0.502
0.442061 0.066267 0.154172 0.545 0.537 0.498
0.439610 0.066082 0.154531 0.549 0.541 0.502
0.437164 0.065899 0.154890 0.545 0.537 0.506
0.434723 0.065719 0.155249 0.557 0.549 0.518
0.432286 0.065541 0.155608 0.561 0.553 0.514
0.430480 0.064600 0.155652 0.549 0.541 0.502
0.428674 0.063659 0.155696 0.549 0.553 0.518
0.426867 0.062718 0.155740 0.541 0.545 0.522
0.425061 0.061778 0.155784 0.541 0.545 0.522
0.423254 0.060837 0.155827 0.541 0.545 0.522
0.422062 0.059124 0.155556 0.541 0.545 0.522
0.420254 0.058182 0.155600 0.533 0.537 0.514
0.418445 0.057240 0.155644 0.533 0.537 0.522
0.417244 0.055523 0.155373 0.529 0.533 0.518
0.415433 0.054580 0.155417 0.557 0.561 0.545
0.414225 0.052859 0.155146 0.514 0.529 0.510
0.413012 0.051136 0.154876 0.514 0.525 0.522
0.411795 0.049411 0.154605 0.510 0.522 0.518
0.410573 0.047683 0.154335 0.478 0.490 0.486
0.409347 0.045953 0.154065 0.478 0.490 0.486
0.408116 0.044221 0.153795 0.439 0.451 0.463
0.406880 0.042486 0.153525 0.388 0.412 0.420
0.405640 0.040748 0.153255 0.424 0.447 0.455
0.404395 0.039009 0.152985 0.420 0.443 0.451
0.403728 0.036479 0.152401 0.463 0.486 0.486
0.403052 0.033944 0.151818 0.475 0.498 0.498
0.402366 0.031404 0.151234 0.471 0.494 0.486
0.401096 0.029651 0.150965 0.467 0.490 0.482
0.399822 0.027896 0.150696 0.471 0.494 0.486
0.398543 0.026138 0.150427 0.471 0.494 0.486
0.489174 0.067918 0.144563 0.475 0.459 0.431
0.487308 0.066946 0.144608 0.478 0.451 0.420
0.484769 0.066713 0.144972 0.463 0.447 0.412
0.482234 0.066483 0.145336 0.463 0.447 0.412
0.479704 0.066255 0.145699 0.463 0.447 0.412
0.477178 0.066029 0.146063 0.463 0.447 0.412
0.473993 0.066550 0.146745 0.471 0.455 0.420
0.471479 0.066331 0.147108 0.475 0.459 0.424
0.468310 0.066860 0.147789 0.478 0.463 0.427
0.465150 0.067394 0.148470 0.482 0.467 0.431
0.462654 0.067184 0.148833 0.486 0.478 0.447
0.459511 0.067726 0.149514 0.486 0.478 0.447
0.457026 0.067522 0.149876 0.494 0.486 0.455
0.454547 0.067320 0.150239 0.498 0.490 0.459
0.451426 0.067875 0.150919 0.506 0.498 0.467
0.448957 0.067679 0.151281 0.506 0.498 0.467
0.446494 0.067486 0.151643 0.522 0.514 0.482
0.444035 0.067295 0.152005 0.522 0.514 0.482
0.441580 0.067106 0.152367 0.525 0.518 0.486
0.439130 0.066920 0.152728 0.533 0.518 0.490
0.437317 0.065975 0.152772 0.529 0.514 0.486
0.434874 0.065793 0.153134 0.525 0.518 0.486
0.432436 0.065613 0.153495 0.529 0.522 0.490
0.430627 0.064671 0.153539 0.529 0.522 0.490
0.428818 0.063728 0.153583 0.522 0.525 0.490
0.427010 0.062786 0.153627 0.518 0.522 0.498
0.425201 0.061844 0.153670 0.522 0.525 0.510
0.423392 0.060902 0.153714 0.522 0.525 0.510
0.422197 0.059190 0.153441 0.522 0.525 0.510
0.420386 0.058246 0.153485 0.522 0.525 0.510
0.418575 0.057303 0.153529 0.518 0.522 0.506
0.416764 0.056360 0.153573 0.518 0.522 0.506
0.415558 0.054642 0.153300 0.514 0.518 0.502
0.414347 0.052921 0.153027 0.416 0.427 0.424
0.413131 0.051198 0.152754 0.416 0.427 0.431
0.411911 0.049472 0.152481 0.420 0.420 0.427
0.410687 0.047744 0.152209 0.412 0.424 0.427
0.409457 0.046014 0.151936 0.424 0.435 0.439
0.408223 0.044281 0.151664 0.412 0.424 0.435
0.406985 0.042546 0.151392 0.369 0.392 0.400
0.405742 0.040809 0.151120 0.412 0.435 0.435
0.404494 0.039069 0.150848 0.412 0.435 0.435
0.403824 0.036540 0.150259 0.459 0.482 0.482
0.403144 0.034006 0.149671 0.467 0.490 0.490
0.402455 0.031467 0.149084 0.467 0.490 0.482
0.401182 0.029714 0.148812 0.467 0.490 0.482
0.399904 0.027959 0.148541 0.471 0.482 0.478
0.398622 0.026201 0.148270 0.478 0.482 0.459
0.488680 0.068780 0.142708 0.478 0.443 0.408
0.486814 0.067808 0.142753 0.486 0.447 0.400
0.484275 0.067574 0.143119 0.471 0.447 0.396
0.481741 0.067343 0.143485 0.471 0.447 0.396
0.479212 0.067114 0.143851 0.463 0.447 0.404
0.476687 0.066887 0.144217 0.455 0.439 0.404
0.473503 0.067406 0.144903 0.467 0.451 0.416
0.470989 0.067185 0.145269 0.471 0.455 0.420
0.467822 0.067712 0.145955 0.475 0.459 0.424
0.464663 0.068244 0.146640 0.475 0.459 0.424
0.462168 0.068033 0.147005 0.482 0.467 0.431
0.459025 0.068573 0.147691 0.478 0.471 0.431
0.456541 0.068368 0.148055 0.490 0.482 0.443
0.454062 0.068165 0.148420 0.490 0.482 0.443
0.450943 0.068718 0.149105 0.494 0.486 0.447
0.448475 0.068521 0.149469 0.498 0.490 0.451
0.446012 0.068326 0.149833 0.502 0.494 0.463
0.443553 0.068134 0.150198 0.514 0.506 0.475
0.441100 0.067945 0.150562 0.506 0.498 0.467
0.438650 0.067758 0.150926 0.518 0.506 0.486
0.436837 0.066813 0.150970 0.522 0.510 0.490
0.434395 0.066630 0.151333 0.518 0.506 0.486
0.432584 0.065686 0.151377 0.518 0.506 0.486
0.430773 0.064743 0.151421 0.518 0.506 0.486
0.428962 0.063800 0.151465 0.518 0.506 0.486
0.427151 0.062856 0.151509 0.510 0.510 0.486
0.425340 0.061913 0.151553 0.518 0.518 0.494
0.423529 0.060970 0.151597 0.518 0.518 0.494
0.421718 0.060026 0.151641 0.510 0.510 0.486
0.419907 0.059083 0.151685 0.510 0.514 0.490
0.418704 0.057368 0.151409 0.510 0.514 0.490
0.416891 0.056424 0.151453 0.510 0.514 0.490
0.415682 0.054705 0.151178 0.502 0.506 0.482
0.414468 0.052984 0.150903 0.416 0.427 0.424
0.413250 0.051261 0.150628 0.424 0.424 0.424
0.412026 0.049536 0.150353 0.447 0.447 0.447
0.410799 0.047808 0.150078 0.451 0.463 0.459
0.409567 0.046077 0.149803 0.455 0.467 0.463
0.408330 0.044344 0.149529 0.467 0.478 0.475
0.407088 0.042609 0.149254 0.467 0.478 0.475
0.405842 0.040872 0.148980 0.467 0.482 0.463
0.404592 0.039132 0.148706 0.471 0.486 0.467
0.403918 0.036603 0.148113 0.467 0.478 0.475
0.403235 0.034070 0.147521 0.475 0.486 0.482
0.402542 0.031532 0.146928 0.475 0.486 0.482
0.401266 0.029779 0.146655 0.475 0.486 0.482
0.399986 0.028024 0.146381 0.478 0.482 0.467
0.398701 0.026266 0.146108 0.451 0.396 0.373
0.488186 0.069642 0.140853 0.451 0.392 0.345
0.486320 0.068670 0.140898 0.478 0.373 0.278
0.483782 0.068435 0.141267 0.490 0.384 0.282
0.481249 0.068203 0.141635 0.506 0.400 0.298
0.478720 0.067973 0.142003 0.506 0.435 0.357
0.476195 0.067745 0.142371 0.475 0.439 0.373
0.473013 0.068262 0.143062 0.475 0.447 0.408
0.470500 0.068040 0.143430 0.471 0.455 0.412
0.467333 0.068565 0.144120 0.471 0.455 0.412
0.464176 0.069095 0.144810 0.471 0.455 0.412
0.461681 0.068883 0.145178 0.478 0.463 0.420
0.458540 0.069421 0.145868 0.478 0.463 0.427
0.456056 0.069214 0.146235 0.490 0.475 0.439
0.453578 0.069011 0.146602 0.490 0.475 0.439
0.450459 0.069561 0.147291 0.494 0.478 0.443
0.447992 0.069363 0.147657 0.498 0.490 0.451
0.445530 0.069167 0.148024 0.502 0.494 0.463
0.443072 0.068974 0.148390 0.506 0.498 0.467
0.440619 0.068784 0.148757 0.506 0.498 0.467
0.438803 0.067838 0.148801 0.514 0.502 0.482
0.436357 0.067651 0.149167 0.518 0.506 0.486
0.434544 0.066706 0.149211 0.518 0.506 0.486
0.432730 0.065762 0.149255 0.514 0.502 0.482
0.430917 0.064817 0.149299 0.514 0.502 0.482
0.429104 0.063873 0.149343 0.518 0.506 0.486
0.427291 0.062928 0.149387 0.510 0.510 0.486
0.425477 0.061984 0.149431 0.514 0.514 0.490
0.423664 0.061040 0.149475 0.514 0.514 0.490
0.421851 0.060095 0.149519 0.510 0.510 0.486
0.420038 0.059151 0.149563 0.506 0.510 0.486
0.418224 0.058206 0.149607 0.510 0.514 0.490
0.417017 0.056490 0.149329 0.510 0.514 0.490
0.415805 0.054771 0.149051 0.494 0.498 0.475
0.414588 0.053050 0.148774 0.467 0.471 0.455
0.413366 0.051327 0.148497 0.478 0.478 0.478
0.412140 0.049601 0.148220 0.478 0.478 0.478
0.410910 0.047873 0.147943 0.471 0.482 0.478
0.409675 0.046142 0.147666 0.471 0.482 0.478
0.408435 0.044409 0.147389 0.475 0.486 0.482
0.407191 0.042674 0.147112 0.478 0.482 0.467
0.405942 0.040936 0.146836 0.482 0.486 0.471
0.404688 0.039196 0.146559 0.486 0.490 0.475
0.404011 0.036669 0.145962 0.486 0.490 0.467
0.403324 0.034137 0.145365 0.502 0.490 0.471
0.402628 0.031600 0.144768 0.471 0.408 0.388
0.401349 0.029847 0.144492 0.463 0.345 0.318
0.400066 0.028091 0.144217 0.471 0.353 0.325
0.398778 0.026333 0.143941 0.486 0.365 0.322
0.487692 0.070504 0.138998 0.447 0.392 0.333
0.485826 0.069532 0.139043 0.478 0.353 0.259
0.483289 0.069296 0.139414 0.486 0.341 0.224
0.480756 0.069063 0.139784 0.482 0.337 0.220
0.478227 0.068832 0.140155 0.486 0.341 0.224
0.475704 0.068603 0.140525 0.525 0.416 0.341
0.472522 0.069117 0.141221 0.490 0.443 0.373
0.470010 0.068895 0.141591 0.478 0.447 0.392
0.466844 0.069418 0.142286 0.482 0.451 0.396
0.463688 0.069945 0.142980 0.478 0.455 0.404
0.461194 0.069732 0.143350 0.482 0.455 0.416
0.458054 0.070268 0.144044 0.482 0.455 0.416
0.455572 0.070061 0.144414 0.490 0.463 0.431
0.453094 0.069856 0.144783 0.498 0.471 0.439
0.450620 0.069653 0.145152 0.494 0.478 0.443
0.448152 0.069453 0.145521 0.498 0.482 0.447
0.445687 0.069256 0.145890 0.498 0.490 0.451
0.443228 0.069060 0.146259 0.502 0.494 0.463
0.440773 0.068867 0.146627 0.498 0.490 0.459
0.438323 0.068677 0.146996 0.506 0.498 0.467
0.436507 0.067731 0.147040 0.514 0.506 0.475
0.434692 0.066785 0.147084 0.514 0.506 0.475
0.432876 0.065840 0.147128 0.514 0.506 0.475
0.431060 0.064894 0.147172 0.514 0.506 0.475
0.429245 0.063948 0.147216 0.514 0.506 0.475
0.427429 0.063003 0.147260 0.518 0.510 0.478
0.425614 0.062057 0.147304 0.514 0.506 0.475
0.423798 0.061111 0.147348 0.514 0.506 0.475
0.421983 0.060166 0.147392 0.514 0.506 0.475
0.420167 0.059220 0.147436 0.514 0.506 0.475
0.418352 0.058274 0.147480 0.506 0.498 0.467
0.417141 0.056558 0.147200 0.506 0.510 0.475
0.415926 0.054839 0.146921 0.498 0.502 0.467
0.414706 0.053118 0.146641 0.494 0.498 0.463
0.413482 0.051395 0.146362 0.498 0.502 0.467
0.412253 0.049669 0.146082 0.498 0.502 0.467
0.411020 0.047940 0.145803 0.494 0.498 0.463
0.409782 0.046210 0.145524 0.494 0.498 0.463
0.408539 0.044477 0.145245 0.506 0.498 0.467
0.407292 0.042741 0.144966 0.525 0.482 0.455
0.406040 0.041003 0.144687 0.482 0.404 0.373
0.404784 0.039263 0.144408 0.459 0.380 0.349
0.404103 0.036737 0.143807 0.471 0.349 0.314
0.403412 0.034205 0.143205 0.475 0.333 0.302
0.402713 0.031670 0.142604 0.482 0.333 0.290
0.401431 0.029916 0.142326 0.478 0.341 0.282
0.400145 0.028160 0.142048 0.482 0.345 0.286
0.398854 0.026402 0.141770 0.506 0.376 0.318
0.397559 0.024642 0.141492 0.502 0.412 0.337
0.487198 0.071366 0.137143 0.447 0.392 0.333
0.485332 0.070394 0.137188 0.482 0.353 0.239
0.482795 0.070157 0.137561 0.478 0.310 0.165
0.480263 0.069923 0.137934 0.463 0.294 0.149
0.477735 0.069691 0.138307 0.471 0.282 0.145
0.475212 0.069461 0.138679 0.475 0.278 0.145
0.472032 0.069973 0.139379 0.498 0.310 0.180
0.469520 0.069749 0.139751 0.475 0.322 0.192
0.466356 0.070270 0.140451 0.486 0.333 0.204
0.463201 0.070796 0.141150 0.490 0.353 0.243
0.460708 0.070581 0.141522 0.529 0.404 0.318
0.458219 0.070369 0.141894 0.525 0.427 0.349
0.455087 0.070907 0.142593 0.518 0.439 0.361
0.452609 0.070701 0.142964 0.525 0.447 0.369
0.450137 0.070497 0.143336 0.518 0.443 0.376
0.447669 0.070296 0.143707 0.525 0.471 0.404
0.445205 0.070098 0.144078 0.522 0.486 0.420
0.442746 0.069901 0.144449 0.518 0.478 0.424
0.440926 0.068953 0.144493 0.518 0.478 0.424
0.438474 0.068760 0.144864 0.518 0.486 0.439
0.436656 0.067813 0.144908 0.518 0.486 0.439
0.434838 0.066867 0.144952 0.525 0.486 0.439
0.433020 0.065920 0.144996 0.529 0.478 0.427
0.431203 0.064973 0.145040 0.529 0.478 0.427
0.429385 0.064026 0.145084 0.510 0.482 0.443
0.427567 0.063079 0.145129 0.506 0.471 0.435
0.425749 0.062132 0.145173 0.522 0.478 0.443
0.423931 0.061185 0.145217 0.518 0.475 0.439
0.422113 0.060238 0.145261 0.529 0.486 0.451
0.420296 0.059292 0.145305 0.518 0.482 0.447
0.418478 0.058345 0.145349 0.514 0.478 0.443
0.417264 0.056628 0.145067 0.510 0.482 0.443
0.416046 0.054909 0.144785 0.518 0.490 0.451
0.414824 0.053188 0.144503 0.506 0.490 0.447
0.413597 0.051464 0.144222 0.510 0.494 0.451
0.412365 0.049738 0.143940 0.537 0.498 0.451
0.411128 0.048010 0.143659 0.549 0.478 0.443
0.409887 0.046279 0.143377 0.537 0.467 0.431
0.408642 0.044546 0.143096 0.463 0.376 0.345
0.407392 0.042810 0.142815 0.475 0.353 0.318
0.406137 0.041072 0.142534 0.478 0.329 0.286
0.404878 0.039332 0.142253 0.494 0.345 0.302
0.404193 0.036806 0.141647 0.498 0.341 0.282
0.403500 0.034276 0.141041 0.494 0.329 0.275
0.402797 0.031741 0.140435 0.478 0.333 0.271
0.401512 0.029988 0.140155 0.482 0.337 0.275
0.400223 0.028232 0.139874 0.486 0.341 0.278
0.398929 0.026474 0.139594 0.510 0.380 0.314
0.397631 0.024713 0.139314 0.506 0.408 0.337
0.486704 0.072228 0.135288 0.443 0.392 0.341
0.484838 0.071257 0.135333 0.482 0.349 0.227
0.482302 0.071019 0.135708 0.478 0.302 0.161
0.479770 0.070783 0.136083 0.467 0.290 0.149
0.477243 0.070550 0.136458 0.463 0.278 0.122
0.474720 0.070319 0.136833 0.471 0.267 0.118
0.471541 0.070829 0.137538 0.478 0.275 0.125
0.469030 0.070604 0.137912 0.490 0.298 0.137
0.465867 0.071123 0.138616 0.490 0.298 0.137
0.462713 0.071646 0.139320 0.494 0.298 0.157
0.460221 0.071431 0.139694 0.502 0.310 0.192
0.457733 0.071218 0.140069 0.490 0.318 0.200
0.454602 0.071753 0.140772 0.502 0.337 0.220
0.452125 0.071546 0.141146 0.522 0.357 0.239
0.449653 0.071342 0.141519 0.514 0.365 0.259
0.447185 0.071139 0.141893 0.545 0.412 0.318
0.444722 0.070940 0.142266 0.565 0.451 0.361
0.442264 0.070742 0.142640 0.553 0.447 0.361
0.440444 0.069794 0.142684 0.553 0.447 0.361
0.438624 0.068846 0.142728 0.557 0.459 0.380
0.436804 0.067898 0.142772 0.553 0.455 0.384
0.434984 0.066950 0.142816 0.565 0.467 0.396
0.433164 0.066002 0.142860 0.561 0.451 0.384
0.431343 0.065054 0.142904 0.565 0.455 0.388
0.429523 0.064106 0.142949 0.553 0.435 0.365
0.427703 0.063158 0.142993 0.541 0.424 0.353
0.425883 0.062209 0.143037 0.557 0.427 0.361
0.424063 0.061261 0.143081 0.549 0.420 0.353
0.422243 0.060313 0.143125 0.529 0.392 0.325
0.420423 0.059365 0.143169 0.518 0.365 0.294
0.419209 0.057650 0.142885 0.529 0.357 0.286
0.417386 0.056701 0.142929 0.506 0.318 0.251
0.416165 0.054982 0.142645 0.482 0.294 0.227
0.414940 0.053260 0.142361 0.494 0.286 0.220
0.413710 0.051536 0.142077 0.506 0.282 0.200
0.412475 0.049810 0.141793 0.506 0.255 0.184
0.411236 0.048082 0.141510 0.502 0.227 0.173
0.409992 0.046351 0.141226 0.502 0.227 0.173
0.408744 0.044617 0.140943 0.537 0.318 0.263
0.407491 0.042882 0.140659 0.518 0.337 0.267
0.406233 0.041144 0.140376 0.494 0.333 0.259
0.404971 0.039403 0.140093 0.498 0.337 0.263
0.404283 0.036878 0.139482 0.478 0.318 0.235
0.403585 0.034349 0.138872 0.518 0.337 0.267
0.402879 0.031815 0.138261 0.478 0.337 0.255
0.401592 0.030061 0.137979 0.510 0.369 0.286
0.400300 0.028305 0.137696 0.494 0.353 0.271
0.399003 0.026547 0.137414 0.467 0.325 0.251
0.397702 0.024786 0.137132 0.475 0.341 0.263
0.486210 0.073091 0.133433 0.400 0.373 0.341
0.484344 0.072119 0.133478 0.463 0.349 0.251
0.481808 0.071880 0.133855 0.467 0.298 0.145
0.479277 0.071643 0.134233 0.467 0.298 0.145
0.476751 0.071409 0.134610 0.475 0.294 0.118
0.474229 0.071177 0.134987 0.459 0.259 0.082
0.471051 0.071685 0.135696 0.475 0.259 0.086
0.468541 0.071459 0.136073 0.490 0.278 0.086
0.465379 0.071975 0.136782 0.494 0.282 0.090
0.462226 0.072497 0.137490 0.494 0.282 0.090
0.459734 0.072280 0.137867 0.502 0.286 0.106
0.457246 0.072066 0.138243 0.506 0.298 0.114
0.454764 0.071855 0.138619 0.514 0.306 0.122
0.452285 0.071645 0.138995 0.518 0.310 0.125
0.449811 0.071438 0.139371 0.514 0.302 0.110
0.447342 0.071234 0.139747 0.525 0.298 0.122
0.444878 0.071032 0.140123 0.510 0.282 0.122
0.442418 0.070832 0.140499 0.522 0.286 0.129
0.440595 0.069883 0.140543 0.522 0.286 0.129
0.438773 0.068934 0.140587 0.541 0.290 0.149
0.436950 0.067984 0.140631 0.537 0.298 0.153
0.435128 0.067035 0.140675 0.549 0.310 0.173
0.433305 0.066086 0.140720 0.537 0.294 0.169
0.431483 0.065137 0.140764 0.529 0.286 0.161
0.429661 0.064187 0.140808 0.553 0.318 0.188
0.427838 0.063238 0.140852 0.553 0.333 0.188
0.426016 0.062289 0.140896 0.537 0.314 0.188
0.424193 0.061340 0.140941 0.545 0.322 0.196
0.422371 0.060390 0.140985 0.529 0.294 0.173
0.420549 0.059441 0.141029 0.545 0.278 0.169
0.418726 0.058492 0.141073 0.545 0.275 0.165
0.417507 0.056775 0.140787 0.541 0.271 0.153
0.416283 0.055056 0.140500 0.533 0.263 0.145
0.415055 0.053334 0.140214 0.533 0.255 0.122
0.413822 0.051610 0.139928 0.525 0.255 0.145
0.412584 0.049884 0.139642 0.514 0.224 0.129
0.411342 0.048155 0.139356 0.514 0.208 0.129
0.410095 0.046424 0.139070 0.514 0.208 0.129
0.408844 0.044691 0.138785 0.537 0.306 0.227
0.407588 0.042955 0.138499 0.510 0.329 0.251
0.406328 0.041217 0.138213 0.529 0.369 0.286
0.405063 0.039476 0.137928 0.541 0.380 0.298
0.404371 0.036953 0.137313 0.490 0.337 0.259
0.403670 0.034424 0.136698 0.467 0.306 0.239
0.402960 0.031891 0.136083 0.463 0.329 0.251
0.401670 0.030137 0.135798 0.514 0.373 0.290
0.400375 0.028381 0.135514 0.486 0.345 0.263
0.399076 0.026622 0.135229 0.463 0.302 0.227
0.397772 0.024861 0.134945 0.475 0.314 0.239
0.485716 0.073953 0.131578 0.376 0.365 0.345
0.483850 0.072981 0.131623 0.325 0.263 0.243
0.481315 0.072741 0.132003 0.404 0.290 0.200
0.478784 0.072503 0.132382 0.427 0.314 0.224
0.476259 0.072267 0.132762 0.467 0.314 0.129
0.473737 0.072034 0.133141 0.451 0.267 0.067
0.470561 0.072541 0.133855 0.471 0.259 0.067
0.468051 0.072313 0.134234 0.482 0.271 0.071
0.464890 0.072828 0.134947 0.490 0.278 0.078
0.461739 0.073347 0.135660 0.494 0.282 0.082
0.459247 0.073130 0.136039 0.502 0.290 0.090
0.456760 0.072914 0.136418 0.510 0.298 0.098
0.454278 0.072702 0.136796 0.514 0.302 0.102
0.451800 0.072491 0.137175 0.518 0.306 0.106
0.449327 0.072284 0.137553 0.510 0.290 0.082
0.446858 0.072078 0.137931 0.510 0.278 0.086
0.444395 0.071875 0.138309 0.518 0.263 0.086
0.442570 0.070924 0.138353 0.525 0.267 0.090
0.440745 0.069974 0.138397 0.525 0.267 0.090
0.438920 0.069024 0.138442 0.541 0.278 0.114
0.437096 0.068073 0.138486 0.545 0.282 0.118
0.435271 0.067123 0.138530 0.553 0.294 0.137
0.433446 0.066172 0.138574 0.541 0.294 0.141
0.431622 0.065222 0.138619 0.533 0.286 0.133
0.429797 0.064271 0.138663 0.557 0.310 0.149
0.427972 0.063321 0.138707 0.553 0.318 0.153
0.426147 0.062370 0.138751 0.537 0.302 0.145
0.424323 0.061420 0.138796 0.557 0.322 0.165
0.422498 0.060469 0.138840 0.525 0.286 0.141
0.420673 0.059519 0.138884 0.553 0.275 0.141
0.418849 0.058569 0.138928 0.549 0.271 0.137
0.417626 0.056852 0.138640 0.541 0.267 0.122
0.416400 0.055132 0.138351 0.533 0.259 0.114
0.415168 0.053411 0.138063 0.529 0.247 0.098
0.413933 0.051687 0.137774 0.525 0.231 0.086
0.412692 0.049960 0.137486 0.525 0.200 0.082
0.411447 0.048231 0.137198 0.514 0.184 0.086
0.410197 0.046500 0.136910 0.525 0.196 0.098
0.408943 0.044767 0.136622 0.647 0.408 0.306
0.407684 0.043031 0.136334 0.557 0.408 0.310
0.406421 0.041292 0.136047 0.506 0.365 0.290
0.405153 0.039551 0.135759 0.537 0.396 0.322
0.404458 0.037029 0.135139 0.525 0.388 0.322
0.403754 0.034501 0.134520 0.506 0.361 0.298
0.403040 0.031969 0.133900 0.490 0.345 0.282
0.401747 0.030215 0.133613 0.502 0.369 0.290
0.400449 0.028459 0.133327 0.486 0.353 0.275
0.399147 0.026700 0.133040 0.447 0.286 0.204
0.397840 0.024939 0.132753 0.471 0.302 0.212
0.485895 0.074086 0.129386 0.388 0.388 0.373
0.483356 0.073843 0.129768 0.298 0.259 0.251
0.480822 0.073602 0.130150 0.306 0.235 0.200
0.478292 0.073363 0.130532 0.306 0.235 0.200
0.475766 0.073126 0.130914 0.447 0.329 0.204
0.473246 0.072892 0.131295 0.439 0.278 0.086
0.470730 0.072661 0.131677 0.459 0.259 0.075
0.467561 0.073168 0.132395 0.475 0.263 0.063
0.465056 0.072943 0.132776 0.482 0.271 0.071
0.461904 0.073458 0.133494 0.494 0.286 0.067
0.459411 0.073239 0.133875 0.510 0.302 0.075
0.456922 0.073021 0.134256 0.510 0.302 0.075
0.454438 0.072806 0.134637 0.514 0.310 0.071
0.451959 0.072594 0.135017 0.514 0.310 0.071
0.449484 0.072384 0.135398 0.498 0.278 0.055
0.447013 0.072176 0.135779 0.510 0.271 0.063
0.444548 0.071971 0.136159 0.514 0.247 0.055
0.442087 0.071768 0.136539 0.518 0.243 0.055
0.440262 0.070817 0.136583 0.529 0.255 0.067
0.438437 0.069867 0.136628 0.537 0.263 0.075
0.436613 0.068916 0.136672 0.541 0.267 0.078
0.434788 0.067966 0.136716 0.557 0.302 0.106
0.432963 0.067015 0.136760 0.545 0.290 0.106
0.431138 0.066065 0.136805 0.545 0.290 0.106
0.429314 0.065114 0.136849 0.553 0.298 0.114
0.427489 0.064164 0.136893 0.545 0.290 0.106
0.425664 0.063213 0.136937 0.533 0.271 0.106
0.423840 0.062263 0.136982 0.553 0.290 0.125
0.422015 0.061312 0.137026 0.541 0.278 0.114
0.420797 0.059599 0.136735 0.537 0.267 0.094
0.418970 0.058647 0.136779 0.537 0.259 0.090
0.417745 0.056930 0.136488 0.537 0.259 0.090
0.416515 0.055211 0.136197 0.533 0.255 0.086
0.415281 0.053489 0.135907 0.525 0.224 0.063
0.414042 0.051765 0.135616 0.529 0.208 0.063
0.412799 0.050038 0.135326 0.514 0.184 0.051
0.411551 0.048309 0.135035 0.510 0.184 0.067
0.410298 0.046578 0.134745 0.541 0.216 0.098
0.409041 0.044844 0.134455 0.561 0.329 0.188
0.407780 0.043108 0.134165 0.522 0.357 0.239
0.406513 0.041370 0.133875 0.494 0.333 0.251
0.405822 0.038852 0.133251 0.502 0.341 0.259
0.405121 0.036328 0.132626 0.525 0.392 0.314
0.404410 0.033801 0.132002 0.482 0.337 0.275
0.403119 0.032049 0.131713 0.486 0.349 0.282
0.401823 0.030295 0.131424 0.510 0.380 0.314
0.400522 0.028539 0.131135 0.498 0.369 0.302
0.399217 0.026780 0.130846 0.451 0.294 0.200
0.397907 0.025019 0.130557 0.475 0.310 0.200
0.482862 0.074705 0.127913 0.365 0.353 0.333
0.480328 0.074463 0.128297 0.259 0.243 0.216
0.477799 0.074223 0.128681 0.247 0.231 0.204
0.475274 0.073985 0.129065 0.216 0.180 0.145
0.472754 0.073750 0.129449 0.220 0.165 0.133
0.470239 0.073518 0.129833 0.282 0.169 0.114
0.467728 0.073287 0.130217 0.416 0.255 0.110
0.465221 0.073059 0.130601 0.427 0.267 0.122
0.462068 0.073572 0.131323 0.471 0.290 0.098
0.459573 0.073350 0.131706 0.490 0.310 0.082
0.457083 0.073130 0.132090 0.506 0.310 0.067
0.454597 0.072913 0.132473 0.498 0.294 0.055
0.452116 0.072698 0.132856 0.490 0.286 0.047
0.449639 0.072486 0.133239 0.502 0.267 0.039
0.447167 0.072276 0.133622 0.514 0.263 0.059
0.444700 0.072068 0.134004 0.506 0.239 0.047
0.442237 0.071863 0.134387 0.518 0.227 0.055
0.440410 0.070911 0.134431 0.533 0.243 0.071
0.438583 0.069960 0.134475 0.541 0.255 0.071
0.436756 0.069008 0.134520 0.541 0.267 0.078
0.434929 0.068056 0.134564 0.553 0.298 0.094
0.433102 0.067105 0.134608 0.549 0.298 0.094
0.431275 0.066153 0.134653 0.549 0.298 0.094
0.429448 0.065201 0.134697 0.545 0.294 0.098
0.427621 0.064250 0.134741 0.541 0.271 0.090
0.425794 0.063298 0.134786 0.533 0.255 0.086
0.423967 0.062346 0.134830 0.557 0.278 0.110
0.422140 0.061395 0.134874 0.541 0.271 0.098
0.420919 0.059681 0.134581 0.537 0.259 0.082
0.419693 0.057965 0.134288 0.537 0.263 0.075
0.417862 0.057011 0.134332 0.541 0.251 0.078
0.416629 0.055292 0.134039 0.537 0.247 0.075
0.415392 0.053570 0.133746 0.522 0.216 0.047
0.414151 0.051845 0.133453 0.525 0.196 0.055
0.412904 0.050119 0.133161 0.510 0.180 0.047
0.411653 0.048390 0.132868 0.514 0.204 0.063
0.410398 0.046658 0.132576 0.545 0.235 0.094
0.409138 0.044924 0.132283 0.553 0.322 0.173
0.407873 0.043188 0.131991 0.510 0.345 0.220
0.407185 0.040674 0.131362 0.502 0.349 0.263
0.406487 0.038156 0.130733 0.565 0.412 0.325
0.405205 0.036410 0.130441 0.518 0.404 0.322
0.404491 0.033883 0.129813 0.525 0.408 0.345
0.403197 0.032131 0.129521 0.514 0.396 0.333
0.401898 0.030377 0.129230 0.494 0.369 0.290
0.400594 0.028621 0.128939 0.502 0.376 0.298
0.399286 0.026862 0.128647 0.467 0.302 0.192
0.397973 0.025100 0.128356 0.482 0.318 0.200
0.483038 0.074840 0.125716 0.455 0.455 0.439
0.480502 0.074595 0.126103 0.235 0.227 0.196
0.477971 0.074353 0.126489 0.271 0.263 0.231
0.475445 0.074113 0.126876 0.239 0.224 0.180
0.472923 0.073876 0.127262 0.184 0.157 0.125
0.470406 0.073641 0.127648 0.192 0.145 0.137
0.467893 0.073408 0.128035 0.420 0.329 0.247
0.465385 0.073178 0.128421 0.424 0.333 0.251
0.462230 0.073687 0.129147 0.408 0.310 0.176
0.459734 0.073463 0.129533 0.435 0.310 0.133
0.457242 0.073241 0.129919 0.475 0.298 0.086
0.454754 0.073022 0.130304 0.494 0.286 0.059
0.452272 0.072805 0.130690 0.486 0.278 0.051
0.449793 0.072590 0.131075 0.494 0.255 0.039
0.447320 0.072378 0.131460 0.514 0.259 0.055
0.444851 0.072168 0.131845 0.506 0.231 0.043
0.442386 0.071961 0.132230 0.518 0.216 0.047
0.440557 0.071008 0.132274 0.525 0.224 0.055
0.438728 0.070055 0.132319 0.545 0.247 0.067
0.436898 0.069102 0.132363 0.541 0.267 0.063
0.435069 0.068149 0.132407 0.553 0.298 0.086
0.433240 0.067196 0.132452 0.553 0.302 0.090
0.431410 0.066243 0.132496 0.545 0.294 0.082
0.429581 0.065291 0.132540 0.533 0.259 0.063
0.427752 0.064338 0.132585 0.541 0.243 0.055
0.425923 0.063385 0.132629 0.533 0.231 0.063
0.424093 0.062432 0.132674 0.541 0.239 0.071
0.422264 0.061479 0.132718 0.553 0.251 0.082
0.421040 0.059766 0.132422 0.545 0.259 0.075
0.419811 0.058049 0.132127 0.541 0.255 0.071
0.418578 0.056331 0.131832 0.545 0.247 0.067
0.417341 0.054610 0.131536 0.533 0.235 0.055
0.416098 0.052887 0.131241 0.522 0.204 0.039
0.414852 0.051161 0.130946 0.518 0.192 0.039
0.413600 0.049433 0.130652 0.514 0.196 0.039
0.412344 0.047703 0.130357 0.533 0.247 0.063
0.411084 0.045970 0.130062 0.537 0.251 0.067
0.409818 0.044235 0.129768 0.576 0.318 0.161
0.408549 0.042497 0.129473 0.561 0.396 0.286
0.407274 0.040757 0.129179 0.408 0.267 0.184
0.406573 0.038240 0.128546 0.596 0.455 0.373
0.405863 0.035717 0.127912 0.529 0.396 0.318
0.404570 0.033968 0.127619 0.494 0.322 0.259
0.403273 0.032216 0.127325 0.463 0.282 0.212
0.401971 0.030461 0.127031 0.482 0.306 0.216
0.400665 0.028705 0.126738 0.486 0.310 0.220
0.399354 0.026946 0.126444 0.478 0.306 0.188
0.398038 0.025184 0.126151 0.478 0.325 0.196
0.396718 0.023420 0.125858 0.475 0.373 0.314
0.483212 0.074976 0.123515 0.451 0.451 0.435
0.480675 0.074730 0.123904 0.451 0.443 0.412
0.478142 0.074485 0.124293 0.447 0.439 0.408
0.475614 0.074243 0.124682 0.278 0.263 0.235
0.473090 0.074004 0.125070 0.129 0.118 0.106
0.470572 0.073766 0.125459 0.137 0.129 0.165
0.468057 0.073532 0.125847 0.392 0.349 0.329
0.465548 0.073299 0.126236 0.475 0.431 0.412
0.462392 0.073805 0.126967 0.463 0.431 0.376
0.459894 0.073579 0.127355 0.463 0.435 0.361
0.457400 0.073355 0.127743 0.510 0.384 0.290
0.454911 0.073133 0.128131 0.486 0.275 0.075
0.452426 0.072914 0.128519 0.482 0.271 0.071
0.449946 0.072697 0.128906 0.502 0.251 0.039
0.447471 0.072482 0.129294 0.514 0.247 0.039
0.445000 0.072270 0.129681 0.514 0.239 0.043
0.442534 0.072060 0.130069 0.514 0.216 0.035
0.440703 0.071106 0.130113 0.514 0.216 0.035
0.438871 0.070152 0.130157 0.545 0.247 0.059
0.437039 0.069198 0.130202 0.545 0.263 0.051
0.435208 0.068244 0.130246 0.553 0.282 0.067
0.433376 0.067290 0.130291 0.545 0.271 0.067
0.431545 0.066336 0.130335 0.529 0.255 0.051
0.429713 0.065382 0.130379 0.537 0.235 0.039
0.427881 0.064428 0.130424 0.541 0.227 0.043
0.426050 0.063474 0.130468 0.529 0.227 0.047
0.424218 0.062520 0.130513 0.533 0.231 0.051
0.422387 0.061566 0.130557 0.549 0.243 0.075
0.421160 0.059852 0.130259 0.553 0.251 0.071
0.419928 0.058136 0.129962 0.549 0.247 0.067
0.418692 0.056417 0.129664 0.545 0.243 0.063
0.417452 0.054696 0.129367 0.533 0.231 0.051
0.416207 0.052973 0.129069 0.514 0.196 0.031
0.414957 0.051247 0.128772 0.522 0.204 0.047
0.413703 0.049519 0.128475 0.529 0.212 0.055
0.412444 0.047788 0.128178 0.533 0.227 0.059
0.411180 0.046055 0.127881 0.529 0.224 0.055
0.409912 0.044320 0.127585 0.506 0.224 0.075
0.408639 0.042582 0.127288 0.588 0.376 0.282
0.407942 0.040069 0.126650 0.439 0.259 0.180
0.406658 0.038325 0.126354 0.514 0.333 0.255
0.405944 0.035804 0.125716 0.478 0.290 0.224
0.404648 0.034054 0.125420 0.478 0.290 0.216
0.403348 0.032302 0.125124 0.486 0.302 0.216
0.402611 0.029769 0.124487 0.490 0.314 0.216
0.401300 0.028011 0.124191 0.478 0.302 0.204
0.399983 0.026250 0.123896 0.482 0.302 0.188
0.398101 0.025270 0.123941 0.486 0.333 0.204
0.396778 0.023506 0.123646 0.459 0.376 0.325
0.482717 0.075841 0.121655 0.443 0.443 0.427
0.480846 0.074866 0.121701 0.443 0.431 0.412
0.478312 0.074620 0.122092 0.435 0.424 0.404
0.475782 0.074375 0.122483 0.455 0.439 0.404
0.473257 0.074134 0.122874 0.361 0.353 0.322
0.470736 0.073894 0.123265 0.196 0.180 0.192
0.468220 0.073657 0.123656 0.376 0.341 0.322
0.465709 0.073422 0.124047 0.467 0.431 0.412
0.462552 0.073925 0.124783 0.475 0.443 0.396
0.460052 0.073696 0.125173 0.475 0.443 0.388
0.457557 0.073470 0.125563 0.525 0.427 0.349
0.455066 0.073246 0.125953 0.486 0.278 0.094
0.452580 0.073024 0.126343 0.482 0.275 0.090
0.450098 0.072805 0.126733 0.494 0.255 0.047
0.447621 0.072588 0.127123 0.514 0.247 0.039
0.445149 0.072374 0.127513 0.514 0.239 0.043
0.442681 0.072162 0.127903 0.514 0.227 0.035
0.440847 0.071207 0.127947 0.506 0.220 0.027
0.439013 0.070252 0.127992 0.541 0.243 0.063
0.437179 0.069296 0.128036 0.553 0.282 0.067
0.435345 0.068341 0.128080 0.541 0.282 0.043
0.433511 0.067386 0.128125 0.533 0.263 0.047
0.431678 0.066431 0.128169 0.518 0.247 0.031
0.429844 0.065475 0.128214 0.529 0.231 0.035
0.428010 0.064520 0.128258 0.541 0.227 0.043
0.426176 0.063565 0.128303 0.537 0.224 0.047
0.424342 0.062610 0.128347 0.537 0.224 0.047
0.422508 0.061654 0.128392 0.541 0.224 0.059
0.421278 0.059940 0.128092 0.541 0.224 0.059
0.420044 0.058224 0.127792 0.541 0.224 0.059
0.418805 0.056505 0.127492 0.537 0.212 0.051
0.417562 0.054784 0.127192 0.537 0.212 0.051
0.416314 0.053061 0.126893 0.537 0.220 0.055
0.415061 0.051335 0.126594 0.529 0.212 0.047
0.413804 0.049606 0.126294 0.529 0.212 0.047
0.412542 0.047876 0.125995 0.510 0.192 0.035
0.411276 0.046143 0.125696 0.510 0.192 0.035
0.410005 0.044407 0.125397 0.506 0.196 0.063
0.409310 0.041899 0.124754 0.494 0.235 0.141
0.408028 0.040157 0.124456 0.490 0.271 0.169
0.407317 0.037640 0.123813 0.510 0.290 0.188
0.406024 0.035893 0.123515 0.525 0.314 0.212
0.404725 0.034143 0.123217 0.506 0.294 0.184
0.403992 0.031614 0.122575 0.486 0.259 0.153
0.402682 0.029858 0.122277 0.467 0.239 0.133
0.401367 0.028100 0.121979 0.467 0.239 0.133
0.400048 0.026340 0.121681 0.498 0.278 0.176
0.398164 0.025358 0.121727 0.490 0.337 0.224
0.396838 0.023594 0.121429 0.412 0.357 0.333
0.482889 0.075981 0.119448 0.443 0.439 0.439
0.481016 0.075005 0.119493 0.424 0.408 0.412
0.478480 0.074756 0.119887 0.416 0.400 0.404
0.475949 0.074510 0.120280 0.404 0.388 0.392
0.473422 0.074266 0.120673 0.424 0.404 0.388
0.470900 0.074024 0.121067 0.439 0.424 0.396
0.468382 0.073785 0.121460 0.459 0.431 0.400
0.465869 0.073548 0.121853 0.471 0.443 0.412
0.462711 0.074047 0.122593 0.475 0.447 0.408
0.460209 0.073816 0.122986 0.478 0.447 0.400
0.457712 0.073587 0.123379 0.506 0.431 0.373
0.455220 0.073361 0.123771 0.471 0.318 0.133
0.452732 0.073137 0.124164 0.451 0.298 0.114
0.450249 0.072916 0.124556 0.494 0.267 0.055
0.447770 0.072697 0.124948 0.506 0.251 0.047
0.445296 0.072480 0.125340 0.510 0.235 0.039
0.442826 0.072266 0.125732 0.518 0.220 0.039
0.440990 0.071309 0.125777 0.514 0.216 0.035
0.439154 0.070353 0.125821 0.525 0.227 0.047
0.437318 0.069397 0.125866 0.557 0.310 0.059
0.435482 0.068440 0.125910 0.553 0.337 0.051
0.433646 0.067484 0.125955 0.557 0.329 0.055
0.431809 0.066527 0.125999 0.545 0.318 0.043
0.429973 0.065571 0.126044 0.514 0.247 0.012
0.428137 0.064615 0.126088 0.541 0.227 0.035
0.426301 0.063658 0.126133 0.537 0.224 0.039
0.424465 0.062702 0.126177 0.537 0.224 0.039
0.422629 0.061745 0.126222 0.537 0.224 0.047
0.421396 0.060031 0.125920 0.537 0.212 0.051
0.420159 0.058315 0.125617 0.537 0.212 0.051
0.418917 0.056596 0.125316 0.525 0.200 0.039
0.417671 0.054874 0.125014 0.525 0.200 0.039
0.416420 0.053151 0.124712 0.545 0.220 0.059
0.415164 0.051425 0.124410 0.533 0.220 0.043
0.413904 0.049696 0.124109 0.529 0.216 0.039
0.412639 0.047965 0.123807 0.514 0.196 0.031
0.411370 0.046232 0.123506 0.506 0.188 0.024
0.410679 0.043728 0.122859 0.502 0.192 0.059
0.409398 0.041989 0.122558 0.537 0.271 0.161
0.408691 0.039477 0.121911 0.494 0.271 0.153
0.407399 0.037731 0.121610 0.510 0.286 0.169
0.406676 0.035211 0.120963 0.490 0.267 0.149
0.405372 0.033459 0.120663 0.478 0.243 0.129
0.404064 0.031706 0.120362 0.486 0.243 0.133
0.402751 0.029950 0.120062 0.471 0.227 0.118
0.401434 0.028192 0.119762 0.475 0.231 0.122
0.400111 0.026431 0.119462 0.498 0.278 0.169
0.398225 0.025448 0.119508 0.478 0.341 0.231
0.396896 0.023684 0.119208 0.408 0.365 0.345
0.483060 0.076123 0.117235 0.475 0.475 0.475
0.481185 0.075146 0.117281 0.408 0.408 0.416
0.478647 0.074895 0.117677 0.396 0.396 0.404
0.476114 0.074646 0.118072 0.388 0.384 0.392
0.473586 0.074400 0.118468 0.384 0.380 0.380
0.471062 0.074156 0.118864 0.392 0.376 0.380
0.468543 0.073914 0.119259 0.388 0.373 0.376
0.466028 0.073675 0.119654 0.396 0.380 0.384
0.462869 0.074171 0.120400 0.467 0.451 0.416
0.460366 0.073938 0.120795 0.475 0.451 0.400
0.457867 0.073707 0.121190 0.506 0.439 0.376
0.455373 0.073478 0.121584 0.475 0.337 0.157
0.452883 0.073252 0.121979 0.463 0.325 0.145
0.450398 0.073029 0.122374 0.490 0.271 0.047
0.447918 0.072807 0.122768 0.506 0.251 0.047
0.445442 0.072588 0.123163 0.514 0.239 0.043
0.442971 0.072372 0.123557 0.514 0.216 0.035
0.441132 0.071414 0.123602 0.514 0.216 0.035
0.439294 0.070457 0.123646 0.533 0.231 0.051
0.437455 0.069499 0.123691 0.557 0.298 0.051
0.435617 0.068541 0.123735 0.557 0.345 0.047
0.433778 0.067584 0.123780 0.557 0.345 0.047
0.431940 0.066626 0.123824 0.549 0.337 0.039
0.430101 0.065669 0.123869 0.525 0.278 0.020
0.428263 0.064711 0.123914 0.529 0.235 0.020
0.426425 0.063753 0.123958 0.533 0.231 0.043
0.424586 0.062796 0.124003 0.529 0.227 0.039
0.422748 0.061838 0.124047 0.537 0.224 0.047
0.421512 0.060124 0.123743 0.533 0.220 0.043
0.420272 0.058407 0.123439 0.529 0.212 0.047
0.419027 0.056688 0.123134 0.525 0.200 0.047
0.417778 0.054967 0.122830 0.518 0.192 0.039
0.416524 0.053243 0.122526 0.541 0.216 0.063
0.415266 0.051517 0.122222 0.533 0.220 0.043
0.414003 0.049788 0.121919 0.529 0.216 0.031
0.412735 0.048057 0.121615 0.522 0.208 0.031
0.411463 0.046324 0.121312 0.510 0.196 0.020
0.410768 0.043821 0.120660 0.502 0.180 0.035
0.409485 0.042081 0.120356 0.518 0.208 0.086
0.408774 0.039570 0.119705 0.506 0.243 0.094
0.407479 0.037825 0.119402 0.502 0.239 0.090
0.406752 0.035305 0.118751 0.478 0.216 0.078
0.405446 0.033554 0.118448 0.467 0.204 0.075
0.404135 0.031800 0.118146 0.490 0.239 0.106
0.402819 0.030044 0.117843 0.475 0.231 0.106
0.401499 0.028285 0.117541 0.486 0.243 0.118
0.400174 0.026525 0.117238 0.506 0.306 0.200
0.398844 0.024761 0.116936 0.443 0.345 0.267
0.396953 0.023776 0.116982 0.373 0.349 0.357
0.483230 0.076267 0.115018 0.475 0.475 0.475
0.481353 0.075289 0.115064 0.408 0.408 0.416
0.478814 0.075036 0.115462 0.400 0.400 0.408
0.476279 0.074785 0.115860 0.396 0.392 0.400
0.473749 0.074536 0.116258 0.380 0.376 0.376
0.471223 0.074290 0.116656 0.380 0.376 0.376
0.468702 0.074046 0.117054 0.388 0.384 0.384
0.466185 0.073804 0.117451 0.396 0.392 0.392
0.463025 0.074297 0.118201 0.376 0.361 0.365
0.460520 0.074062 0.118599 0.388 0.373 0.384
0.458020 0.073829 0.118996 0.424 0.400 0.349
0.455524 0.073598 0.119393 0.471 0.361 0.173
0.453033 0.073370 0.119790 0.467 0.357 0.169
0.450546 0.073144 0.120187 0.478 0.290 0.039
0.448064 0.072920 0.120584 0.510 0.263 0.039
0.445587 0.072699 0.120981 0.514 0.239 0.043
0.443114 0.072480 0.121377 0.514 0.212 0.031
0.441273 0.071521 0.121422 0.514 0.212 0.031
0.439432 0.070563 0.121467 0.529 0.224 0.055
0.437592 0.069604 0.121511 0.533 0.251 0.039
0.435751 0.068645 0.121556 0.557 0.341 0.055
0.433910 0.067686 0.121600 0.561 0.349 0.051
0.432069 0.066727 0.121645 0.557 0.345 0.047
0.430229 0.065768 0.121690 0.541 0.329 0.031
0.428388 0.064810 0.121734 0.553 0.310 0.039
0.426547 0.063851 0.121779 0.529 0.235 0.027
0.424706 0.062892 0.121824 0.525 0.231 0.024
0.422865 0.061933 0.121868 0.529 0.227 0.039
0.421627 0.060219 0.121562 0.537 0.224 0.047
0.420384 0.058502 0.121255 0.529 0.216 0.039
0.419136 0.056783 0.120949 0.518 0.192 0.031
0.417884 0.055061 0.120642 0.518 0.192 0.031
0.416628 0.053337 0.120336 0.537 0.200 0.051
0.415366 0.051611 0.120030 0.529 0.204 0.051
0.414100 0.049882 0.119724 0.533 0.220 0.043
0.412830 0.048151 0.119418 0.522 0.208 0.031
0.411555 0.046418 0.119112 0.514 0.200 0.024
0.410857 0.043916 0.118456 0.502 0.184 0.020
0.409570 0.042176 0.118151 0.510 0.204 0.055
0.408856 0.039665 0.117495 0.510 0.216 0.063
0.407558 0.037920 0.117189 0.502 0.208 0.055
0.406828 0.035401 0.116534 0.478 0.184 0.047
0.405518 0.033650 0.116229 0.471 0.184 0.063
0.404772 0.031122 0.115574 0.486 0.235 0.094
0.403451 0.029365 0.115269 0.475 0.243 0.102
0.402126 0.027605 0.114965 0.494 0.263 0.122
0.400796 0.025843 0.114660 0.494 0.314 0.200
0.398902 0.024857 0.114706 0.412 0.337 0.286
0.397009 0.023871 0.114752 0.380 0.365 0.376
0.481520 0.075434 0.112842 0.408 0.408 0.416
0.478978 0.075178 0.113243 0.400 0.400 0.408
0.476442 0.074925 0.113643 0.396 0.396 0.404
0.473910 0.074674 0.114043 0.384 0.384 0.392
0.471383 0.074426 0.114444 0.376 0.376 0.384
0.468860 0.074180 0.114844 0.384 0.384 0.392
0.466342 0.073936 0.115244 0.376 0.376 0.384
0.463181 0.074425 0.115998 0.380 0.380 0.388
0.460674 0.074188 0.116398 0.376 0.376 0.376
0.458172 0.073952 0.116798 0.404 0.376 0.353
0.455674 0.073719 0.117197 0.463 0.361 0.188
0.453182 0.073489 0.117597 0.463 0.361 0.188
0.450693 0.073261 0.117996 0.502 0.337 0.059
0.448209 0.073035 0.118395 0.486 0.263 0.024
0.445730 0.072811 0.118794 0.514 0.239 0.043
0.443256 0.072590 0.119193 0.510 0.208 0.039
0.441413 0.071630 0.119238 0.506 0.200 0.031
0.439570 0.070670 0.119282 0.525 0.220 0.051
0.437727 0.069710 0.119327 0.533 0.235 0.039
0.435884 0.068750 0.119372 0.545 0.302 0.043
0.434040 0.067790 0.119416 0.561 0.349 0.051
0.432197 0.066830 0.119461 0.557 0.345 0.047
0.430354 0.065870 0.119506 0.549 0.337 0.039
0.428511 0.064910 0.119551 0.549 0.325 0.031
0.426668 0.063950 0.119595 0.525 0.243 0.024
0.424825 0.062990 0.119640 0.518 0.235 0.016
0.422982 0.062030 0.119685 0.529 0.227 0.039
0.421741 0.060316 0.119376 0.533 0.220 0.035
0.420495 0.058599 0.119067 0.529 0.212 0.047
0.419244 0.056880 0.118758 0.518 0.192 0.039
0.417989 0.055158 0.118450 0.518 0.192 0.039
0.416730 0.053434 0.118141 0.533 0.196 0.047
0.415465 0.051707 0.117833 0.533 0.196 0.047
0.414197 0.049978 0.117525 0.537 0.212 0.051
0.412923 0.048247 0.117217 0.522 0.204 0.039
0.411645 0.046514 0.116909 0.514 0.196 0.031
0.410944 0.044012 0.116248 0.506 0.188 0.024
0.409654 0.042273 0.115940 0.510 0.208 0.047
0.408937 0.039763 0.115280 0.502 0.200 0.039
0.407636 0.038018 0.114972 0.490 0.188 0.027
0.406902 0.035500 0.114312 0.482 0.176 0.043
0.405590 0.033748 0.114005 0.475 0.176 0.059
0.404840 0.031222 0.113345 0.486 0.235 0.094
0.403516 0.029464 0.113039 0.490 0.271 0.125
0.402188 0.027704 0.112732 0.518 0.298 0.153
0.400855 0.025942 0.112425 0.467 0.329 0.220
0.398959 0.024955 0.112471 0.443 0.416 0.384
0.397063 0.023967 0.112517 0.388 0.384 0.384
0.481685 0.075581 0.110616 0.408 0.404 0.412
0.479142 0.075323 0.111019 0.392 0.392 0.400
0.476604 0.075068 0.111422 0.392 0.392 0.400
0.474070 0.074815 0.111824 0.396 0.396 0.404
0.471541 0.074564 0.112227 0.373 0.384 0.388
0.469017 0.074316 0.112629 0.365 0.376 0.380
0.466497 0.074070 0.113032 0.384 0.396 0.400
0.463335 0.074556 0.113791 0.431 0.427 0.427
0.460827 0.074316 0.114193 0.424 0.424 0.400
0.458323 0.074078 0.114595 0.427 0.404 0.353
0.455824 0.073843 0.114997 0.455 0.341 0.188
0.453329 0.073610 0.115399 0.471 0.357 0.204
0.450839 0.073380 0.115800 0.518 0.341 0.086
0.448354 0.073152 0.116202 0.494 0.259 0.024
0.445873 0.072926 0.116603 0.510 0.243 0.043
0.443396 0.072703 0.117004 0.510 0.208 0.039
0.441551 0.071742 0.117049 0.502 0.200 0.031
0.439706 0.070780 0.117094 0.522 0.216 0.047
0.437860 0.069819 0.117139 0.529 0.227 0.039
0.436015 0.068858 0.117183 0.533 0.235 0.047
0.434170 0.067897 0.117228 0.549 0.302 0.059
0.432324 0.066936 0.117273 0.569 0.322 0.078
0.430479 0.065974 0.117317 0.565 0.337 0.055
0.428634 0.065013 0.117362 0.557 0.345 0.039
0.426788 0.064052 0.117407 0.537 0.278 0.031
0.424943 0.063091 0.117452 0.506 0.247 0.000
0.423098 0.062130 0.117496 0.529 0.227 0.031
0.421853 0.060415 0.117185 0.533 0.220 0.035
0.420605 0.058698 0.116874 0.529 0.216 0.039
0.419351 0.056978 0.116564 0.518 0.192 0.031
0.418093 0.055257 0.116253 0.518 0.192 0.031
0.416831 0.053532 0.115942 0.518 0.192 0.031
0.415563 0.051806 0.115632 0.518 0.192 0.031
0.414292 0.050077 0.115321 0.518 0.192 0.039
0.413015 0.048345 0.115011 0.514 0.188 0.035
0.411735 0.046612 0.114701 0.514 0.188 0.035
0.411030 0.044111 0.114035 0.498 0.192 0.031
0.409737 0.042372 0.113725 0.506 0.216 0.043
0.409016 0.039863 0.113060 0.510 0.243 0.043
0.407712 0.038117 0.112751 0.502 0.235 0.035
0.406975 0.035600 0.112086 0.482 0.216 0.024
0.405660 0.033848 0.111777 0.463 0.188 0.035
0.404907 0.031323 0.111113 0.494 0.235 0.086
0.404144 0.028793 0.110449 0.482 0.286 0.153
0.402811 0.027032 0.110140 0.510 0.314 0.180
0.401473 0.025268 0.109831 0.486 0.412 0.345
0.399572 0.024278 0.109877 0.439 0.443 0.420
0.397672 0.023288 0.109923 0.392 0.392 0.408
0.481849 0.075731 0.108385 0.431 0.427 0.435
0.479305 0.075471 0.108791 0.396 0.392 0.400
0.476765 0.075213 0.109196 0.388 0.384 0.392
0.474229 0.074957 0.109601 0.373 0.384 0.388
0.471699 0.074704 0.110006 0.373 0.384 0.388
0.469173 0.074454 0.110410 0.369 0.380 0.384
0.466651 0.074206 0.110815 0.376 0.388 0.392
0.463488 0.074688 0.111579 0.439 0.427 0.416
0.460978 0.074446 0.111983 0.451 0.439 0.420
0.458472 0.074206 0.112388 0.463 0.435 0.396
0.455971 0.073969 0.112792 0.420 0.298 0.192
0.453475 0.073734 0.113196 0.435 0.314 0.208
0.450983 0.073501 0.113600 0.510 0.298 0.098
0.448496 0.073271 0.114004 0.494 0.267 0.055
0.446014 0.073043 0.114407 0.514 0.247 0.047
0.443536 0.072817 0.114811 0.502 0.200 0.031
0.441688 0.071855 0.114856 0.498 0.196 0.027
0.439217 0.071633 0.115259 0.525 0.208 0.043
0.437372 0.070672 0.115304 0.529 0.216 0.039
0.435526 0.069711 0.115349 0.537 0.224 0.047
0.433681 0.068749 0.115393 0.545 0.243 0.055
0.431836 0.067788 0.115438 0.553 0.251 0.063
0.429990 0.066827 0.115483 0.549 0.255 0.047
0.428145 0.065866 0.115528 0.553 0.263 0.035
0.426300 0.064905 0.115572 0.549 0.255 0.039
0.425060 0.063193 0.115259 0.529 0.227 0.031
0.423212 0.062231 0.115304 0.529 0.227 0.031
0.421965 0.060516 0.114990 0.533 0.220 0.035
0.420713 0.058799 0.114677 0.533 0.220 0.035
0.419457 0.057079 0.114364 0.525 0.212 0.035
0.418196 0.055357 0.114051 0.525 0.212 0.035
0.416930 0.053633 0.113738 0.522 0.208 0.031
0.415660 0.051906 0.113426 0.525 0.204 0.031
0.414386 0.050177 0.113113 0.518 0.192 0.031
0.413106 0.048446 0.112800 0.506 0.180 0.027
0.411823 0.046712 0.112488 0.502 0.176 0.024
0.411114 0.044212 0.111818 0.502 0.180 0.035
0.409819 0.042473 0.111506 0.502 0.227 0.039
0.409094 0.039965 0.110836 0.506 0.251 0.039
0.407788 0.038219 0.110525 0.506 0.251 0.039
0.407047 0.035703 0.109855 0.498 0.243 0.039
0.405729 0.033951 0.109544 0.475 0.216 0.039
0.404972 0.031426 0.108875 0.490 0.243 0.090
0.404206 0.028897 0.108207 0.475 0.302 0.176
0.402870 0.027136 0.107895 0.506 0.333 0.208
0.401529 0.025372 0.107584 0.490 0.439 0.388
0.400183 0.023606 0.107274 0.416 0.431 0.412
0.397723 0.023390 0.107677 0.384 0.404 0.431
0.482012 0.075882 0.106150 0.427 0.427 0.435
0.479466 0.075620 0.106558 0.396 0.392 0.392
0.476924 0.075360 0.106965 0.388 0.384 0.384
0.474387 0.075102 0.107373 0.373 0.373 0.380
0.471855 0.074847 0.107780 0.361 0.373 0.376
0.469327 0.074594 0.108187 0.365 0.376 0.380
0.466804 0.074344 0.108594 0.388 0.400 0.404
0.463640 0.074823 0.109362 0.424 0.424 0.408
0.461128 0.074579 0.109769 0.380 0.369 0.357
0.458621 0.074336 0.110176 0.373 0.357 0.329
0.456118 0.074097 0.110582 0.420 0.294 0.208
0.453620 0.073859 0.110989 0.424 0.298 0.212
0.451127 0.073624 0.111395 0.494 0.278 0.098
0.448638 0.073392 0.111801 0.494 0.267 0.055
0.446154 0.073162 0.112207 0.514 0.247 0.047
0.443674 0.072934 0.112613 0.498 0.200 0.020
0.441824 0.071970 0.112658 0.494 0.196 0.016
0.439351 0.071746 0.113064 0.514 0.196 0.039
0.437504 0.070784 0.113109 0.533 0.216 0.051
0.435656 0.069821 0.113153 0.533 0.220 0.043
0.433809 0.068859 0.113198 0.541 0.227 0.051
0.431961 0.067897 0.113243 0.553 0.239 0.063
0.430113 0.066934 0.113288 0.553 0.239 0.047
0.428266 0.065972 0.113332 0.545 0.247 0.039
0.426418 0.065009 0.113377 0.545 0.247 0.039
0.425175 0.063298 0.113062 0.529 0.227 0.031
0.423325 0.062334 0.113106 0.529 0.227 0.031
0.422075 0.060620 0.112791 0.529 0.227 0.039
0.420820 0.058902 0.112475 0.529 0.227 0.039
0.419561 0.057182 0.112160 0.529 0.227 0.039
0.418297 0.055460 0.111845 0.529 0.227 0.039
0.417029 0.053736 0.111530 0.529 0.216 0.031
0.415756 0.052009 0.111215 0.529 0.216 0.031
0.414478 0.050280 0.110900 0.510 0.192 0.027
0.413196 0.048548 0.110585 0.494 0.173 0.027
0.411910 0.046814 0.110271 0.486 0.165 0.020
0.411198 0.044316 0.109596 0.506 0.184 0.039
0.409899 0.042576 0.109282 0.506 0.220 0.035
0.409171 0.040069 0.108608 0.514 0.259 0.047
0.407862 0.038323 0.108294 0.514 0.259 0.047
0.407118 0.035808 0.107620 0.510 0.259 0.047
0.405797 0.034056 0.107306 0.502 0.251 0.047
0.405036 0.031532 0.106633 0.494 0.267 0.098
0.404267 0.029004 0.105960 0.471 0.373 0.294
0.402928 0.027242 0.105647 0.506 0.408 0.329
0.401584 0.025478 0.105334 0.478 0.471 0.431
0.400235 0.023712 0.105020 0.325 0.357 0.361
0.398328 0.022719 0.105067 0.392 0.431 0.459
0.482174 0.076036 0.103911 0.361 0.373 0.384
0.479626 0.075771 0.104320 0.341 0.353 0.365
0.477083 0.075509 0.104730 0.404 0.416 0.427
0.474544 0.075249 0.105140 0.404 0.416 0.412
0.472010 0.074992 0.105549 0.392 0.392 0.392
0.469480 0.074736 0.105959 0.376 0.376 0.384
0.466956 0.074484 0.106368 0.380 0.380 0.388
0.463790 0.074960 0.107141 0.408 0.408 0.408
0.461277 0.074713 0.107550 0.380 0.380 0.380
0.458768 0.074469 0.107959 0.376 0.376 0.353
0.456264 0.074227 0.108368 0.427 0.318 0.243
0.453764 0.073987 0.108777 0.404 0.294 0.220
0.451269 0.073750 0.109185 0.494 0.267 0.106
0.448778 0.073515 0.109594 0.506 0.267 0.059
0.446292 0.073283 0.110002 0.514 0.247 0.039
0.443811 0.073053 0.110411 0.502 0.216 0.031
0.441959 0.072088 0.110456 0.490 0.204 0.020
0.439484 0.071861 0.110864 0.498 0.192 0.031
0.437635 0.070898 0.110909 0.525 0.208 0.043
0.435785 0.069934 0.110953 0.533 0.216 0.051
0.433935 0.068971 0.110998 0.537 0.224 0.047
0.432085 0.068007 0.111043 0.541 0.227 0.051
0.430235 0.067043 0.111088 0.541 0.227 0.043
0.428385 0.066080 0.111133 0.541 0.227 0.035
0.426535 0.065116 0.111178 0.549 0.247 0.051
0.425289 0.063405 0.110860 0.522 0.224 0.027
0.423437 0.062440 0.110905 0.525 0.227 0.031
0.422184 0.060725 0.110587 0.537 0.224 0.039
0.420926 0.059008 0.110269 0.537 0.224 0.039
0.419664 0.057288 0.109952 0.537 0.224 0.039
0.418398 0.055565 0.109634 0.537 0.224 0.039
0.417126 0.053841 0.109317 0.529 0.216 0.031
0.415850 0.052114 0.109000 0.525 0.212 0.027
0.414570 0.050384 0.108683 0.510 0.192 0.027
0.413285 0.048653 0.108366 0.494 0.173 0.027
0.411995 0.046919 0.108049 0.486 0.165 0.020
0.411280 0.044421 0.107370 0.510 0.192 0.035
0.409979 0.042681 0.107053 0.502 0.216 0.031
0.409247 0.040175 0.106375 0.514 0.259 0.047
0.407935 0.038429 0.106059 0.514 0.259 0.047
0.407187 0.035914 0.105380 0.514 0.263 0.051
0.406430 0.033395 0.104702 0.502 0.263 0.047
0.405099 0.031640 0.104387 0.475 0.271 0.114
0.404327 0.029112 0.103709 0.471 0.416 0.341
0.402984 0.027351 0.103394 0.502 0.447 0.373
0.401637 0.025587 0.103078 0.490 0.482 0.443
0.400286 0.023820 0.102763 0.294 0.322 0.337
0.398376 0.022826 0.102809 0.431 0.471 0.498
0.482334 0.076192 0.101666 0.357 0.380 0.388
0.479785 0.075925 0.102078 0.306 0.325 0.345
0.477240 0.075660 0.102491 0.306 0.325 0.345
0.474699 0.075398 0.102903 0.290 0.298 0.322
0.472164 0.075138 0.103314 0.275 0.271 0.278
0.469633 0.074881 0.103726 0.439 0.427 0.408
0.467106 0.074626 0.104138 0.443 0.431 0.412
0.463939 0.075099 0.104916 0.424 0.427 0.392
0.461424 0.074850 0.105327 0.427 0.431 0.416
0.458914 0.074603 0.105738 0.439 0.443 0.408
0.456408 0.074359 0.106149 0.400 0.302 0.231
0.453906 0.074117 0.106560 0.396 0.298 0.227
0.451410 0.073878 0.106971 0.490 0.275 0.110
0.448918 0.073640 0.107382 0.502 0.275 0.055
0.446430 0.073406 0.107793 0.514 0.263 0.039
0.443947 0.073174 0.108204 0.502 0.216 0.031
0.442092 0.072208 0.108249 0.494 0.208 0.024
0.439616 0.071979 0.108659 0.498 0.192 0.031
0.437764 0.071014 0.108704 0.525 0.208 0.043
0.435912 0.070049 0.108749 0.529 0.212 0.047
0.434060 0.069085 0.108794 0.533 0.216 0.051
0.432207 0.068120 0.108839 0.537 0.220 0.055
0.430355 0.067155 0.108884 0.541 0.227 0.043
0.428503 0.066190 0.108928 0.541 0.227 0.043
0.426651 0.065225 0.108973 0.549 0.255 0.047
0.424799 0.064261 0.109018 0.529 0.235 0.027
0.423547 0.062548 0.108698 0.525 0.231 0.024
0.422291 0.060833 0.108378 0.537 0.224 0.039
0.421031 0.059115 0.108058 0.537 0.224 0.039
0.419766 0.057395 0.107739 0.537 0.224 0.039
0.418496 0.055673 0.107419 0.537 0.224 0.039
0.417222 0.053948 0.107099 0.529 0.216 0.031
0.415944 0.052221 0.106780 0.525 0.212 0.027
0.414660 0.050491 0.106461 0.506 0.192 0.016
0.413372 0.048759 0.106142 0.498 0.180 0.024
0.412080 0.047025 0.105822 0.502 0.184 0.027
0.411361 0.044528 0.105139 0.525 0.224 0.043
0.410057 0.042788 0.104820 0.506 0.220 0.027
0.409322 0.040283 0.104137 0.498 0.231 0.031
0.408006 0.038537 0.103819 0.506 0.239 0.039
0.407255 0.036023 0.103136 0.514 0.259 0.055
0.406495 0.033505 0.102454 0.502 0.263 0.055
0.405161 0.031750 0.102136 0.447 0.278 0.133
0.404385 0.029223 0.101454 0.463 0.439 0.380
0.403040 0.027461 0.101136 0.478 0.455 0.396
0.401690 0.025697 0.100818 0.486 0.490 0.455
0.400335 0.023931 0.100500 0.216 0.235 0.255
0.398424 0.022935 0.100547 0.463 0.482 0.518
0.482493 0.076349 0.099417 0.380 0.404 0.404
0.479942 0.076080 0.099832 0.310 0.333 0.341
0.477396 0.075813 0.100246 0.302 0.325 0.333
0.474854 0.075549 0.100661 0.294 0.306 0.318
0.472316 0.075287 0.101075 0.231 0.227 0.243
0.469783 0.075027 0.101489 0.451 0.435 0.408
0.467255 0.074770 0.101903 0.455 0.439 0.412
0.464087 0.075240 0.102685 0.459 0.451 0.420
0.461571 0.074988 0.103099 0.467 0.459 0.427
0.459059 0.074740 0.103513 0.471 0.463 0.424
0.456551 0.074493 0.103926 0.471 0.388 0.322
0.454048 0.074249 0.104340 0.365 0.282 0.216
0.451549 0.074007 0.104753 0.490 0.290 0.122
0.449056 0.073768 0.105166 0.502 0.294 0.067
0.446566 0.073531 0.105579 0.522 0.286 0.051
0.444082 0.073296 0.105992 0.498 0.224 0.027
0.441601 0.073064 0.106405 0.494 0.220 0.024
0.439747 0.072098 0.106450 0.514 0.208 0.039
0.437892 0.071132 0.106495 0.522 0.204 0.039
0.436038 0.070166 0.106540 0.525 0.208 0.043
0.434183 0.069200 0.106585 0.529 0.212 0.047
0.432329 0.068234 0.106630 0.533 0.216 0.051
0.430474 0.067269 0.106675 0.541 0.227 0.043
0.428620 0.066303 0.106720 0.533 0.231 0.035
0.426765 0.065337 0.106765 0.553 0.259 0.051
0.424911 0.064371 0.106810 0.549 0.255 0.047
0.423657 0.062658 0.106487 0.541 0.247 0.039
0.422398 0.060942 0.106165 0.525 0.231 0.024
0.421135 0.059225 0.105843 0.537 0.224 0.031
0.419867 0.057504 0.105521 0.537 0.224 0.039
0.418594 0.055782 0.105199 0.533 0.220 0.035
0.417317 0.054057 0.104877 0.529 0.216 0.031
0.416036 0.052330 0.104556 0.525 0.212 0.027
0.414749 0.050600 0.104234 0.510 0.196 0.020
0.413459 0.048868 0.103913 0.514 0.212 0.031
0.412163 0.047134 0.103591 0.522 0.220 0.039
0.411441 0.044638 0.102904 0.525 0.227 0.039
0.410134 0.042898 0.102583 0.510 0.224 0.031
0.409395 0.040393 0.101895 0.494 0.208 0.024
0.408077 0.038647 0.101574 0.494 0.208 0.024
0.407322 0.036135 0.100887 0.502 0.224 0.047
0.406558 0.033617 0.100200 0.498 0.243 0.059
0.405222 0.031861 0.099880 0.427 0.282 0.157
0.404442 0.029336 0.099193 0.349 0.353 0.318
0.403094 0.027574 0.098873 0.467 0.463 0.404
0.401741 0.025810 0.098553 0.514 0.518 0.494
0.400384 0.024043 0.098234 0.200 0.220 0.255
0.399022 0.022274 0.097914 0.463 0.482 0.518
0.482651 0.076509 0.097164 0.431 0.447 0.427
0.480099 0.076238 0.097581 0.357 0.373 0.353
0.477550 0.075969 0.097998 0.357 0.373 0.353
0.475007 0.075702 0.098414 0.349 0.353 0.329
0.472467 0.075438 0.098831 0.357 0.361 0.337
0.469933 0.075176 0.099247 0.412 0.400 0.388
0.467403 0.074917 0.099664 0.396 0.384 0.373
0.464234 0.075383 0.100451 0.471 0.459 0.447
0.461716 0.075129 0.100867 0.471 0.463 0.431
0.459202 0.074878 0.101283 0.475 0.467 0.427
0.456693 0.074629 0.101698 0.525 0.443 0.384
0.454188 0.074383 0.102114 0.380 0.298 0.239
0.451688 0.074139 0.102530 0.490 0.286 0.129
0.449192 0.073898 0.102945 0.510 0.306 0.067
0.446701 0.073658 0.103361 0.522 0.298 0.059
0.444215 0.073422 0.103776 0.514 0.267 0.035
0.441733 0.073187 0.104191 0.502 0.255 0.024
0.439876 0.072220 0.104236 0.510 0.212 0.031
0.438020 0.071253 0.104281 0.522 0.208 0.031
0.436163 0.070286 0.104326 0.522 0.204 0.039
0.434306 0.069318 0.104371 0.529 0.216 0.039
0.432449 0.068351 0.104416 0.537 0.224 0.047
0.430592 0.067384 0.104461 0.545 0.231 0.047
0.428736 0.066417 0.104506 0.545 0.247 0.039
0.426879 0.065450 0.104551 0.553 0.259 0.043
0.425022 0.064483 0.104596 0.541 0.259 0.039
0.423765 0.062770 0.104272 0.537 0.255 0.035
0.422503 0.061054 0.103947 0.533 0.239 0.024
0.421237 0.059336 0.103623 0.533 0.235 0.020
0.419966 0.057616 0.103299 0.525 0.224 0.027
0.418691 0.055893 0.102975 0.525 0.224 0.027
0.417411 0.054168 0.102651 0.529 0.216 0.024
0.416126 0.052441 0.102327 0.525 0.212 0.027
0.414837 0.050711 0.102003 0.514 0.200 0.016
0.413544 0.048979 0.101679 0.525 0.224 0.035
0.412245 0.047244 0.101356 0.525 0.224 0.035
0.411519 0.044750 0.100664 0.525 0.227 0.039
0.410209 0.043009 0.100340 0.510 0.224 0.024
0.409467 0.040506 0.099648 0.490 0.200 0.027
0.408146 0.038759 0.099325 0.490 0.200 0.027
0.407388 0.036248 0.098634 0.506 0.227 0.051
0.406621 0.033732 0.097942 0.498 0.243 0.059
0.405281 0.031975 0.097620 0.424 0.286 0.176
0.404498 0.029451 0.096929 0.294 0.310 0.290
0.403147 0.027689 0.096606 0.478 0.494 0.475
0.401791 0.025924 0.096284 0.263 0.282 0.318
0.400431 0.024158 0.095962 0.180 0.204 0.247
0.399066 0.022388 0.095640 0.412 0.431 0.467
0.398246 0.019845 0.094950 0.314 0.333 0.369
0.482808 0.076671 0.094906 0.439 0.455 0.435
0.480254 0.076398 0.095325 0.345 0.349 0.333
0.477704 0.076126 0.095744 0.365 0.369 0.353
0.475158 0.075858 0.096163 0.357 0.361 0.325
0.472618 0.075591 0.096582 0.357 0.361 0.325
0.470081 0.075327 0.097001 0.404 0.392 0.380
0.467550 0.075065 0.097420 0.357 0.345 0.333
0.464380 0.075528 0.098211 0.353 0.349 0.365
0.461860 0.075272 0.098630 0.463 0.467 0.431
0.459344 0.075019 0.099048 0.478 0.463 0.427
0.456833 0.074768 0.099466 0.510 0.435 0.384
0.454327 0.074519 0.099884 0.388 0.314 0.263
0.451825 0.074273 0.100302 0.482 0.290 0.129
0.449328 0.074029 0.100720 0.518 0.302 0.067
0.446835 0.073788 0.101138 0.510 0.286 0.047
0.444347 0.073549 0.101555 0.518 0.286 0.039
0.441864 0.073312 0.101973 0.514 0.282 0.035
0.440005 0.072344 0.102018 0.502 0.255 0.012
0.437528 0.072111 0.102435 0.506 0.235 0.020
0.435671 0.071144 0.102480 0.522 0.227 0.020
0.433814 0.070176 0.102525 0.541 0.247 0.039
0.431958 0.069209 0.102570 0.545 0.251 0.043
0.430101 0.068242 0.102615 0.557 0.263 0.047
0.428244 0.067275 0.102660 0.553 0.263 0.035
0.426991 0.065565 0.102333 0.549 0.271 0.039
0.425132 0.064597 0.102378 0.537 0.259 0.027
0.423872 0.062884 0.102052 0.537 0.259 0.027
0.422607 0.061168 0.101725 0.545 0.251 0.035
0.421338 0.059450 0.101399 0.541 0.247 0.031
0.420065 0.057730 0.101072 0.529 0.231 0.024
0.418786 0.056007 0.100746 0.525 0.227 0.020
0.417503 0.054282 0.100420 0.522 0.220 0.024
0.416216 0.052554 0.100093 0.518 0.216 0.027
0.414924 0.050824 0.099767 0.518 0.216 0.035
0.413627 0.049092 0.099442 0.522 0.220 0.031
0.412326 0.047357 0.099116 0.525 0.224 0.035
0.411597 0.044863 0.098419 0.525 0.227 0.031
0.410284 0.043123 0.098093 0.518 0.220 0.024
0.409538 0.040620 0.097397 0.490 0.204 0.012
0.408214 0.038874 0.097072 0.506 0.220 0.027
0.407453 0.036363 0.096376 0.506 0.239 0.039
0.406682 0.033848 0.095680 0.498 0.243 0.059
0.405339 0.032092 0.095355 0.431 0.298 0.212
0.404552 0.029568 0.094659 0.384 0.376 0.345
0.403199 0.027806 0.094335 0.388 0.380 0.349
0.401840 0.026041 0.094011 0.392 0.416 0.424
0.400477 0.024274 0.093686 0.137 0.176 0.231
0.399109 0.022505 0.093362 0.290 0.329 0.384
0.398286 0.019962 0.092668 0.345 0.384 0.439
0.482964 0.076836 0.092643 0.494 0.498 0.482
0.480408 0.076560 0.093065 0.333 0.333 0.318
0.477856 0.076286 0.093486 0.329 0.329 0.314
0.475309 0.076015 0.093908 0.365 0.349 0.322
0.472766 0.075746 0.094329 0.376 0.369 0.329
0.470229 0.075480 0.094750 0.404 0.404 0.380
0.467695 0.075216 0.095171 0.384 0.384 0.361
0.465167 0.074954 0.095592 0.392 0.404 0.400
0.462003 0.075417 0.096388 0.463 0.463 0.439
0.459485 0.075162 0.096809 0.475 0.467 0.427
0.456973 0.074909 0.097229 0.518 0.467 0.416
0.454465 0.074658 0.097650 0.365 0.314 0.263
0.451961 0.074409 0.098070 0.467 0.298 0.145
0.449462 0.074163 0.098490 0.506 0.286 0.063
0.446968 0.073919 0.098910 0.510 0.275 0.047
0.444478 0.073678 0.099330 0.522 0.278 0.035
0.441993 0.073439 0.099750 0.522 0.278 0.035
0.440132 0.072470 0.099795 0.522 0.275 0.031
0.437653 0.072234 0.100215 0.529 0.271 0.031
0.435794 0.071266 0.100260 0.541 0.282 0.035
0.433935 0.070298 0.100305 0.541 0.282 0.027
0.432076 0.069329 0.100350 0.541 0.282 0.027
0.430217 0.068361 0.100395 0.541 0.282 0.027
0.428358 0.067393 0.100440 0.541 0.275 0.024
0.427102 0.065683 0.100111 0.541 0.275 0.031
0.425240 0.064713 0.100156 0.525 0.243 0.031
0.423978 0.063000 0.099827 0.522 0.239 0.027
0.422710 0.061284 0.099498 0.533 0.239 0.031
0.421438 0.059566 0.099169 0.533 0.239 0.031
0.420162 0.057845 0.098841 0.529 0.227 0.031
0.418880 0.056123 0.098512 0.525 0.224 0.027
0.417595 0.054397 0.098184 0.522 0.220 0.031
0.416304 0.052670 0.097855 0.518 0.216 0.035
0.415009 0.050940 0.097527 0.514 0.212 0.031
0.413710 0.049207 0.097199 0.518 0.216 0.035
0.412406 0.047472 0.096871 0.522 0.220 0.039
0.411673 0.044979 0.096170 0.525 0.227 0.039
0.410357 0.043238 0.095842 0.518 0.220 0.024
0.409608 0.040737 0.095141 0.498 0.224 0.020
0.408281 0.038990 0.094814 0.510 0.235 0.031
0.407516 0.036481 0.094113 0.498 0.243 0.031
0.406742 0.033966 0.093413 0.494 0.239 0.055
0.405396 0.032210 0.093086 0.443 0.310 0.231
0.404606 0.029687 0.092386 0.475 0.459 0.416
0.403249 0.027925 0.092059 0.482 0.467 0.424
0.401888 0.026160 0.091732 0.392 0.404 0.400
0.400522 0.024393 0.091406 0.157 0.204 0.267
0.399151 0.022624 0.091079 0.325 0.357 0.424
0.398324 0.020082 0.090380 0.384 0.416 0.482
0.483118 0.077002 0.090376 0.498 0.498 0.482
0.480560 0.076724 0.090800 0.341 0.329 0.318
0.478007 0.076448 0.091224 0.337 0.325 0.314
0.475458 0.076175 0.091648 0.353 0.318 0.290
0.472914 0.075904 0.092071 0.365 0.349 0.314
0.470375 0.075635 0.092495 0.396 0.396 0.373
0.467840 0.075369 0.092918 0.376 0.376 0.353
0.465309 0.075105 0.093341 0.361 0.376 0.357
0.462144 0.075565 0.094142 0.467 0.463 0.463
0.459625 0.075307 0.094565 0.478 0.463 0.427
0.457111 0.075051 0.094988 0.510 0.471 0.424
0.454601 0.074798 0.095410 0.353 0.314 0.267
0.452096 0.074547 0.095833 0.475 0.306 0.153
0.449595 0.074299 0.096256 0.502 0.282 0.059
0.447099 0.074053 0.096678 0.514 0.267 0.043
0.444608 0.073810 0.097100 0.518 0.271 0.039
0.442121 0.073568 0.097522 0.518 0.271 0.039
0.440257 0.072598 0.097568 0.525 0.278 0.035
0.437777 0.072360 0.097990 0.533 0.275 0.027
0.435916 0.071391 0.098035 0.549 0.290 0.035
0.434055 0.070421 0.098080 0.541 0.286 0.020
0.432193 0.069451 0.098125 0.541 0.286 0.020
0.430332 0.068482 0.098170 0.541 0.286 0.020
0.428470 0.067512 0.098215 0.545 0.278 0.027
0.427211 0.065802 0.097884 0.541 0.275 0.031
0.425348 0.064832 0.097929 0.522 0.239 0.027
0.424082 0.063118 0.097598 0.518 0.235 0.024
0.422812 0.061402 0.097267 0.533 0.231 0.035
0.421537 0.059684 0.096936 0.533 0.231 0.035
0.420257 0.057963 0.096605 0.529 0.227 0.031
0.418973 0.056240 0.096274 0.525 0.224 0.027
0.417685 0.054515 0.095944 0.522 0.220 0.031
0.416391 0.052787 0.095613 0.522 0.220 0.039
0.415094 0.051057 0.095283 0.518 0.216 0.035
0.413791 0.049324 0.094952 0.518 0.216 0.035
0.412484 0.047589 0.094622 0.518 0.216 0.035
0.411748 0.045097 0.093916 0.522 0.224 0.035
0.410429 0.043356 0.093586 0.514 0.227 0.027
0.409677 0.040856 0.092881 0.510 0.247 0.027
0.408347 0.039109 0.092551 0.514 0.251 0.031
0.407578 0.036600 0.091846 0.502 0.251 0.027
0.406800 0.034087 0.091141 0.494 0.231 0.067
0.405452 0.032330 0.090812 0.478 0.349 0.282
0.404658 0.029808 0.090107 0.478 0.471 0.431
0.403298 0.028046 0.089778 0.478 0.471 0.431
0.401934 0.026281 0.089449 0.267 0.294 0.318
0.400565 0.024514 0.089121 0.114 0.173 0.239
0.399192 0.022744 0.088792 0.451 0.494 0.529
0.397814 0.020972 0.088464 0.361 0.404 0.439
0.480712 0.076890 0.088531 0.365 0.333 0.322
0.478157 0.076612 0.088957 0.353 0.322 0.310
0.475607 0.076336 0.089383 0.341 0.306 0.278
0.473061 0.076063 0.089809 0.306 0.271 0.251
0.470519 0.075792 0.090235 0.404 0.404 0.404
0.467983 0.075524 0.090660 0.357 0.357 0.357
0.465451 0.075257 0.091086 0.365 0.376 0.373
0.462284 0.075714 0.091891 0.424 0.424 0.431
0.459764 0.075454 0.092316 0.463 0.463 0.439
0.457248 0.075196 0.092742 0.482 0.459 0.408
0.454736 0.074941 0.093167 0.361 0.337 0.286
0.452229 0.074688 0.093592 0.455 0.294 0.157
0.449727 0.074437 0.094017 0.498 0.271 0.059
0.447229 0.074189 0.094441 0.510 0.259 0.047
0.444736 0.073943 0.094866 0.522 0.271 0.039
0.442248 0.073700 0.095290 0.522 0.271 0.039
0.440382 0.072728 0.095336 0.522 0.275 0.031
0.437900 0.072488 0.095760 0.537 0.278 0.031
0.436036 0.071517 0.095805 0.541 0.294 0.035
0.434173 0.070546 0.095850 0.533 0.286 0.027
0.432309 0.069576 0.095896 0.529 0.282 0.024
0.430445 0.068605 0.095941 0.541 0.282 0.027
0.428582 0.067634 0.095986 0.541 0.282 0.027
0.427320 0.065924 0.095652 0.545 0.267 0.027
0.425454 0.064952 0.095698 0.525 0.231 0.024
0.424185 0.063239 0.095364 0.525 0.231 0.024
0.422912 0.061523 0.095031 0.533 0.231 0.035
0.421634 0.059804 0.094698 0.533 0.231 0.035
0.420352 0.058083 0.094365 0.529 0.227 0.031
0.419065 0.056360 0.094032 0.525 0.224 0.027
0.417773 0.054635 0.093699 0.525 0.224 0.035
0.416477 0.052907 0.093366 0.522 0.220 0.031
0.415177 0.051176 0.093033 0.518 0.216 0.035
0.413871 0.049444 0.092701 0.518 0.216 0.035
0.412561 0.047709 0.092368 0.518 0.216 0.035
0.411821 0.045217 0.091658 0.522 0.224 0.035
0.410500 0.043476 0.091326 0.518 0.231 0.031
0.409744 0.040977 0.090616 0.514 0.251 0.031
0.408411 0.039230 0.090284 0.522 0.259 0.039
0.407639 0.036722 0.089574 0.498 0.247 0.016
0.406858 0.034209 0.088865 0.490 0.227 0.071
0.405506 0.032453 0.088533 0.502 0.373 0.306
0.404709 0.029932 0.087824 0.471 0.475 0.431
0.403346 0.028169 0.087493 0.490 0.494 0.451
0.401979 0.026404 0.087162 0.184 0.224 0.278
0.400607 0.024637 0.086831 0.133 0.192 0.251
0.399231 0.022867 0.086500 0.424 0.471 0.494
0.397850 0.021095 0.086170 0.345 0.392 0.416
0.481516 0.076347 0.085875 0.439 0.380 0.376
0.478957 0.076066 0.086303 0.420 0.361 0.357
0.475753 0.076500 0.087114 0.333 0.278 0.263
0.473206 0.076224 0.087542 0.255 0.216 0.216
0.470663 0.075951 0.087970 0.392 0.376 0.380
0.468125 0.075681 0.088398 0.388 0.373 0.376
0.465591 0.075412 0.088826 0.369 0.373 0.357
0.462424 0.075865 0.089636 0.412 0.412 0.412
0.459901 0.075603 0.090064 0.384 0.384 0.384
0.457384 0.075343 0.090491 0.475 0.459 0.416
0.454870 0.075085 0.090918 0.388 0.373 0.329
0.452362 0.074830 0.091346 0.455 0.290 0.173
0.449858 0.074577 0.091773 0.498 0.271 0.067
0.447358 0.074327 0.092200 0.510 0.259 0.047
0.444864 0.074079 0.092627 0.518 0.267 0.043
0.442373 0.073833 0.093054 0.518 0.267 0.043
0.440505 0.072860 0.093099 0.522 0.275 0.031
0.438022 0.072618 0.093526 0.529 0.282 0.031
0.436156 0.071646 0.093571 0.541 0.294 0.035
0.434290 0.070674 0.093616 0.529 0.282 0.024
0.432424 0.069702 0.093662 0.529 0.282 0.024
0.430558 0.068730 0.093707 0.541 0.282 0.027
0.428692 0.067758 0.093752 0.545 0.278 0.027
0.427427 0.066048 0.093416 0.541 0.263 0.024
0.425559 0.065075 0.093461 0.525 0.231 0.024
0.424288 0.063361 0.093126 0.525 0.231 0.024
0.423011 0.061645 0.092790 0.533 0.231 0.035
0.421731 0.059927 0.092455 0.533 0.231 0.035
0.420445 0.058206 0.092120 0.529 0.227 0.031
0.419156 0.056482 0.091784 0.529 0.227 0.031
0.417861 0.054757 0.091449 0.525 0.224 0.035
0.416562 0.053029 0.091114 0.525 0.224 0.035
0.415258 0.051298 0.090779 0.522 0.220 0.031
0.413950 0.049565 0.090445 0.518 0.216 0.027
0.412637 0.047830 0.090110 0.522 0.220 0.031
0.411894 0.045340 0.089395 0.518 0.220 0.031
0.410570 0.043599 0.089061 0.510 0.239 0.024
0.409810 0.041100 0.088346 0.522 0.259 0.039
0.408474 0.039353 0.088012 0.522 0.259 0.039
0.407699 0.036846 0.087298 0.494 0.243 0.012
0.406914 0.034334 0.086584 0.478 0.231 0.078
0.405560 0.032577 0.086250 0.553 0.443 0.376
0.404759 0.030057 0.085537 0.494 0.498 0.475
0.403393 0.028295 0.085203 0.337 0.341 0.318
0.402023 0.026530 0.084870 0.169 0.204 0.286
0.400649 0.024762 0.084537 0.263 0.302 0.357
0.399269 0.022992 0.084204 0.424 0.471 0.486
0.397885 0.021220 0.083871 0.325 0.373 0.388
0.481665 0.076519 0.083594 0.439 0.380 0.376
0.479104 0.076235 0.084025 0.427 0.369 0.365
0.476548 0.075954 0.084456 0.416 0.353 0.341
0.473996 0.075675 0.084886 0.384 0.318 0.318
0.471450 0.075398 0.085317 0.404 0.373 0.369
0.468907 0.075124 0.085747 0.443 0.412 0.408
0.465730 0.075569 0.086562 0.404 0.396 0.365
0.463199 0.075301 0.086992 0.306 0.306 0.282
0.460037 0.075754 0.087806 0.325 0.325 0.325
0.457518 0.075492 0.088236 0.467 0.451 0.416
0.455003 0.075232 0.088666 0.467 0.451 0.416
0.452493 0.074975 0.089095 0.443 0.286 0.184
0.449987 0.074720 0.089525 0.494 0.271 0.075
0.447486 0.074467 0.089954 0.510 0.259 0.055
0.444990 0.074217 0.090384 0.518 0.267 0.043
0.442498 0.073969 0.090813 0.522 0.271 0.047
0.440627 0.072994 0.090858 0.522 0.271 0.039
0.438142 0.072750 0.091287 0.529 0.282 0.039
0.436274 0.071777 0.091332 0.533 0.286 0.035
0.434406 0.070804 0.091378 0.537 0.278 0.031
0.432537 0.069831 0.091423 0.537 0.278 0.031
0.430669 0.068858 0.091468 0.541 0.275 0.031
0.428801 0.067884 0.091514 0.537 0.271 0.035
0.427533 0.066174 0.091175 0.533 0.251 0.031
0.425663 0.065200 0.091221 0.525 0.231 0.024
0.424388 0.063486 0.090883 0.525 0.231 0.024
0.423109 0.061770 0.090545 0.529 0.231 0.035
0.421826 0.060051 0.090208 0.529 0.231 0.035
0.420538 0.058330 0.089870 0.525 0.227 0.031
0.419245 0.056606 0.089533 0.529 0.231 0.035
0.417947 0.054881 0.089195 0.525 0.227 0.031
0.416646 0.053152 0.088858 0.525 0.227 0.031
0.415339 0.051422 0.088521 0.522 0.224 0.027
0.414028 0.049689 0.088184 0.522 0.224 0.027
0.412712 0.047953 0.087847 0.529 0.231 0.035
0.411965 0.045464 0.087128 0.525 0.255 0.039
0.410638 0.043723 0.086791 0.525 0.263 0.043
0.409875 0.041225 0.086072 0.514 0.263 0.031
0.408536 0.039478 0.085736 0.514 0.263 0.031
0.407757 0.036972 0.085017 0.502 0.251 0.020
0.406969 0.034461 0.084299 0.482 0.243 0.098
0.405612 0.032704 0.083963 0.553 0.463 0.388
0.404807 0.030185 0.083245 0.447 0.471 0.463
0.403439 0.028422 0.082909 0.220 0.243 0.235
0.402066 0.026657 0.082574 0.173 0.212 0.282
0.400688 0.024889 0.082238 0.345 0.380 0.420
0.399306 0.023119 0.081903 0.424 0.471 0.486
0.397374 0.022113 0.081950 0.325 0.373 0.388
0.482465 0.075984 0.080922 0.427 0.376 0.392
0.479900 0.075697 0.081355 0.388 0.337 0.353
0.477340 0.075412 0.081788 0.404 0.337 0.337
0.474785 0.075129 0.082221 0.424 0.341 0.337
0.471590 0.075563 0.083041 0.439 0.365 0.357
0.469046 0.075286 0.083474 0.463 0.388 0.380
0.466507 0.075012 0.083906 0.478 0.416 0.396
0.463335 0.075458 0.084725 0.475 0.439 0.412
0.460173 0.075908 0.085544 0.463 0.447 0.412
0.457651 0.075643 0.085976 0.478 0.451 0.412
0.455135 0.075381 0.086408 0.486 0.459 0.420
0.452623 0.075121 0.086840 0.435 0.298 0.196
0.450116 0.074864 0.087272 0.498 0.286 0.086
0.447613 0.074609 0.087704 0.510 0.271 0.055
0.445115 0.074357 0.088135 0.518 0.271 0.039
0.442621 0.074106 0.088567 0.537 0.290 0.059
0.440748 0.073131 0.088612 0.541 0.298 0.047
0.438262 0.072884 0.089044 0.537 0.294 0.043
0.436391 0.071910 0.089089 0.533 0.286 0.035
0.434520 0.070936 0.089134 0.537 0.278 0.031
0.432650 0.069961 0.089180 0.533 0.275 0.027
0.430779 0.068987 0.089225 0.537 0.271 0.035
0.429511 0.067278 0.088885 0.541 0.259 0.039
0.427638 0.066302 0.088930 0.541 0.247 0.031
0.426363 0.064589 0.088590 0.529 0.235 0.027
0.424488 0.063613 0.088636 0.525 0.231 0.024
0.423206 0.061896 0.088296 0.533 0.239 0.031
0.421920 0.060177 0.087956 0.533 0.239 0.031
0.420629 0.058456 0.087616 0.529 0.235 0.027
0.419333 0.056733 0.087276 0.529 0.235 0.027
0.418033 0.055007 0.086937 0.533 0.239 0.031
0.416728 0.053278 0.086597 0.533 0.239 0.031
0.415418 0.051548 0.086258 0.522 0.239 0.027
0.414104 0.049814 0.085919 0.518 0.247 0.031
0.412786 0.048079 0.085580 0.525 0.255 0.039
0.412035 0.045591 0.084856 0.529 0.267 0.039
0.410705 0.043849 0.084517 0.518 0.267 0.035
0.409939 0.041352 0.083793 0.514 0.263 0.031
0.408597 0.039605 0.083455 0.514 0.263 0.031
0.407814 0.037100 0.082732 0.506 0.255 0.024
0.407022 0.034590 0.082009 0.486 0.247 0.102
0.405663 0.032833 0.081671 0.553 0.471 0.404
0.404855 0.030315 0.080948 0.384 0.396 0.400
0.403483 0.028552 0.080610 0.337 0.349 0.353
0.402108 0.026787 0.080273 0.263 0.306 0.341
0.400727 0.025019 0.079935 0.439 0.482 0.482
0.398795 0.024012 0.079982 0.267 0.314 0.337
0.396862 0.023006 0.080029 0.271 0.318 0.341
0.482610 0.076161 0.078630 0.424 0.380 0.404
0.480044 0.075871 0.079065 0.380 0.337 0.361
0.477482 0.075584 0.079501 0.388 0.329 0.333
0.474925 0.075299 0.079936 0.404 0.318 0.325
0.472372 0.075017 0.080371 0.447 0.357 0.345
0.469184 0.075451 0.081195 0.463 0.373 0.361
0.466643 0.075175 0.081630 0.467 0.376 0.365
0.463470 0.075617 0.082454 0.478 0.396 0.384
0.460306 0.076063 0.083277 0.471 0.416 0.392
0.457784 0.075797 0.083712 0.494 0.443 0.400
0.455265 0.075532 0.084146 0.522 0.471 0.427
0.452752 0.075270 0.084581 0.443 0.314 0.208
0.450243 0.075011 0.085015 0.502 0.290 0.090
0.447738 0.074753 0.085449 0.514 0.275 0.059
0.445238 0.074499 0.085883 0.518 0.271 0.039
0.442743 0.074246 0.086317 0.541 0.294 0.063
0.440868 0.073270 0.086362 0.545 0.302 0.051
0.438993 0.072293 0.086408 0.541 0.298 0.047
0.437118 0.071316 0.086453 0.537 0.294 0.043
0.435242 0.070339 0.086499 0.537 0.278 0.031
0.433367 0.069363 0.086544 0.533 0.275 0.027
0.431492 0.068386 0.086590 0.537 0.278 0.039
0.429617 0.067409 0.086635 0.537 0.271 0.035
0.427742 0.066432 0.086680 0.533 0.251 0.031
0.426464 0.064719 0.086338 0.541 0.247 0.031
0.424587 0.063742 0.086384 0.541 0.247 0.031
0.423302 0.062025 0.086041 0.545 0.251 0.043
0.422012 0.060306 0.085699 0.541 0.247 0.039
0.420718 0.058585 0.085357 0.545 0.251 0.043
0.419420 0.056861 0.085015 0.541 0.247 0.039
0.418117 0.055135 0.084674 0.541 0.247 0.039
0.416809 0.053406 0.084332 0.533 0.251 0.039
0.415497 0.051676 0.083990 0.525 0.255 0.039
0.414180 0.049942 0.083649 0.533 0.271 0.043
0.412858 0.048207 0.083308 0.533 0.271 0.043
0.412104 0.045719 0.082579 0.522 0.278 0.035
0.410771 0.043978 0.082238 0.510 0.267 0.024
0.410001 0.041482 0.081510 0.502 0.251 0.027
0.408657 0.039734 0.081169 0.514 0.263 0.039
0.407870 0.037230 0.080442 0.506 0.255 0.031
0.406515 0.035477 0.080101 0.490 0.259 0.118
0.405712 0.032964 0.079374 0.565 0.494 0.416
0.404901 0.030447 0.078647 0.435 0.439 0.424
0.403527 0.028684 0.078307 0.286 0.290 0.275
0.402148 0.026918 0.077967 0.447 0.471 0.463
0.400765 0.025150 0.077627 0.443 0.463 0.482
0.398830 0.024143 0.077674 0.286 0.259 0.302
0.396895 0.023135 0.077721 0.420 0.392 0.435
0.483406 0.075633 0.075942 0.435 0.392 0.408
0.480836 0.075340 0.076380 0.380 0.337 0.353
0.478270 0.075050 0.076817 0.373 0.310 0.337
0.475709 0.074761 0.077255 0.408 0.333 0.325
0.472510 0.075187 0.078084 0.435 0.353 0.341
0.469320 0.075617 0.078913 0.443 0.361 0.349
0.466777 0.075339 0.079350 0.471 0.369 0.353
0.463604 0.075778 0.080178 0.475 0.373 0.357
0.461072 0.075505 0.080615 0.471 0.369 0.353
0.457914 0.075952 0.081443 0.478 0.373 0.349
0.455395 0.075685 0.081880 0.475 0.369 0.345
0.452879 0.075421 0.082317 0.447 0.318 0.212
0.450368 0.075159 0.082753 0.498 0.294 0.090
0.447862 0.074900 0.083189 0.510 0.286 0.055
0.445361 0.074643 0.083626 0.518 0.282 0.047
0.442864 0.074388 0.084062 0.533 0.298 0.063
0.440986 0.073410 0.084107 0.537 0.306 0.051
0.439109 0.072432 0.084153 0.537 0.306 0.043
0.437232 0.071454 0.084198 0.529 0.286 0.027
0.435354 0.070476 0.084244 0.533 0.275 0.035
0.433477 0.069499 0.084290 0.533 0.275 0.035
0.431599 0.068521 0.084335 0.541 0.282 0.043
0.429722 0.067543 0.084381 0.549 0.290 0.043
0.427844 0.066565 0.084426 0.533 0.275 0.027
0.426564 0.064852 0.084081 0.533 0.255 0.024
0.424684 0.063873 0.084127 0.533 0.255 0.024
0.423396 0.062156 0.083783 0.537 0.255 0.035
0.422104 0.060437 0.083438 0.545 0.251 0.035
0.420807 0.058715 0.083094 0.545 0.251 0.035
0.419505 0.056992 0.082750 0.545 0.251 0.035
0.418199 0.055265 0.082406 0.541 0.247 0.031
0.416889 0.053537 0.082062 0.533 0.251 0.031
0.415573 0.051806 0.081718 0.533 0.263 0.039
0.414254 0.050072 0.081375 0.533 0.275 0.035
0.412929 0.048336 0.081031 0.533 0.275 0.035
0.411600 0.046598 0.080688 0.522 0.278 0.035
0.410836 0.044108 0.079955 0.498 0.247 0.016
0.410062 0.041613 0.079222 0.506 0.239 0.031
0.408715 0.039866 0.078879 0.506 0.239 0.031
0.407925 0.037362 0.078147 0.506 0.251 0.047
0.406566 0.035609 0.077805 0.482 0.263 0.110
0.405761 0.033097 0.077073 0.537 0.475 0.392
0.404390 0.031338 0.076730 0.467 0.471 0.435
0.403016 0.029575 0.076388 0.478 0.482 0.447
0.401636 0.027811 0.076046 0.471 0.486 0.467
0.400252 0.026044 0.075704 0.333 0.353 0.388
0.398318 0.025036 0.075751 0.329 0.267 0.302
0.396927 0.023266 0.075409 0.435 0.373 0.408
0.484200 0.075110 0.073244 0.435 0.392 0.408
0.481625 0.074813 0.073685 0.380 0.337 0.353
0.479056 0.074519 0.074125 0.365 0.314 0.337
0.475846 0.074937 0.074959 0.396 0.329 0.329
0.473288 0.074649 0.075399 0.416 0.333 0.329
0.470095 0.075075 0.076232 0.443 0.361 0.357
0.466911 0.075505 0.077065 0.467 0.365 0.349
0.464371 0.075227 0.077505 0.475 0.373 0.357
0.461203 0.075666 0.078337 0.475 0.365 0.353
0.458044 0.076110 0.079170 0.475 0.369 0.337
0.455523 0.075841 0.079609 0.471 0.365 0.333
0.453006 0.075574 0.080048 0.447 0.318 0.212
0.450493 0.075310 0.080487 0.506 0.306 0.090
0.447985 0.075048 0.080925 0.510 0.286 0.055
0.445482 0.074789 0.081364 0.518 0.282 0.047
0.442983 0.074532 0.081803 0.533 0.298 0.063
0.441104 0.073553 0.081848 0.537 0.306 0.043
0.439224 0.072574 0.081894 0.541 0.310 0.047
0.437344 0.071595 0.081939 0.529 0.282 0.031
0.435464 0.070616 0.081985 0.537 0.271 0.035
0.433585 0.069637 0.082030 0.541 0.275 0.039
0.431705 0.068657 0.082076 0.553 0.286 0.043
0.429825 0.067678 0.082122 0.553 0.294 0.047
0.427946 0.066699 0.082167 0.537 0.278 0.031
0.426662 0.064986 0.081820 0.529 0.263 0.027
0.424780 0.064006 0.081866 0.525 0.259 0.024
0.423489 0.062289 0.081519 0.541 0.259 0.039
0.422194 0.060570 0.081173 0.537 0.255 0.035
0.420894 0.058848 0.080826 0.537 0.255 0.035
0.419590 0.057124 0.080480 0.537 0.255 0.035
0.418281 0.055398 0.080134 0.537 0.255 0.035
0.416967 0.053669 0.079788 0.537 0.255 0.035
0.415649 0.051938 0.079442 0.541 0.275 0.039
0.414327 0.050204 0.079096 0.533 0.286 0.035
0.412999 0.048468 0.078750 0.529 0.282 0.031
0.411667 0.046730 0.078404 0.502 0.259 0.016
0.410899 0.044241 0.077667 0.502 0.227 0.024
0.410122 0.041747 0.076930 0.498 0.224 0.027
0.408772 0.039999 0.076585 0.502 0.227 0.031
0.407979 0.037497 0.075848 0.506 0.239 0.047
0.406617 0.035743 0.075503 0.482 0.263 0.118
0.405808 0.033232 0.074767 0.522 0.467 0.392
0.404435 0.031473 0.074422 0.471 0.475 0.431
0.403057 0.029710 0.074078 0.471 0.475 0.431
0.401675 0.027946 0.073733 0.243 0.255 0.259
0.400288 0.026179 0.073389 0.255 0.208 0.267
0.398351 0.025170 0.073436 0.412 0.271 0.286
0.396957 0.023399 0.073092 0.447 0.306 0.322
0.484340 0.075295 0.070934 0.447 0.416 0.412
0.481764 0.074996 0.071377 0.376 0.345 0.341
0.479193 0.074700 0.071819 0.357 0.306 0.322
0.476626 0.074406 0.072262 0.369 0.306 0.333
0.474064 0.074115 0.072704 0.349 0.278 0.310
0.470867 0.074536 0.073542 0.357 0.286 0.318
0.467680 0.074962 0.074380 0.447 0.353 0.361
0.464502 0.075393 0.075217 0.471 0.369 0.353
0.461332 0.075829 0.076055 0.475 0.369 0.345
0.458802 0.075554 0.076496 0.482 0.365 0.345
0.455649 0.075998 0.077333 0.471 0.353 0.333
0.453131 0.075729 0.077775 0.447 0.314 0.220
0.450617 0.075463 0.078216 0.502 0.310 0.094
0.448107 0.075199 0.078657 0.510 0.294 0.051
0.445602 0.074938 0.079098 0.510 0.275 0.039
0.443102 0.074678 0.079539 0.518 0.282 0.047
0.441220 0.073698 0.079584 0.537 0.306 0.043
0.439338 0.072718 0.079630 0.533 0.302 0.039
0.437456 0.071737 0.079676 0.537 0.278 0.031
0.435574 0.070757 0.079721 0.533 0.239 0.024
0.433692 0.069777 0.079767 0.549 0.255 0.039
0.431810 0.068796 0.079812 0.553 0.286 0.043
0.429928 0.067816 0.079858 0.557 0.290 0.047
0.428046 0.066836 0.079904 0.549 0.290 0.043
0.426759 0.065123 0.079555 0.533 0.275 0.027
0.424875 0.064141 0.079600 0.522 0.263 0.016
0.423581 0.062424 0.079251 0.537 0.255 0.035
0.422283 0.060705 0.078903 0.541 0.259 0.039
0.420980 0.058983 0.078554 0.541 0.263 0.031
0.419673 0.057259 0.078205 0.541 0.263 0.031
0.418361 0.055532 0.077857 0.537 0.259 0.027
0.417045 0.053803 0.077509 0.529 0.263 0.027
0.415724 0.052072 0.077160 0.537 0.278 0.039
0.414398 0.050339 0.076812 0.529 0.282 0.031
0.413068 0.048602 0.076464 0.518 0.271 0.020
0.411733 0.046864 0.076117 0.498 0.251 0.000
0.410962 0.044376 0.075375 0.498 0.231 0.024
0.410181 0.041883 0.074633 0.498 0.224 0.027
0.408828 0.040135 0.074286 0.502 0.227 0.031
0.408031 0.037633 0.073545 0.502 0.235 0.043
0.406667 0.035879 0.073197 0.471 0.255 0.118
0.405854 0.033370 0.072457 0.522 0.475 0.404
0.404478 0.031610 0.072110 0.478 0.482 0.439
0.403097 0.029847 0.071763 0.490 0.494 0.451
0.401712 0.028083 0.071416 0.235 0.227 0.263
0.399775 0.027074 0.071463 0.318 0.220 0.267
0.398383 0.025306 0.071117 0.420 0.275 0.263
0.396986 0.023535 0.070770 0.447 0.302 0.290
0.485129 0.074779 0.068221 0.463 0.431 0.427
0.482549 0.074477 0.068666 0.427 0.396 0.392
0.479974 0.074177 0.069111 0.404 0.325 0.329
0.477403 0.073880 0.069556 0.384 0.306 0.310
0.474196 0.074293 0.070399 0.349 0.278 0.302
0.470999 0.074711 0.071241 0.369 0.298 0.322
0.467810 0.075134 0.072084 0.416 0.329 0.337
0.464631 0.075562 0.072926 0.408 0.298 0.302
0.462092 0.075281 0.073370 0.471 0.361 0.349
0.458929 0.075717 0.074212 0.482 0.365 0.345
0.455775 0.076158 0.075053 0.478 0.361 0.341
0.453254 0.075887 0.075497 0.451 0.310 0.227
0.450739 0.075618 0.075940 0.502 0.306 0.102
0.448228 0.075352 0.076384 0.522 0.306 0.063
0.445721 0.075088 0.076827 0.510 0.275 0.039
0.443219 0.074827 0.077270 0.514 0.278 0.043
0.441335 0.073845 0.077316 0.537 0.306 0.043
0.439450 0.072864 0.077362 0.541 0.298 0.039
0.437566 0.071882 0.077407 0.541 0.282 0.027
0.435682 0.070901 0.077453 0.525 0.231 0.016
0.433797 0.069919 0.077499 0.533 0.239 0.024
0.431913 0.068938 0.077544 0.553 0.271 0.051
0.430029 0.067956 0.077590 0.557 0.290 0.047
0.428144 0.066975 0.077636 0.549 0.290 0.043
0.426855 0.065261 0.077284 0.537 0.278 0.031
0.424968 0.064278 0.077330 0.522 0.263 0.016
0.423672 0.062561 0.076979 0.533 0.255 0.024
0.422371 0.060842 0.076628 0.537 0.259 0.027
0.421065 0.059120 0.076277 0.541 0.263 0.031
0.419755 0.057396 0.075926 0.541 0.263 0.031
0.418440 0.055669 0.075576 0.537 0.259 0.027
0.417121 0.053940 0.075225 0.541 0.275 0.039
0.415797 0.052209 0.074875 0.533 0.275 0.035
0.414469 0.050475 0.074524 0.522 0.275 0.031
0.413135 0.048739 0.074174 0.518 0.271 0.027
0.411798 0.047000 0.073824 0.514 0.267 0.024
0.411023 0.044513 0.073078 0.506 0.259 0.016
0.409674 0.042768 0.072728 0.490 0.239 0.016
0.408883 0.040273 0.071982 0.490 0.239 0.016
0.407522 0.038522 0.071633 0.506 0.239 0.039
0.406715 0.036018 0.070887 0.584 0.376 0.247
0.405343 0.034261 0.070538 0.518 0.471 0.392
0.403966 0.032503 0.070189 0.498 0.482 0.486
0.403136 0.029987 0.069444 0.298 0.282 0.286
0.401748 0.028222 0.069095 0.318 0.227 0.275
0.399809 0.027212 0.069142 0.424 0.271 0.263
0.398414 0.025443 0.068793 0.424 0.275 0.231
0.396472 0.024432 0.068840 0.455 0.306 0.263
0.485267 0.074969 0.065899 0.475 0.455 0.447
0.482685 0.074665 0.066347 0.435 0.416 0.408
0.480108 0.074363 0.066794 0.439 0.365 0.357
0.477536 0.074064 0.067241 0.435 0.345 0.341
0.474328 0.074474 0.068088 0.380 0.286 0.294
0.471129 0.074888 0.068936 0.392 0.298 0.306
0.467940 0.075308 0.069783 0.435 0.341 0.349
0.465392 0.075021 0.070229 0.451 0.341 0.337
0.462219 0.075449 0.071076 0.478 0.357 0.349
0.459054 0.075882 0.071922 0.486 0.361 0.345
0.456525 0.075605 0.072368 0.482 0.357 0.341
0.454001 0.075331 0.072814 0.443 0.306 0.239
0.451481 0.075059 0.073260 0.498 0.310 0.122
0.448966 0.074789 0.073706 0.529 0.318 0.063
0.446456 0.074522 0.074152 0.518 0.306 0.043
0.443950 0.074257 0.074597 0.510 0.298 0.035
0.441448 0.073994 0.075043 0.522 0.290 0.035
0.439562 0.073012 0.075089 0.525 0.282 0.039
0.437675 0.072029 0.075134 0.537 0.271 0.035
0.435788 0.071046 0.075180 0.525 0.227 0.020
0.433902 0.070064 0.075226 0.529 0.231 0.024
0.432015 0.069081 0.075272 0.549 0.255 0.047
0.430129 0.068098 0.075317 0.545 0.278 0.035
0.428242 0.067115 0.075363 0.553 0.294 0.039
0.426950 0.065402 0.075010 0.553 0.294 0.039
0.425061 0.064418 0.075055 0.549 0.290 0.035
0.423761 0.062701 0.074702 0.549 0.290 0.035
0.422457 0.060981 0.074349 0.541 0.282 0.027
0.421149 0.059259 0.073996 0.533 0.275 0.027
0.419836 0.057535 0.073643 0.529 0.271 0.024
0.418518 0.055808 0.073290 0.529 0.263 0.027
0.417196 0.054079 0.072937 0.525 0.255 0.031
0.415869 0.052347 0.072584 0.518 0.247 0.031
0.414538 0.050613 0.072232 0.518 0.247 0.031
0.413202 0.048877 0.071879 0.518 0.247 0.031
0.411861 0.047138 0.071527 0.529 0.259 0.035
0.411083 0.044652 0.070776 0.529 0.271 0.031
0.409731 0.042907 0.070424 0.506 0.247 0.008
0.408374 0.041160 0.070072 0.506 0.247 0.008
0.407573 0.038662 0.069322 0.502 0.251 0.027
0.406762 0.036159 0.068572 0.612 0.416 0.282
0.405387 0.034402 0.068221 0.545 0.478 0.424
0.404008 0.032643 0.067869 0.294 0.176 0.216
0.403174 0.030128 0.067120 0.314 0.196 0.235
0.401783 0.028363 0.066769 0.490 0.314 0.333
0.399841 0.027352 0.066816 0.427 0.278 0.251
0.397900 0.026340 0.066863 0.435 0.278 0.220
0.396500 0.024571 0.066512 0.463 0.306 0.247
0.485403 0.075162 0.063573 0.482 0.482 0.467
0.483466 0.074153 0.063620 0.459 0.459 0.443
0.480241 0.074551 0.064472 0.427 0.392 0.373
0.477667 0.074250 0.064922 0.451 0.369 0.349
0.474458 0.074656 0.065774 0.447 0.357 0.337
0.471895 0.074360 0.066223 0.439 0.349 0.329
0.468702 0.074775 0.067075 0.435 0.325 0.314
0.465519 0.075195 0.067926 0.467 0.345 0.337
0.462344 0.075620 0.068777 0.486 0.361 0.345
0.459807 0.075337 0.069226 0.486 0.361 0.345
0.456648 0.075770 0.070077 0.482 0.357 0.341
0.454122 0.075493 0.070525 0.427 0.298 0.239
0.451601 0.075219 0.070973 0.490 0.322 0.133
0.449084 0.074947 0.071422 0.525 0.325 0.067
0.446571 0.074677 0.071870 0.522 0.322 0.047
0.444064 0.074410 0.072318 0.522 0.322 0.047
0.442173 0.073425 0.072363 0.514 0.267 0.024
0.440281 0.072440 0.072409 0.525 0.239 0.047
0.438390 0.071455 0.072455 0.533 0.251 0.039
0.436499 0.070470 0.072501 0.522 0.227 0.020
0.434608 0.069485 0.072547 0.525 0.231 0.024
0.432717 0.068500 0.072593 0.549 0.255 0.047
0.430825 0.067515 0.072638 0.545 0.278 0.043
0.428934 0.066530 0.072684 0.553 0.294 0.039
0.427043 0.065545 0.072730 0.557 0.302 0.035
0.425152 0.064559 0.072776 0.557 0.302 0.035
0.423850 0.062842 0.072420 0.545 0.302 0.031
0.422543 0.061122 0.072065 0.541 0.298 0.027
0.421231 0.059400 0.071710 0.533 0.275 0.020
0.419915 0.057676 0.071354 0.529 0.271 0.016
0.418595 0.055949 0.070999 0.525 0.259 0.024
0.417270 0.054220 0.070644 0.525 0.255 0.039
0.415940 0.052488 0.070290 0.525 0.243 0.031
0.414606 0.050754 0.069935 0.514 0.243 0.027
0.413267 0.049017 0.069580 0.514 0.243 0.027
0.411923 0.047278 0.069226 0.518 0.247 0.031
0.410575 0.045537 0.068871 0.525 0.263 0.035
0.409786 0.043048 0.068116 0.510 0.251 0.012
0.408427 0.041301 0.067762 0.510 0.251 0.012
0.407622 0.038804 0.067007 0.510 0.247 0.027
0.406251 0.037050 0.066653 0.631 0.443 0.298
0.405430 0.034545 0.065899 0.525 0.424 0.373
0.404048 0.032786 0.065545 0.361 0.184 0.212
0.403211 0.030271 0.064791 0.353 0.176 0.204
0.401817 0.028506 0.064438 0.475 0.255 0.263
0.399873 0.027494 0.064485 0.439 0.251 0.192
0.397929 0.026481 0.064532 0.455 0.278 0.188
0.395985 0.025469 0.064579 0.482 0.306 0.216
0.483599 0.074347 0.061289 0.463 0.463 0.447
0.481016 0.074039 0.061741 0.447 0.427 0.412
0.477797 0.074438 0.062598 0.451 0.388 0.361
0.475226 0.074136 0.063050 0.459 0.369 0.349
0.472023 0.074543 0.063906 0.451 0.361 0.341
0.468829 0.074954 0.064762 0.455 0.345 0.333
0.465644 0.075371 0.065618 0.471 0.353 0.333
0.462468 0.075792 0.066474 0.482 0.357 0.341
0.459929 0.075507 0.066925 0.486 0.361 0.345
0.456769 0.075937 0.067781 0.482 0.357 0.341
0.454242 0.075658 0.068231 0.424 0.294 0.235
0.451718 0.075381 0.068682 0.486 0.318 0.137
0.449200 0.075107 0.069132 0.525 0.325 0.067
0.446686 0.074835 0.069583 0.533 0.322 0.051
0.444177 0.074566 0.070033 0.525 0.314 0.043
0.442283 0.073580 0.070079 0.502 0.251 0.020
0.440390 0.072593 0.070125 0.522 0.235 0.043
0.438496 0.071607 0.070171 0.533 0.251 0.039
0.436603 0.070621 0.070217 0.514 0.231 0.020
0.434709 0.069635 0.070263 0.518 0.235 0.024
0.432816 0.068648 0.070309 0.545 0.251 0.043
0.430922 0.067662 0.070354 0.549 0.271 0.039
0.429029 0.066676 0.070400 0.545 0.278 0.035
0.427135 0.065690 0.070446 0.557 0.298 0.043
0.425242 0.064703 0.070492 0.561 0.302 0.047
0.423937 0.062986 0.070134 0.541 0.302 0.031
0.422627 0.061266 0.069777 0.529 0.282 0.024
0.421313 0.059544 0.069419 0.533 0.267 0.024
0.419994 0.057819 0.069062 0.529 0.263 0.020
0.418670 0.056092 0.068704 0.518 0.251 0.016
0.417342 0.054362 0.068347 0.525 0.243 0.031
0.416010 0.052631 0.067990 0.529 0.235 0.027
0.414673 0.050896 0.067633 0.522 0.239 0.027
0.413331 0.049160 0.067276 0.522 0.239 0.027
0.411984 0.047421 0.066919 0.525 0.243 0.031
0.410633 0.045680 0.066563 0.525 0.255 0.031
0.409278 0.043936 0.066206 0.514 0.251 0.024
0.408479 0.041444 0.065447 0.514 0.251 0.024
0.407670 0.038948 0.064688 0.514 0.251 0.024
0.406296 0.037194 0.064331 0.541 0.325 0.153
0.405472 0.034689 0.063573 0.447 0.251 0.161
0.404086 0.032930 0.063217 0.404 0.149 0.141
0.403246 0.030417 0.062458 0.396 0.141 0.133
0.401849 0.028652 0.062103 0.471 0.220 0.192
0.399903 0.027638 0.062150 0.459 0.263 0.173
0.397414 0.027379 0.062600 0.459 0.310 0.204
0.397091 0.024098 0.061439 0.459 0.310 0.204
0.484376 0.073842 0.058546 0.451 0.451 0.451
0.481146 0.074232 0.059408 0.443 0.439 0.439
0.478566 0.073925 0.059862 0.467 0.451 0.424
0.475353 0.074324 0.060724 0.482 0.439 0.404
0.472785 0.074022 0.061178 0.471 0.427 0.392
0.469587 0.074429 0.062039 0.451 0.376 0.353
0.466399 0.074841 0.062899 0.475 0.373 0.357
0.463220 0.075258 0.063760 0.475 0.365 0.353
0.460050 0.075680 0.064620 0.482 0.365 0.345
0.457514 0.075395 0.065073 0.478 0.361 0.341
0.454982 0.075112 0.065526 0.431 0.310 0.259
0.452455 0.074832 0.065979 0.486 0.302 0.137
0.449933 0.074555 0.066432 0.522 0.318 0.071
0.447415 0.074280 0.066885 0.529 0.318 0.055
0.444901 0.074007 0.067338 0.518 0.306 0.043
0.442392 0.073736 0.067790 0.506 0.243 0.024
0.440497 0.072749 0.067836 0.522 0.235 0.043
0.438601 0.071761 0.067882 0.545 0.275 0.051
0.436705 0.070774 0.067928 0.518 0.235 0.016
0.434809 0.069786 0.067974 0.522 0.239 0.020
0.432914 0.068799 0.068020 0.541 0.247 0.039
0.431018 0.067812 0.068066 0.553 0.259 0.043
0.429122 0.066824 0.068112 0.549 0.271 0.039
0.427226 0.065837 0.068158 0.557 0.290 0.047
0.425330 0.064849 0.068204 0.565 0.298 0.055
0.424023 0.063131 0.067844 0.533 0.286 0.027
0.422710 0.061411 0.067484 0.533 0.275 0.027
0.421393 0.059689 0.067124 0.533 0.267 0.031
0.420071 0.057964 0.066764 0.529 0.263 0.027
0.418745 0.056237 0.066405 0.525 0.255 0.031
0.417414 0.054507 0.066045 0.533 0.251 0.039
0.416078 0.052776 0.065686 0.529 0.235 0.027
0.414738 0.051041 0.065327 0.525 0.243 0.031
0.413393 0.049304 0.064968 0.522 0.239 0.027
0.412044 0.047565 0.064609 0.522 0.239 0.027
0.410690 0.045824 0.064250 0.518 0.247 0.031
0.409332 0.044080 0.063891 0.514 0.251 0.024
0.408529 0.041589 0.063127 0.514 0.251 0.024
0.407717 0.039094 0.062363 0.506 0.255 0.024
0.406340 0.037340 0.062005 0.502 0.271 0.078
0.405512 0.034836 0.061242 0.467 0.243 0.125
0.404124 0.033077 0.060884 0.408 0.141 0.110
0.403280 0.030565 0.060121 0.404 0.137 0.106
0.401880 0.028799 0.059763 0.478 0.224 0.173
0.399932 0.027784 0.059810 0.459 0.267 0.157
0.398525 0.026015 0.059453 0.482 0.373 0.263
0.397114 0.024244 0.059095 0.498 0.388 0.278
0.484506 0.074041 0.056204 0.447 0.447 0.447
0.481275 0.074428 0.057070 0.412 0.412 0.420
0.478694 0.074118 0.057527 0.451 0.439 0.420
0.476117 0.073811 0.057984 0.478 0.451 0.420
0.472909 0.074210 0.058849 0.478 0.451 0.420
0.469711 0.074614 0.059715 0.478 0.424 0.392
0.466521 0.075023 0.060580 0.459 0.384 0.361
0.463341 0.075436 0.061445 0.467 0.376 0.357
0.460170 0.075854 0.062310 0.475 0.369 0.345
0.457632 0.075567 0.062766 0.475 0.369 0.345
0.455099 0.075282 0.063221 0.459 0.337 0.294
0.452570 0.075000 0.063676 0.486 0.302 0.145
0.450046 0.074720 0.064132 0.525 0.310 0.075
0.447526 0.074443 0.064587 0.529 0.310 0.059
0.445011 0.074168 0.065042 0.514 0.294 0.043
0.443111 0.073178 0.065088 0.498 0.247 0.016
0.441210 0.072188 0.065134 0.537 0.263 0.059
0.439310 0.071198 0.065180 0.549 0.290 0.051
0.437410 0.070208 0.065226 0.522 0.243 0.012
0.435509 0.069218 0.065272 0.522 0.243 0.012
0.433609 0.068229 0.065318 0.541 0.247 0.039
0.431709 0.067239 0.065364 0.549 0.255 0.039
0.429808 0.066249 0.065410 0.549 0.267 0.047
0.427908 0.065259 0.065456 0.553 0.286 0.043
0.426008 0.064269 0.065502 0.561 0.294 0.051
0.424107 0.063279 0.065548 0.541 0.282 0.027
0.422792 0.061559 0.065186 0.533 0.275 0.027
0.421472 0.059837 0.064824 0.533 0.267 0.031
0.420147 0.058112 0.064463 0.529 0.263 0.027
0.418818 0.056384 0.064101 0.518 0.247 0.024
0.417484 0.054655 0.063739 0.525 0.243 0.031
0.416145 0.052923 0.063378 0.525 0.243 0.031
0.414802 0.051188 0.063016 0.525 0.243 0.031
0.413455 0.049451 0.062655 0.525 0.243 0.031
0.412103 0.047712 0.062294 0.525 0.243 0.031
0.410746 0.045970 0.061932 0.518 0.247 0.031
0.409385 0.044226 0.061571 0.522 0.259 0.031
0.408578 0.041736 0.060803 0.525 0.263 0.035
0.407763 0.039242 0.060035 0.518 0.271 0.027
0.406383 0.037488 0.059674 0.510 0.263 0.039
0.405552 0.034985 0.058906 0.482 0.235 0.082
0.404161 0.033226 0.058546 0.412 0.141 0.059
0.402765 0.031464 0.058186 0.451 0.180 0.098
0.401365 0.029699 0.057826 0.498 0.255 0.129
0.399960 0.027933 0.057466 0.467 0.298 0.161
0.398550 0.026164 0.057106 0.486 0.400 0.298
0.397136 0.024392 0.056746 0.498 0.412 0.310
0.484634 0.074242 0.053857 0.451 0.451 0.451
0.482044 0.073926 0.054316 0.412 0.412 0.420
0.479459 0.073613 0.054775 0.420 0.420 0.420
0.476878 0.073302 0.055234 0.412 0.412 0.396
0.473667 0.073697 0.056105 0.412 0.412 0.396
0.470465 0.074096 0.056975 0.467 0.447 0.431
0.467272 0.074500 0.057845 0.478 0.451 0.420
0.464089 0.074909 0.058715 0.486 0.451 0.416
0.460914 0.075323 0.059584 0.486 0.443 0.408
0.458372 0.075033 0.060042 0.498 0.455 0.420
0.455835 0.074744 0.060500 0.459 0.392 0.337
0.453302 0.074459 0.060958 0.478 0.310 0.173
0.450774 0.074175 0.061415 0.522 0.302 0.078
0.448251 0.073895 0.061873 0.525 0.302 0.063
0.445732 0.073616 0.062330 0.514 0.290 0.051
0.443217 0.073340 0.062787 0.522 0.275 0.043
0.441314 0.072349 0.062834 0.545 0.298 0.047
0.439412 0.071358 0.062880 0.549 0.302 0.043
0.437509 0.070367 0.062926 0.518 0.251 0.008
0.435606 0.069376 0.062972 0.518 0.251 0.008
0.433704 0.068385 0.063018 0.537 0.255 0.035
0.431801 0.067393 0.063064 0.541 0.259 0.039
0.429899 0.066402 0.063110 0.541 0.275 0.039
0.427996 0.065411 0.063156 0.545 0.278 0.035
0.426093 0.064420 0.063203 0.553 0.286 0.043
0.424191 0.063429 0.063249 0.541 0.282 0.035
0.422872 0.061709 0.062884 0.541 0.282 0.035
0.421549 0.059986 0.062520 0.533 0.275 0.027
0.420222 0.058261 0.062156 0.533 0.275 0.027
0.418890 0.056534 0.061792 0.525 0.267 0.027
0.417553 0.054804 0.061428 0.529 0.259 0.035
0.416211 0.053072 0.061064 0.533 0.263 0.039
0.414866 0.051337 0.060701 0.529 0.259 0.035
0.413515 0.049600 0.060337 0.525 0.255 0.031
0.412160 0.047861 0.059974 0.518 0.247 0.024
0.410800 0.046119 0.059610 0.518 0.247 0.024
0.409436 0.044375 0.059247 0.522 0.259 0.031
0.408626 0.041886 0.058474 0.529 0.267 0.039
0.407807 0.039392 0.057701 0.522 0.278 0.035
0.406425 0.037638 0.057339 0.506 0.275 0.027
0.405590 0.035136 0.056566 0.494 0.235 0.071
0.404196 0.033377 0.056204 0.408 0.141 0.031
0.402797 0.031615 0.055841 0.494 0.227 0.118
0.401394 0.029850 0.055479 0.502 0.271 0.122
0.399986 0.028083 0.055117 0.471 0.310 0.165
0.398574 0.026314 0.054755 0.482 0.396 0.294
0.397695 0.023789 0.053984 0.498 0.412 0.310
0.484762 0.074445 0.051506 0.459 0.459 0.459
0.482811 0.073429 0.051553 0.408 0.408 0.408
0.480221 0.073112 0.052015 0.396 0.408 0.412
0.477636 0.072798 0.052476 0.392 0.404 0.408
0.474422 0.073188 0.053351 0.396 0.408 0.412
0.471217 0.073583 0.054226 0.404 0.400 0.400
0.468021 0.073983 0.055101 0.396 0.392 0.392
0.464834 0.074387 0.055975 0.404 0.388 0.392
0.461656 0.074796 0.056849 0.475 0.443 0.431
0.458488 0.075210 0.057723 0.486 0.455 0.443
0.455949 0.074920 0.058183 0.475 0.435 0.380
0.453414 0.074632 0.058644 0.478 0.314 0.188
0.450884 0.074346 0.059103 0.518 0.310 0.082
0.448359 0.074063 0.059563 0.529 0.318 0.063
0.445838 0.073782 0.060023 0.529 0.318 0.063
0.443322 0.073504 0.060483 0.529 0.298 0.051
0.441417 0.072512 0.060529 0.549 0.306 0.047
0.439512 0.071519 0.060575 0.549 0.310 0.039
0.437607 0.070527 0.060621 0.549 0.306 0.035
0.435702 0.069535 0.060667 0.541 0.298 0.027
0.433797 0.068543 0.060713 0.545 0.298 0.039
0.431893 0.067550 0.060760 0.549 0.290 0.035
0.429988 0.066558 0.060806 0.545 0.298 0.039
0.428083 0.065566 0.060852 0.545 0.298 0.039
0.426178 0.064574 0.060898 0.549 0.302 0.043
0.424273 0.063581 0.060944 0.553 0.306 0.047
0.422951 0.061861 0.060578 0.553 0.310 0.039
0.421626 0.060138 0.060211 0.545 0.302 0.031
0.420295 0.058413 0.059845 0.533 0.290 0.020
0.418960 0.056685 0.059479 0.522 0.275 0.024
0.417620 0.054955 0.059113 0.529 0.271 0.031
0.416276 0.053223 0.058747 0.533 0.275 0.035
0.414927 0.051488 0.058381 0.529 0.271 0.031
0.413574 0.049751 0.058015 0.522 0.263 0.024
0.412216 0.048012 0.057649 0.514 0.255 0.016
0.410854 0.046270 0.057284 0.514 0.251 0.024
0.409486 0.044525 0.056918 0.518 0.271 0.027
0.408673 0.042037 0.056141 0.529 0.282 0.039
0.407851 0.039545 0.055364 0.529 0.286 0.035
0.406465 0.037791 0.054999 0.510 0.278 0.024
0.405627 0.035290 0.054222 0.502 0.267 0.039
0.404230 0.033530 0.053857 0.471 0.239 0.055
0.402828 0.031768 0.053493 0.494 0.263 0.078
0.401422 0.030003 0.053128 0.506 0.302 0.098
0.399469 0.028986 0.053175 0.475 0.333 0.145
0.399136 0.025716 0.051988 0.514 0.412 0.290
0.397714 0.023943 0.051624 0.498 0.396 0.275
0.485530 0.073954 0.048734 0.467 0.467 0.467
0.483575 0.072936 0.048781 0.408 0.408 0.408
0.480982 0.072616 0.049245 0.396 0.408 0.412
0.478393 0.072298 0.049709 0.388 0.400 0.404
0.475175 0.072683 0.050588 0.392 0.404 0.408
0.471966 0.073074 0.051468 0.392 0.392 0.392
0.468767 0.073469 0.052347 0.376 0.376 0.376
0.465577 0.073869 0.053226 0.400 0.396 0.396
0.462396 0.074273 0.054105 0.420 0.396 0.412
0.459224 0.074683 0.054984 0.435 0.412 0.427
0.456681 0.074389 0.055446 0.482 0.455 0.431
0.454142 0.074098 0.055909 0.459 0.329 0.216
0.451608 0.073809 0.056371 0.518 0.318 0.086
0.449079 0.073522 0.056833 0.533 0.322 0.067
0.446555 0.073238 0.057295 0.533 0.322 0.067
0.444034 0.072956 0.057757 0.522 0.302 0.051
0.442125 0.071961 0.057804 0.545 0.314 0.051
0.439612 0.071683 0.058266 0.549 0.322 0.047
0.437704 0.070690 0.058312 0.561 0.333 0.051
0.435797 0.069696 0.058358 0.557 0.329 0.047
0.433890 0.068703 0.058404 0.557 0.333 0.039
0.431983 0.067709 0.058451 0.545 0.306 0.027
0.430075 0.066716 0.058497 0.549 0.310 0.031
0.428168 0.065722 0.058543 0.549 0.310 0.031
0.426261 0.064729 0.058589 0.549 0.310 0.031
0.424354 0.063736 0.058636 0.565 0.325 0.047
0.423030 0.062015 0.058267 0.557 0.329 0.047
0.421701 0.060292 0.057898 0.557 0.329 0.047
0.420367 0.058567 0.057529 0.549 0.322 0.039
0.419029 0.056839 0.057161 0.529 0.302 0.027
0.417687 0.055109 0.056793 0.525 0.278 0.027
0.416340 0.053376 0.056424 0.525 0.278 0.027
0.414988 0.051641 0.056056 0.525 0.267 0.027
0.413632 0.049904 0.055688 0.522 0.263 0.024
0.412271 0.048165 0.055320 0.514 0.251 0.024
0.410906 0.046423 0.054953 0.514 0.251 0.024
0.409536 0.044678 0.054585 0.518 0.271 0.027
0.408719 0.042191 0.053803 0.529 0.282 0.039
0.407337 0.040441 0.053436 0.529 0.298 0.043
0.406504 0.037945 0.052654 0.518 0.286 0.031
0.405662 0.035445 0.051873 0.502 0.282 0.031
0.404263 0.033685 0.051506 0.498 0.282 0.039
0.403405 0.031176 0.050725 0.506 0.290 0.047
0.401449 0.030158 0.050772 0.514 0.318 0.075
0.399494 0.029139 0.050820 0.502 0.349 0.118
0.399157 0.025872 0.049625 0.498 0.384 0.231
0.398269 0.023347 0.048845 0.498 0.384 0.231
0.485013 0.074858 0.046790 0.478 0.482 0.467
0.483697 0.073143 0.046419 0.427 0.427 0.427
0.481102 0.072821 0.046885 0.392 0.404 0.400
0.478511 0.072501 0.047351 0.384 0.396 0.392
0.475925 0.072183 0.047817 0.384 0.396 0.392
0.472714 0.072569 0.048701 0.392 0.404 0.400
0.469511 0.072959 0.049585 0.384 0.396 0.392
0.466317 0.073355 0.050469 0.392 0.404 0.400
0.463133 0.073755 0.051352 0.388 0.400 0.396
0.459957 0.074160 0.052235 0.376 0.388 0.384
0.457410 0.073863 0.052700 0.400 0.416 0.396
0.454868 0.073568 0.053165 0.439 0.333 0.239
0.452330 0.073275 0.053630 0.522 0.322 0.098
0.449797 0.072985 0.054094 0.529 0.306 0.067
0.447268 0.072698 0.054559 0.537 0.314 0.075
0.444744 0.072412 0.055023 0.514 0.294 0.043
0.442225 0.072129 0.055488 0.533 0.286 0.043
0.440313 0.071134 0.055534 0.549 0.306 0.035
0.438401 0.070138 0.055580 0.561 0.337 0.043
0.436489 0.069142 0.055627 0.561 0.337 0.043
0.433981 0.068865 0.056091 0.549 0.325 0.031
0.432072 0.067870 0.056137 0.545 0.310 0.020
0.430162 0.066876 0.056183 0.549 0.310 0.031
0.428253 0.065881 0.056229 0.549 0.310 0.031
0.426343 0.064886 0.056276 0.545 0.306 0.027
0.425018 0.063167 0.055905 0.565 0.325 0.047
0.423106 0.062171 0.055951 0.561 0.333 0.051
0.421775 0.060448 0.055580 0.549 0.333 0.047
0.420439 0.058723 0.055209 0.549 0.333 0.047
0.419098 0.056995 0.054839 0.533 0.318 0.031
0.417752 0.055265 0.054468 0.529 0.282 0.024
0.416402 0.053532 0.054098 0.522 0.275 0.024
0.415048 0.051797 0.053727 0.525 0.267 0.027
0.413688 0.050059 0.053357 0.522 0.263 0.024
0.412325 0.048320 0.052987 0.514 0.251 0.024
0.410956 0.046577 0.052617 0.514 0.251 0.024
0.409583 0.044833 0.052247 0.518 0.271 0.027
0.408763 0.042347 0.051461 0.529 0.282 0.039
0.407379 0.040596 0.051091 0.522 0.290 0.035
0.406542 0.038102 0.050305 0.518 0.286 0.031
0.405697 0.035602 0.049519 0.502 0.290 0.027
0.404294 0.033842 0.049150 0.502 0.290 0.035
0.403433 0.031335 0.048365 0.506 0.294 0.039
0.401475 0.030315 0.048412 0.518 0.314 0.067
0.400058 0.028548 0.048043 0.506 0.333 0.094
0.399715 0.025281 0.046842 0.502 0.369 0.161
0.398285 0.023506 0.046473 0.502 0.369 0.161
0.487061 0.072985 0.043162 0.478 0.482 0.467
0.483818 0.073352 0.044051 0.447 0.451 0.435
0.481221 0.073028 0.044520 0.420 0.420 0.420
0.478629 0.072705 0.044988 0.392 0.392 0.392
0.476041 0.072386 0.045456 0.392 0.392 0.392
0.473458 0.072068 0.045924 0.396 0.396 0.396
0.470252 0.072454 0.046813 0.392 0.404 0.408
0.467055 0.072845 0.047702 0.396 0.408 0.404
0.463867 0.073241 0.048590 0.396 0.408 0.404
0.460689 0.073641 0.049478 0.388 0.400 0.396
0.458138 0.073341 0.049945 0.396 0.412 0.392
0.454975 0.073749 0.050833 0.439 0.333 0.247
0.452435 0.073455 0.051300 0.518 0.314 0.110
0.449901 0.073162 0.051767 0.525 0.302 0.071
0.447370 0.072872 0.052233 0.529 0.306 0.075
0.444844 0.072585 0.052700 0.522 0.286 0.051
0.442323 0.072300 0.053167 0.533 0.286 0.043
0.440409 0.071303 0.053213 0.545 0.298 0.039
0.438495 0.070306 0.053260 0.561 0.337 0.043
0.436581 0.069309 0.053306 0.549 0.325 0.031
0.434071 0.069029 0.053772 0.549 0.314 0.024
0.432159 0.068034 0.053819 0.545 0.310 0.020
0.430248 0.067038 0.053865 0.553 0.318 0.027
0.428336 0.066042 0.053911 0.545 0.306 0.027
0.426424 0.065046 0.053958 0.541 0.302 0.024
0.425096 0.063326 0.053584 0.549 0.306 0.035
0.423182 0.062329 0.053631 0.549 0.322 0.047
0.421848 0.060606 0.053258 0.553 0.337 0.051
0.420508 0.058881 0.052885 0.553 0.337 0.051
0.419165 0.057153 0.052512 0.549 0.333 0.047
0.417816 0.055422 0.052139 0.541 0.302 0.024
0.416463 0.053690 0.051766 0.525 0.278 0.020
0.415106 0.051954 0.051394 0.529 0.259 0.035
0.413744 0.050217 0.051021 0.525 0.255 0.031
0.412377 0.048477 0.050649 0.518 0.247 0.024
0.411006 0.046735 0.050277 0.525 0.255 0.031
0.409630 0.044990 0.049905 0.525 0.267 0.027
0.408250 0.043243 0.049533 0.537 0.278 0.039
0.407419 0.040754 0.048742 0.533 0.286 0.035
0.406579 0.038260 0.047951 0.529 0.298 0.043
0.405730 0.035762 0.047161 0.525 0.314 0.043
0.404325 0.034002 0.046790 0.510 0.310 0.035
0.402914 0.032239 0.046418 0.502 0.302 0.027
0.401499 0.030474 0.046047 0.510 0.318 0.055
0.400080 0.028707 0.045676 0.494 0.318 0.071
0.399733 0.025442 0.044468 0.502 0.353 0.133
0.398300 0.023667 0.044097 0.506 0.357 0.137
0.484576 0.072870 0.041256 0.431 0.431 0.431
0.481975 0.072541 0.041727 0.451 0.451 0.435
0.479379 0.072216 0.042198 0.455 0.455 0.439
0.476787 0.071893 0.042668 0.416 0.416 0.400
0.474200 0.071572 0.043139 0.384 0.380 0.380
0.470991 0.071953 0.044032 0.392 0.392 0.400
0.467791 0.072340 0.044925 0.392 0.392 0.400
0.464599 0.072731 0.045818 0.384 0.384 0.400
0.461417 0.073127 0.046711 0.400 0.400 0.416
0.458244 0.073528 0.047603 0.404 0.404 0.404
0.455696 0.073227 0.048073 0.424 0.325 0.255
0.453153 0.072929 0.048542 0.506 0.310 0.114
0.450614 0.072633 0.049012 0.522 0.294 0.075
0.448080 0.072340 0.049481 0.522 0.294 0.075
0.445550 0.072049 0.049950 0.522 0.286 0.059
0.443025 0.071760 0.050419 0.525 0.282 0.039
0.440504 0.071474 0.050888 0.529 0.282 0.039
0.438588 0.070476 0.050934 0.561 0.302 0.047
0.436671 0.069477 0.050981 0.557 0.298 0.043
0.434160 0.069196 0.051449 0.553 0.298 0.031
0.432246 0.068199 0.051496 0.549 0.306 0.035
0.430332 0.067202 0.051542 0.549 0.306 0.035
0.428418 0.066205 0.051589 0.541 0.298 0.027
0.426504 0.065208 0.051635 0.541 0.298 0.027
0.425173 0.063488 0.051260 0.541 0.298 0.027
0.423257 0.062490 0.051306 0.541 0.294 0.035
0.421919 0.060767 0.050931 0.549 0.310 0.039
0.420577 0.059041 0.050555 0.561 0.333 0.051
0.419230 0.057313 0.050180 0.557 0.329 0.047
0.417879 0.055582 0.049805 0.541 0.302 0.024
0.416523 0.053849 0.049430 0.525 0.278 0.020
0.415163 0.052114 0.049056 0.529 0.263 0.027
0.413798 0.050376 0.048681 0.529 0.263 0.027
0.412428 0.048636 0.048306 0.525 0.255 0.031
0.411054 0.046894 0.047932 0.525 0.255 0.031
0.409676 0.045149 0.047558 0.525 0.267 0.027
0.408292 0.043402 0.047183 0.533 0.275 0.035
0.407458 0.040914 0.046388 0.533 0.286 0.035
0.406615 0.038421 0.045593 0.541 0.310 0.047
0.405213 0.036664 0.045219 0.525 0.329 0.043
0.404354 0.034163 0.044425 0.506 0.314 0.035
0.402941 0.032401 0.044051 0.498 0.306 0.027
0.401523 0.030635 0.043678 0.506 0.314 0.051
0.400640 0.028123 0.042884 0.494 0.318 0.071
0.399749 0.025605 0.042090 0.502 0.345 0.133
0.398848 0.023082 0.041296 0.514 0.357 0.145
0.485332 0.072391 0.038452 0.314 0.314 0.322
0.482727 0.072060 0.038925 0.263 0.271 0.294
0.480127 0.071731 0.039399 0.455 0.455 0.439
0.477531 0.071404 0.039872 0.443 0.443 0.427
0.474311 0.071777 0.040770 0.431 0.431 0.408
0.471101 0.072156 0.041668 0.384 0.388 0.373
0.467899 0.072539 0.042565 0.396 0.396 0.396
0.464707 0.072927 0.043463 0.392 0.392 0.400
0.461524 0.073319 0.044360 0.396 0.396 0.404
0.458350 0.073717 0.045257 0.396 0.396 0.396
0.455800 0.073414 0.045729 0.424 0.329 0.267
0.453255 0.073113 0.046201 0.502 0.318 0.118
0.450715 0.072815 0.046673 0.522 0.306 0.071
0.448179 0.072520 0.047144 0.522 0.306 0.071
0.445647 0.072226 0.047615 0.525 0.302 0.063
0.443120 0.071936 0.048087 0.529 0.298 0.043
0.440598 0.071647 0.048558 0.529 0.282 0.031
0.438679 0.070648 0.048605 0.549 0.290 0.043
0.436761 0.069648 0.048651 0.549 0.290 0.043
0.434248 0.069365 0.049122 0.553 0.294 0.039
0.432331 0.068366 0.049169 0.553 0.298 0.031
0.430415 0.067368 0.049215 0.549 0.306 0.035
0.428498 0.066370 0.049261 0.541 0.298 0.027
0.426582 0.065372 0.049308 0.541 0.298 0.027
0.425249 0.063652 0.048930 0.549 0.306 0.035
0.423330 0.062652 0.048977 0.545 0.302 0.031
0.421989 0.060929 0.048599 0.553 0.310 0.039
0.420068 0.059928 0.048646 0.557 0.314 0.043
0.418721 0.058201 0.048268 0.549 0.310 0.039
0.417369 0.056472 0.047891 0.529 0.282 0.024
0.416013 0.054740 0.047514 0.541 0.282 0.027
0.414652 0.053006 0.047137 0.549 0.290 0.035
0.413286 0.051269 0.046760 0.537 0.278 0.024
0.411916 0.049530 0.046383 0.522 0.275 0.016
0.410541 0.047789 0.046006 0.518 0.271 0.020
0.409162 0.046045 0.045630 0.522 0.275 0.024
0.408334 0.043563 0.044830 0.525 0.278 0.027
0.407496 0.041076 0.044030 0.541 0.298 0.047
0.406649 0.038584 0.043230 0.533 0.325 0.035
0.405244 0.036827 0.042854 0.525 0.341 0.031
0.404382 0.034327 0.042055 0.494 0.302 0.024
0.402966 0.032564 0.041679 0.490 0.298 0.020
0.401545 0.030799 0.041304 0.498 0.302 0.051
0.400659 0.028287 0.040505 0.490 0.314 0.067
0.400301 0.025024 0.039284 0.490 0.333 0.122
0.398860 0.023248 0.038908 0.510 0.353 0.141
0.486085 0.071917 0.035639 0.314 0.325 0.329
0.483476 0.071582 0.036115 0.251 0.267 0.314
0.480872 0.071250 0.036590 0.365 0.361 0.388
0.478273 0.070919 0.037065 0.482 0.478 0.506
0.475050 0.071288 0.037968 0.455 0.455 0.431
0.471836 0.071662 0.038871 0.459 0.459 0.435
0.468631 0.072041 0.039773 0.455 0.455 0.431
0.465435 0.072424 0.040676 0.443 0.443 0.420
0.462249 0.072812 0.041577 0.435 0.435 0.412
0.459071 0.073205 0.042479 0.396 0.400 0.384
0.455903 0.073603 0.043381 0.373 0.314 0.267
0.453356 0.073300 0.043855 0.506 0.337 0.141
0.450814 0.073000 0.044329 0.533 0.341 0.071
0.448276 0.072702 0.044803 0.533 0.341 0.071
0.445743 0.072406 0.045276 0.522 0.322 0.047
0.443215 0.072113 0.045750 0.506 0.275 0.020
0.440691 0.071822 0.046224 0.529 0.259 0.043
0.438770 0.070822 0.046270 0.541 0.259 0.039
0.436849 0.069821 0.046317 0.545 0.263 0.043
0.434334 0.069535 0.046790 0.545 0.263 0.043
0.432415 0.068536 0.046837 0.545 0.278 0.035
0.430497 0.067537 0.046883 0.557 0.314 0.043
0.428578 0.066537 0.046930 0.569 0.329 0.051
0.426659 0.065538 0.046976 0.565 0.325 0.047
0.425323 0.063818 0.046596 0.561 0.337 0.043
0.423402 0.062817 0.046643 0.561 0.337 0.043
0.422059 0.061093 0.046263 0.549 0.310 0.031
0.420135 0.060092 0.046310 0.541 0.302 0.024
0.418785 0.058364 0.045930 0.537 0.278 0.024
0.417430 0.056635 0.045550 0.537 0.271 0.027
0.416071 0.054903 0.045171 0.541 0.282 0.035
0.414707 0.053168 0.044792 0.557 0.298 0.043
0.413339 0.051432 0.044413 0.557 0.298 0.043
0.411966 0.049693 0.044034 0.549 0.306 0.035
0.410588 0.047951 0.043655 0.545 0.306 0.035
0.409206 0.046207 0.043276 0.525 0.286 0.016
0.408374 0.043726 0.042471 0.522 0.278 0.020
0.407533 0.041240 0.041667 0.545 0.318 0.043
0.406682 0.038749 0.040863 0.529 0.337 0.031
0.405275 0.036992 0.040485 0.525 0.341 0.031
0.404408 0.034493 0.039681 0.498 0.298 0.024
0.402989 0.032730 0.039303 0.494 0.294 0.020
0.401566 0.030964 0.038925 0.494 0.290 0.043
0.400677 0.028453 0.038122 0.482 0.306 0.059
0.400314 0.025193 0.036894 0.490 0.333 0.122
0.398870 0.023417 0.036516 0.506 0.349 0.137
0.486199 0.072138 0.033247 0.271 0.294 0.294
0.483589 0.071801 0.033725 0.231 0.263 0.322
0.480983 0.071466 0.034202 0.196 0.227 0.302
0.478382 0.071134 0.034680 0.180 0.212 0.286
0.475785 0.070804 0.035158 0.220 0.231 0.306
0.472568 0.071173 0.036065 0.490 0.482 0.510
0.468737 0.072245 0.037402 0.490 0.490 0.475
0.465540 0.072625 0.038309 0.463 0.463 0.439
0.462352 0.073010 0.039215 0.467 0.467 0.443
0.459174 0.073399 0.040122 0.467 0.471 0.435
0.456618 0.073091 0.040598 0.357 0.306 0.255
0.453456 0.073489 0.041504 0.494 0.333 0.141
0.450912 0.073186 0.041980 0.525 0.341 0.071
0.448373 0.072886 0.042457 0.525 0.341 0.071
0.445838 0.072588 0.042933 0.514 0.325 0.035
0.443308 0.072293 0.043409 0.514 0.263 0.031
0.440782 0.072000 0.043885 0.525 0.239 0.039
0.438859 0.070998 0.043931 0.537 0.255 0.035
0.436936 0.069996 0.043978 0.549 0.267 0.047
0.434419 0.069708 0.044454 0.545 0.263 0.043
0.432498 0.068708 0.044500 0.541 0.271 0.047
0.430577 0.067707 0.044547 0.553 0.294 0.047
0.428656 0.066706 0.044593 0.565 0.325 0.047
0.426735 0.065706 0.044640 0.569 0.329 0.051
0.425396 0.063986 0.044258 0.565 0.341 0.047
0.423473 0.062984 0.044304 0.561 0.337 0.035
0.422126 0.061260 0.043922 0.545 0.302 0.031
0.420201 0.060257 0.043969 0.533 0.290 0.020
0.418848 0.058530 0.043587 0.537 0.271 0.027
0.417490 0.056800 0.043205 0.533 0.267 0.031
0.416128 0.055068 0.042824 0.541 0.275 0.031
0.414761 0.053333 0.042442 0.557 0.302 0.035
0.413390 0.051597 0.042061 0.561 0.306 0.039
0.412014 0.049857 0.041680 0.549 0.310 0.039
0.410633 0.048116 0.041298 0.541 0.314 0.039
0.409248 0.046372 0.040917 0.537 0.310 0.035
0.408413 0.043891 0.040108 0.529 0.302 0.027
0.407568 0.041406 0.039300 0.545 0.337 0.047
0.406164 0.039652 0.038919 0.529 0.337 0.031
0.405304 0.037159 0.038110 0.518 0.322 0.027
0.404434 0.034661 0.037302 0.502 0.290 0.020
0.403012 0.032898 0.036922 0.498 0.286 0.016
0.401586 0.031132 0.036542 0.494 0.290 0.043
0.400693 0.028622 0.035734 0.498 0.302 0.059
0.400327 0.025364 0.034499 0.486 0.322 0.106
0.398880 0.023587 0.034120 0.506 0.341 0.125
0.486312 0.072361 0.030850 0.282 0.294 0.298
0.483700 0.072022 0.031330 0.224 0.255 0.314
0.481093 0.071685 0.031810 0.176 0.216 0.286
0.478490 0.071350 0.032290 0.180 0.220 0.290
0.475891 0.071018 0.032770 0.169 0.204 0.286
0.472673 0.071384 0.033682 0.176 0.196 0.275
0.468841 0.072451 0.035026 0.290 0.294 0.353
0.465643 0.072828 0.035937 0.490 0.490 0.498
0.462455 0.073210 0.036849 0.502 0.502 0.510
0.459275 0.073596 0.037759 0.471 0.471 0.447
0.456718 0.073285 0.038238 0.353 0.314 0.259
0.453555 0.073680 0.039149 0.486 0.314 0.153
0.451009 0.073375 0.039628 0.537 0.345 0.075
0.448468 0.073072 0.040106 0.537 0.345 0.075
0.445932 0.072772 0.040585 0.518 0.306 0.035
0.443400 0.072475 0.041063 0.510 0.247 0.027
0.440872 0.072180 0.041541 0.522 0.235 0.035
0.438947 0.071177 0.041588 0.553 0.286 0.051
0.437021 0.070174 0.041635 0.573 0.306 0.071
0.434503 0.069883 0.042112 0.533 0.267 0.016
0.432580 0.068881 0.042159 0.537 0.271 0.035
0.430657 0.067880 0.042206 0.541 0.275 0.039
0.428733 0.066878 0.042252 0.557 0.298 0.051
0.426810 0.065876 0.042299 0.565 0.306 0.059
0.425468 0.064156 0.041915 0.565 0.341 0.047
0.423542 0.063153 0.041961 0.541 0.318 0.024
0.421617 0.062150 0.042008 0.537 0.271 0.035
0.420265 0.060425 0.041624 0.537 0.271 0.035
0.418909 0.058697 0.041240 0.541 0.263 0.031
0.417549 0.056967 0.040856 0.537 0.259 0.027
0.416184 0.055235 0.040472 0.541 0.263 0.031
0.414814 0.053500 0.040088 0.545 0.278 0.027
0.413440 0.051763 0.039705 0.557 0.290 0.039
0.412061 0.050024 0.039321 0.549 0.310 0.039
0.410677 0.048282 0.038938 0.545 0.318 0.035
0.409289 0.046538 0.038554 0.537 0.322 0.035
0.408450 0.044059 0.037741 0.529 0.314 0.027
0.407602 0.041574 0.036928 0.537 0.333 0.031
0.406196 0.039821 0.036545 0.518 0.325 0.020
0.405332 0.037328 0.035732 0.502 0.306 0.020
0.404458 0.034831 0.034919 0.498 0.286 0.016
0.403033 0.033068 0.034537 0.498 0.286 0.016
0.401604 0.031302 0.034154 0.498 0.286 0.031
0.400708 0.028793 0.033342 0.494 0.290 0.051
0.400337 0.025536 0.032100 0.494 0.314 0.094
0.398888 0.023760 0.031719 0.506 0.333 0.110
0.486424 0.072586 0.028449 0.341 0.353 0.349
0.484443 0.071555 0.028497 0.200 0.239 0.302
0.481832 0.071214 0.028979 0.149 0.204 0.282
0.479225 0.070876 0.029462 0.133 0.188 0.267
0.475996 0.071234 0.030378 0.122 0.176 0.263
0.472777 0.071597 0.031295 0.129 0.180 0.278
0.468945 0.072660 0.032645 0.110 0.161 0.267
0.465746 0.073033 0.033561 0.122 0.173 0.286
0.462556 0.073412 0.034477 0.098 0.149 0.263
0.459376 0.073794 0.035393 0.090 0.129 0.231
0.456817 0.073481 0.035874 0.239 0.204 0.224
0.453652 0.073873 0.036789 0.471 0.294 0.145
0.451105 0.073566 0.037270 0.518 0.314 0.067
0.448562 0.073261 0.037751 0.525 0.322 0.075
0.446024 0.072959 0.038232 0.514 0.294 0.035
0.443490 0.072659 0.038712 0.502 0.251 0.027
0.440961 0.072361 0.039193 0.525 0.255 0.031
0.439034 0.071357 0.039240 0.557 0.314 0.043
0.437106 0.070353 0.039287 0.573 0.329 0.059
0.434586 0.070060 0.039767 0.537 0.298 0.020
0.432660 0.069057 0.039814 0.522 0.275 0.016
0.430735 0.068054 0.039860 0.541 0.275 0.039
0.428809 0.067051 0.039907 0.553 0.286 0.051
0.426884 0.066048 0.039954 0.557 0.290 0.055
0.425539 0.064328 0.039567 0.565 0.325 0.047
0.423611 0.063324 0.039614 0.537 0.298 0.020
0.421683 0.062320 0.039660 0.533 0.267 0.031
0.420329 0.060594 0.039274 0.533 0.267 0.031
0.418970 0.058867 0.038888 0.537 0.259 0.027
0.417606 0.057137 0.038502 0.537 0.255 0.035
0.416238 0.055404 0.038116 0.537 0.259 0.027
0.414866 0.053670 0.037730 0.541 0.275 0.031
0.413488 0.051932 0.037344 0.553 0.286 0.043
0.412107 0.050193 0.036958 0.561 0.302 0.047
0.410720 0.048451 0.036572 0.553 0.314 0.035
0.409329 0.046707 0.036187 0.537 0.325 0.027
0.407934 0.044960 0.035801 0.537 0.333 0.031
0.407084 0.042478 0.034984 0.537 0.333 0.031
0.406226 0.039991 0.034166 0.518 0.325 0.020
0.405358 0.037499 0.033349 0.502 0.306 0.012
0.404481 0.035003 0.032531 0.502 0.290 0.020
0.403054 0.033240 0.032147 0.502 0.290 0.020
0.401621 0.031474 0.031762 0.498 0.286 0.031
0.400185 0.029706 0.031378 0.490 0.286 0.039
0.400347 0.025711 0.029697 0.494 0.314 0.094
0.398894 0.023934 0.029313 0.506 0.325 0.106
0.486535 0.072814 0.026043 0.361 0.373 0.369
0.484552 0.071781 0.026091 0.196 0.235 0.290
0.481938 0.071438 0.026576 0.137 0.192 0.271
0.479330 0.071098 0.027060 0.129 0.184 0.263
0.476100 0.071452 0.027982 0.106 0.157 0.255
0.472879 0.071812 0.028903 0.094 0.165 0.263
0.469047 0.072871 0.030260 0.086 0.157 0.263
0.465847 0.073241 0.031181 0.094 0.153 0.263
0.462656 0.073615 0.032101 0.090 0.149 0.259
0.459475 0.073995 0.033022 0.102 0.161 0.271
0.456914 0.073680 0.033505 0.208 0.188 0.235
0.454358 0.073367 0.033989 0.478 0.310 0.157
0.451807 0.073056 0.034472 0.510 0.314 0.063
0.449260 0.072748 0.034955 0.518 0.322 0.071
0.446718 0.072443 0.035438 0.514 0.294 0.035
0.444180 0.072139 0.035921 0.514 0.271 0.027
0.441648 0.071838 0.036404 0.525 0.278 0.035
0.439119 0.071540 0.036887 0.557 0.318 0.039
0.437189 0.070534 0.036934 0.573 0.333 0.055
0.434667 0.070240 0.037417 0.561 0.357 0.047
0.432740 0.069235 0.037463 0.557 0.353 0.035
0.430812 0.068231 0.037510 0.537 0.314 0.020
0.428884 0.067227 0.037557 0.533 0.286 0.027
0.426956 0.066223 0.037604 0.533 0.286 0.027
0.425028 0.065219 0.037650 0.549 0.302 0.043
0.423100 0.064214 0.037697 0.537 0.278 0.024
0.421748 0.062491 0.037308 0.533 0.267 0.031
0.419818 0.061486 0.037355 0.529 0.263 0.027
0.418458 0.059760 0.036967 0.537 0.259 0.027
0.417094 0.058031 0.036578 0.537 0.259 0.027
0.415725 0.056299 0.036190 0.537 0.259 0.027
0.414352 0.054566 0.035802 0.533 0.267 0.031
0.413536 0.052104 0.034978 0.537 0.271 0.035
0.412151 0.050364 0.034590 0.553 0.294 0.047
0.410762 0.048622 0.034203 0.545 0.306 0.035
0.409368 0.046877 0.033815 0.537 0.325 0.027
0.407970 0.045130 0.033427 0.537 0.333 0.024
0.407117 0.042649 0.032605 0.537 0.333 0.024
0.406255 0.040163 0.031783 0.525 0.333 0.020
0.405383 0.037673 0.030961 0.522 0.329 0.024
0.404503 0.035177 0.030139 0.498 0.302 0.016
0.403073 0.033414 0.029752 0.490 0.294 0.008
0.401637 0.031648 0.029365 0.486 0.286 0.027
0.400198 0.029879 0.028979 0.486 0.282 0.043
0.400356 0.025888 0.027289 0.490 0.290 0.067
0.399432 0.023370 0.026468 0.486 0.286 0.063
0.487912 0.071670 0.022754 0.404 0.416 0.412
0.484659 0.072009 0.023680 0.212 0.251 0.306
0.482044 0.071664 0.024167 0.145 0.188 0.271
0.479433 0.071321 0.024655 0.133 0.176 0.259
0.476203 0.071673 0.025580 0.094 0.153 0.247
0.472981 0.072029 0.026506 0.075 0.145 0.243
0.469148 0.073083 0.027871 0.071 0.141 0.247
0.465947 0.073450 0.028796 0.063 0.133 0.239
0.462755 0.073822 0.029721 0.063 0.133 0.239
0.459572 0.074198 0.030646 0.067 0.137 0.243
0.457010 0.073880 0.031132 0.157 0.169 0.243
0.454453 0.073565 0.031617 0.486 0.357 0.208
0.451900 0.073253 0.032103 0.510 0.325 0.063
0.449351 0.072942 0.032589 0.510 0.325 0.063
0.446807 0.072634 0.033074 0.510 0.310 0.043
0.444268 0.072329 0.033560 0.529 0.298 0.043
0.441733 0.072025 0.034045 0.541 0.298 0.047
0.439203 0.071725 0.034530 0.557 0.318 0.047
0.437271 0.070718 0.034577 0.565 0.325 0.055
0.434748 0.070421 0.035062 0.557 0.329 0.047
0.432818 0.069415 0.035109 0.561 0.337 0.043
0.430887 0.068410 0.035155 0.561 0.337 0.043
0.428957 0.067405 0.035202 0.545 0.322 0.027
0.427027 0.066399 0.035249 0.549 0.325 0.031
0.425097 0.065394 0.035296 0.537 0.314 0.020
0.423167 0.064389 0.035343 0.533 0.286 0.027
0.421811 0.062665 0.034952 0.533 0.275 0.035
0.419879 0.061659 0.034999 0.529 0.271 0.031
0.418517 0.059932 0.034608 0.537 0.259 0.027
0.417150 0.058203 0.034217 0.541 0.263 0.031
0.415778 0.056472 0.033827 0.541 0.263 0.031
0.414402 0.054738 0.033436 0.533 0.267 0.024
0.413021 0.053002 0.033046 0.541 0.275 0.031
0.412195 0.050537 0.032218 0.549 0.306 0.035
0.410802 0.048795 0.031828 0.553 0.314 0.035
0.409406 0.047050 0.031438 0.537 0.325 0.027
0.408004 0.045303 0.031048 0.533 0.329 0.020
0.407148 0.042823 0.030221 0.537 0.333 0.024
0.406282 0.040338 0.029395 0.525 0.333 0.020
0.405408 0.037848 0.028568 0.522 0.329 0.024
0.404524 0.035354 0.027742 0.502 0.306 0.020
0.403090 0.033590 0.027353 0.490 0.294 0.008
0.401652 0.031824 0.026964 0.482 0.271 0.008
0.400210 0.030055 0.026575 0.482 0.267 0.031
0.400896 0.025328 0.024440 0.482 0.275 0.055
0.398904 0.024290 0.024488 0.490 0.282 0.063
0.484764 0.072239 0.021265 0.239 0.278 0.306
0.482148 0.071892 0.021755 0.141 0.184 0.267
0.479536 0.071547 0.022244 0.129 0.173 0.255
0.476304 0.071895 0.023175 0.094 0.145 0.243
0.473081 0.072248 0.024105 0.071 0.141 0.239
0.469248 0.073298 0.025476 0.067 0.137 0.243
0.466046 0.073662 0.026406 0.063 0.133 0.239
0.462853 0.074030 0.027336 0.063 0.133 0.239
0.459669 0.074403 0.028265 0.059 0.129 0.235
0.457105 0.074083 0.028754 0.129 0.149 0.227
0.454546 0.073766 0.029242 0.471 0.345 0.204
0.451991 0.073451 0.029730 0.506 0.333 0.067
0.449441 0.073138 0.030218 0.510 0.337 0.071
0.446896 0.072828 0.030706 0.506 0.314 0.035
0.444355 0.072520 0.031193 0.525 0.306 0.039
0.441818 0.072215 0.031681 0.533 0.302 0.039
0.439286 0.071912 0.032168 0.553 0.314 0.043
0.437352 0.070904 0.032215 0.557 0.318 0.047
0.434827 0.070604 0.032703 0.553 0.314 0.043
0.432894 0.069598 0.032749 0.549 0.322 0.047
0.430962 0.068591 0.032796 0.557 0.333 0.039
0.429030 0.067585 0.032843 0.549 0.325 0.024
0.427097 0.066578 0.032890 0.557 0.333 0.031
0.425165 0.065571 0.032937 0.545 0.322 0.020
0.423232 0.064565 0.032984 0.537 0.298 0.027
0.421874 0.062842 0.032591 0.533 0.275 0.035
0.419939 0.061834 0.032637 0.533 0.275 0.035
0.418574 0.060107 0.032244 0.533 0.267 0.031
0.417204 0.058378 0.031852 0.537 0.271 0.035
0.415830 0.056646 0.031459 0.537 0.271 0.027
0.414451 0.054912 0.031066 0.541 0.282 0.035
0.413067 0.053176 0.030673 0.557 0.298 0.051
0.411679 0.051437 0.030281 0.557 0.318 0.047
0.410842 0.048970 0.029449 0.541 0.329 0.031
0.409442 0.047225 0.029057 0.541 0.329 0.031
0.408038 0.045478 0.028665 0.529 0.325 0.024
0.407178 0.042999 0.027833 0.529 0.325 0.024
0.406309 0.040515 0.027002 0.525 0.333 0.027
0.405431 0.038026 0.026171 0.518 0.333 0.024
0.404543 0.035532 0.025341 0.475 0.275 0.008
0.403646 0.033034 0.024510 0.467 0.267 0.000
0.402203 0.031266 0.024119 0.467 0.243 0.012
0.400756 0.029497 0.023728 0.482 0.263 0.039
0.400369 0.026248 0.022459 0.486 0.278 0.051
0.398907 0.024471 0.022068 0.486 0.278 0.051
0.485500 0.071786 0.018402 0.251 0.278 0.310
0.482879 0.071435 0.018894 0.145 0.188 0.271
0.479637 0.071775 0.019829 0.129 0.173 0.255
0.476404 0.072120 0.020765 0.082 0.141 0.243
0.473180 0.072469 0.021699 0.075 0.133 0.235
0.469346 0.073515 0.023078 0.063 0.133 0.239
0.466143 0.073875 0.024012 0.055 0.125 0.231
0.462949 0.074240 0.024946 0.055 0.125 0.231
0.459764 0.074610 0.025880 0.055 0.125 0.231
0.457199 0.074288 0.026371 0.086 0.129 0.220
0.454638 0.073968 0.026862 0.435 0.333 0.212
0.452081 0.073651 0.027352 0.506 0.341 0.063
0.449530 0.073336 0.027842 0.518 0.353 0.075
0.446982 0.073024 0.028332 0.506 0.325 0.027
0.444440 0.072714 0.028822 0.529 0.314 0.027
0.441902 0.072406 0.029312 0.541 0.314 0.031
0.439368 0.072101 0.029802 0.545 0.318 0.043
0.437431 0.071092 0.029849 0.545 0.318 0.043
0.434905 0.070790 0.030339 0.545 0.306 0.035
0.432970 0.069782 0.030386 0.549 0.322 0.047
0.431035 0.068774 0.030433 0.557 0.333 0.039
0.429101 0.067767 0.030479 0.565 0.341 0.039
0.427166 0.066759 0.030526 0.565 0.341 0.039
0.425231 0.065751 0.030573 0.565 0.341 0.031
0.423296 0.064743 0.030620 0.541 0.318 0.024
0.421935 0.063020 0.030225 0.537 0.278 0.031
0.419998 0.062011 0.030272 0.533 0.275 0.027
0.418630 0.060284 0.029877 0.537 0.271 0.027
0.417257 0.058555 0.029481 0.537 0.271 0.027
0.415880 0.056823 0.029086 0.541 0.275 0.031
0.414498 0.055089 0.028691 0.541 0.294 0.035
0.413111 0.053352 0.028297 0.553 0.306 0.047
0.411720 0.051613 0.027902 0.549 0.322 0.039
0.410880 0.049147 0.027066 0.541 0.329 0.031
0.409477 0.047402 0.026671 0.541 0.329 0.031
0.408070 0.045655 0.026277 0.533 0.322 0.024
0.407207 0.043177 0.025441 0.529 0.318 0.020
0.406334 0.040693 0.024605 0.529 0.325 0.024
0.405452 0.038205 0.023770 0.518 0.322 0.027
0.404561 0.035713 0.022935 0.475 0.263 0.008
0.403661 0.033215 0.022100 0.471 0.259 0.004
0.402215 0.031448 0.021706 0.482 0.259 0.027
0.400764 0.029678 0.021313 0.490 0.275 0.039
0.400374 0.026431 0.020037 0.482 0.282 0.051
0.401029 0.021701 0.017879 0.482 0.282 0.051
0.486233 0.071337 0.015530 0.302 0.329 0.353
0.482980 0.071669 0.016470 0.145 0.188 0.278
0.479737 0.072005 0.017410 0.129 0.173 0.263
0.476503 0.072347 0.018350 0.082 0.141 0.235
0.473278 0.072693 0.019289 0.075 0.133 0.235
0.469444 0.073734 0.020674 0.063 0.133 0.239
0.466239 0.074091 0.021613 0.055 0.125 0.231
0.463044 0.074453 0.022552 0.055 0.125 0.231
0.459858 0.074819 0.023491 0.047 0.118 0.224
0.457291 0.074495 0.023984 0.055 0.114 0.208
0.454729 0.074173 0.024477 0.357 0.263 0.157
0.452170 0.073853 0.024969 0.518 0.353 0.067
0.449617 0.073536 0.025462 0.525 0.361 0.075
0.447068 0.073222 0.025954 0.510 0.333 0.024
0.444524 0.072909 0.026447 0.529 0.325 0.024
0.441984 0.072599 0.026939 0.541 0.314 0.031
0.439449 0.072292 0.027431 0.545 0.318 0.035
0.437510 0.071282 0.027478 0.545 0.318 0.035
0.434981 0.070978 0.027970 0.545 0.306 0.027
0.433044 0.069969 0.028017 0.557 0.329 0.047
0.431107 0.068960 0.028064 0.561 0.337 0.043
0.429170 0.067951 0.028111 0.565 0.341 0.039
0.427233 0.066942 0.028158 0.569 0.345 0.043
0.425296 0.065933 0.028205 0.569 0.349 0.027
0.423359 0.064924 0.028252 0.557 0.333 0.024
0.421995 0.063200 0.027854 0.529 0.282 0.024
0.420056 0.062190 0.027901 0.541 0.275 0.031
0.418685 0.060463 0.027504 0.537 0.271 0.027
0.417309 0.058734 0.027107 0.537 0.271 0.027
0.415929 0.057002 0.026709 0.541 0.275 0.031
0.414544 0.055268 0.026312 0.545 0.298 0.039
0.413155 0.053531 0.025915 0.553 0.306 0.047
0.411761 0.051792 0.025518 0.549 0.322 0.039
0.410917 0.049326 0.024677 0.541 0.329 0.031
0.409511 0.047581 0.024281 0.537 0.325 0.027
0.408101 0.045834 0.023884 0.529 0.318 0.020
0.407234 0.043357 0.023044 0.522 0.310 0.012
0.406358 0.040874 0.022204 0.522 0.310 0.012
0.405473 0.038387 0.021364 0.514 0.298 0.020
0.404578 0.035896 0.020524 0.478 0.259 0.008
0.403675 0.033399 0.019685 0.486 0.267 0.016
0.402762 0.030898 0.018845 0.494 0.278 0.035
0.401306 0.029126 0.018450 0.490 0.286 0.039
0.400377 0.026617 0.017611 0.486 0.290 0.047
0.400498 0.022628 0.015885 0.486 0.290 0.047
0.486963 0.070892 0.012648 0.314 0.353 0.373
0.483707 0.071220 0.013593 0.149 0.192 0.282
0.479836 0.072238 0.014986 0.133 0.176 0.267
0.476601 0.072576 0.015930 0.082 0.141 0.235
0.473375 0.072918 0.016874 0.063 0.133 0.231
0.470158 0.073266 0.017818 0.059 0.129 0.227
0.466950 0.073618 0.018762 0.055 0.125 0.231
0.463752 0.073975 0.019706 0.047 0.118 0.224
0.460563 0.074337 0.020649 0.047 0.118 0.224
0.457382 0.074704 0.021592 0.063 0.122 0.224
0.454818 0.074380 0.022087 0.318 0.224 0.125
0.452258 0.074058 0.022582 0.514 0.365 0.063
0.449703 0.073739 0.023077 0.522 0.373 0.071
0.447153 0.073422 0.023572 0.525 0.349 0.031
0.444607 0.073107 0.024067 0.525 0.333 0.020
0.442065 0.072795 0.024561 0.533 0.318 0.031
0.439528 0.072485 0.025056 0.541 0.325 0.039
0.437587 0.071474 0.025103 0.537 0.322 0.035
0.435057 0.071167 0.025597 0.541 0.314 0.031
0.433118 0.070157 0.025644 0.561 0.337 0.043
0.431178 0.069147 0.025691 0.561 0.337 0.035
0.429239 0.068137 0.025738 0.565 0.353 0.039
0.427300 0.067127 0.025785 0.576 0.365 0.051
0.425360 0.066117 0.025832 0.580 0.373 0.039
0.423421 0.065107 0.025879 0.557 0.349 0.024
0.422054 0.063383 0.025480 0.545 0.310 0.020
0.420112 0.062371 0.025527 0.533 0.290 0.020
0.418738 0.060644 0.025127 0.525 0.282 0.012
0.417360 0.058915 0.024727 0.537 0.271 0.020
0.415977 0.057183 0.024328 0.541 0.275 0.024
0.414589 0.055448 0.023929 0.549 0.322 0.047
0.413197 0.053712 0.023529 0.557 0.329 0.055
0.411800 0.051972 0.023130 0.537 0.333 0.031
0.410952 0.049508 0.022285 0.537 0.333 0.031
0.409544 0.047763 0.021886 0.529 0.325 0.024
0.408131 0.046015 0.021487 0.522 0.310 0.012
0.407261 0.043539 0.020642 0.514 0.302 0.004
0.406381 0.041057 0.019798 0.502 0.286 0.000
0.405492 0.038571 0.018953 0.498 0.278 0.020
0.404594 0.036080 0.018109 0.482 0.263 0.012
0.403687 0.033585 0.017265 0.506 0.286 0.035
0.402771 0.031084 0.016421 0.486 0.302 0.024
0.401845 0.028579 0.015578 0.486 0.302 0.031
0.400911 0.026069 0.014734 0.482 0.294 0.043
0.400495 0.022818 0.013445 0.482 0.294 0.043
0.400593 0.018823 0.011711 0.482 0.298 0.090
0.483806 0.071458 0.011158 0.149 0.192 0.275
0.479933 0.072472 0.012557 0.133 0.176 0.259
0.476697 0.072807 0.013506 0.082 0.141 0.235
0.473470 0.073146 0.014455 0.063 0.133 0.231
0.470252 0.073490 0.015404 0.059 0.129 0.235
0.467044 0.073839 0.016352 0.047 0.118 0.224
0.463844 0.074193 0.017300 0.047 0.118 0.224
0.460654 0.074552 0.018248 0.039 0.114 0.227
0.457472 0.074915 0.019196 0.075 0.133 0.243
0.454906 0.074589 0.019693 0.247 0.153 0.090
0.452345 0.074265 0.020191 0.494 0.325 0.075
0.449788 0.073943 0.020688 0.502 0.333 0.082
0.447236 0.073624 0.021185 0.518 0.322 0.035
0.444688 0.073307 0.021682 0.529 0.314 0.035
0.442145 0.072992 0.022179 0.525 0.310 0.024
0.439607 0.072680 0.022676 0.541 0.329 0.031
0.437073 0.072371 0.023173 0.541 0.329 0.031
0.435131 0.071359 0.023220 0.541 0.329 0.031
0.433190 0.070348 0.023267 0.561 0.337 0.043
0.431248 0.069337 0.023314 0.557 0.345 0.039
0.429306 0.068325 0.023361 0.569 0.357 0.043
0.427365 0.067314 0.023408 0.576 0.365 0.051
0.425423 0.066303 0.023455 0.580 0.373 0.047
0.423481 0.065291 0.023502 0.565 0.341 0.031
0.422111 0.063567 0.023100 0.545 0.306 0.027
0.420168 0.062555 0.023147 0.549 0.290 0.035
0.418791 0.060828 0.022745 0.537 0.278 0.024
0.417409 0.059098 0.022344 0.541 0.275 0.024
0.416023 0.057366 0.021942 0.537 0.278 0.024
0.414633 0.055631 0.021540 0.557 0.345 0.047
0.413237 0.053894 0.021139 0.569 0.357 0.059
0.411838 0.052155 0.020738 0.545 0.353 0.039
0.410987 0.049691 0.019888 0.537 0.345 0.031
0.409575 0.047946 0.019486 0.525 0.322 0.012
0.408160 0.046198 0.019086 0.522 0.306 0.020
0.407286 0.043723 0.018236 0.514 0.298 0.012
0.406402 0.041242 0.017387 0.498 0.282 0.004
0.405510 0.038757 0.016538 0.494 0.275 0.016
0.404609 0.036267 0.015689 0.482 0.271 0.016
0.403698 0.033773 0.014841 0.510 0.298 0.043
0.402778 0.031273 0.013993 0.490 0.306 0.027
0.402382 0.028036 0.012696 0.478 0.306 0.024
0.401442 0.025526 0.011849 0.482 0.294 0.043
0.400492 0.023011 0.011001 0.478 0.290 0.039
0.401111 0.018282 0.008810 0.490 0.318 0.094
0.400659 0.015017 0.007515 0.486 0.361 0.227
0.483902 0.071699 0.008718 0.165 0.204 0.275
0.480654 0.072025 0.009671 0.141 0.180 0.251
0.476793 0.073040 0.011078 0.086 0.141 0.227
0.473564 0.073376 0.012031 0.071 0.129 0.231
0.470345 0.073717 0.012984 0.059 0.129 0.235
0.467136 0.074063 0.013937 0.047 0.118 0.224
0.463935 0.074413 0.014890 0.047 0.118 0.224
0.460744 0.074768 0.015843 0.039 0.114 0.227
0.457561 0.075128 0.016795 0.063 0.133 0.239
0.454994 0.074800 0.017295 0.216 0.133 0.082
0.452430 0.074473 0.017795 0.490 0.322 0.071
0.449872 0.074150 0.018294 0.494 0.325 0.075
0.447318 0.073828 0.018794 0.518 0.306 0.035
0.444769 0.073509 0.019293 0.525 0.306 0.039
0.442224 0.073192 0.019792 0.533 0.318 0.031
0.439684 0.072878 0.020292 0.549 0.337 0.031
0.437148 0.072566 0.020791 0.553 0.341 0.035
0.435204 0.071553 0.020838 0.541 0.329 0.024
0.433260 0.070541 0.020885 0.549 0.337 0.031
0.431316 0.069528 0.020932 0.549 0.337 0.031
0.429372 0.068516 0.020979 0.537 0.325 0.027
0.427429 0.067503 0.021026 0.537 0.325 0.027
0.425485 0.066491 0.021073 0.537 0.310 0.035
0.423541 0.065478 0.021120 0.529 0.282 0.024
0.422168 0.063754 0.020716 0.533 0.267 0.031
0.420222 0.062741 0.020763 0.541 0.259 0.039
0.418842 0.061013 0.020359 0.541 0.259 0.039
0.417458 0.059283 0.019955 0.541 0.259 0.039
0.416069 0.057551 0.019551 0.533 0.275 0.035
0.414675 0.055816 0.019148 0.561 0.349 0.043
0.413277 0.054079 0.018744 0.576 0.365 0.059
0.411874 0.052340 0.018340 0.565 0.376 0.035
0.411020 0.049877 0.017486 0.561 0.380 0.035
0.409606 0.048132 0.017083 0.541 0.361 0.024
0.408187 0.046384 0.016679 0.518 0.310 0.020
0.407310 0.043909 0.015825 0.502 0.294 0.004
0.406423 0.041430 0.014972 0.494 0.275 0.016
0.405527 0.038945 0.014118 0.475 0.267 0.055
0.404622 0.036456 0.013265 0.549 0.420 0.255
0.403708 0.033963 0.012412 0.545 0.416 0.251
0.403319 0.030734 0.011109 0.482 0.325 0.106
0.402384 0.028229 0.010256 0.478 0.310 0.059
0.401970 0.024987 0.008954 0.475 0.282 0.051
0.401015 0.022472 0.008102 0.475 0.282 0.051
0.400575 0.019216 0.006800 0.490 0.314 0.102
0.400645 0.015218 0.005047 0.482 0.353 0.204
0.484623 0.071260 0.005818 0.169 0.200 0.267
0.481371 0.071581 0.006777 0.145 0.176 0.243
0.477507 0.072591 0.008190 0.086 0.141 0.227
0.473657 0.073608 0.009603 0.067 0.125 0.227
0.470437 0.073945 0.010561 0.063 0.122 0.231
0.467226 0.074288 0.011518 0.047 0.118 0.224
0.464025 0.074635 0.012476 0.047 0.118 0.224
0.460832 0.074987 0.013433 0.039 0.114 0.227
0.457649 0.075344 0.014390 0.063 0.133 0.239
0.455079 0.075013 0.014892 0.149 0.094 0.071
0.452515 0.074684 0.015394 0.490 0.318 0.078
0.449954 0.074358 0.015896 0.494 0.322 0.082
0.447399 0.074034 0.016398 0.510 0.298 0.035
0.444848 0.073713 0.016899 0.525 0.306 0.047
0.442301 0.073394 0.017401 0.549 0.337 0.039
0.439760 0.073078 0.017902 0.553 0.349 0.031
0.437222 0.072763 0.018404 0.549 0.345 0.027
0.435276 0.071750 0.018451 0.545 0.341 0.024
0.433330 0.070736 0.018498 0.549 0.337 0.024
0.431384 0.069722 0.018545 0.541 0.329 0.024
0.429437 0.068708 0.018593 0.533 0.322 0.024
0.427491 0.067695 0.018640 0.529 0.318 0.020
0.425545 0.066681 0.018687 0.529 0.290 0.020
0.423599 0.065667 0.018734 0.525 0.278 0.035
0.422223 0.063943 0.018328 0.514 0.259 0.063
0.420274 0.062928 0.018375 0.518 0.298 0.153
0.418892 0.061201 0.017969 0.537 0.318 0.173
0.417505 0.059471 0.017562 0.529 0.263 0.063
0.416113 0.057738 0.017156 0.525 0.271 0.059
0.414716 0.056003 0.016750 0.553 0.337 0.051
0.413315 0.054266 0.016344 0.580 0.365 0.078
0.411910 0.052527 0.015938 0.561 0.380 0.035
0.411052 0.050065 0.015079 0.561 0.380 0.035
0.409635 0.048319 0.014674 0.541 0.369 0.031
0.408213 0.046571 0.014269 0.502 0.318 0.047
0.407332 0.044098 0.013410 0.471 0.286 0.016
0.406442 0.041619 0.012552 0.482 0.271 0.071
0.405543 0.039136 0.011694 0.486 0.310 0.169
0.404634 0.036648 0.010836 0.518 0.416 0.302
0.403717 0.034155 0.009979 0.522 0.420 0.306
0.403323 0.030928 0.008669 0.463 0.325 0.145
0.402385 0.028424 0.007812 0.478 0.306 0.067
0.401967 0.025184 0.006502 0.471 0.278 0.055
0.401535 0.021937 0.005193 0.478 0.286 0.063
0.400565 0.019416 0.004337 0.490 0.318 0.094
0.400630 0.015421 0.002576 0.482 0.353 0.196
0.485342 0.070826 0.002909 0.161 0.192 0.259
0.481464 0.071824 0.004330 0.149 0.180 0.247
0.477600 0.072829 0.005750 0.086 0.141 0.227
0.473749 0.073842 0.007170 0.067 0.125 0.227
0.470528 0.074176 0.008132 0.063 0.122 0.231
0.467316 0.074515 0.009094 0.047 0.118 0.224
0.464113 0.074859 0.010056 0.047 0.118 0.224
0.460920 0.075208 0.011018 0.039 0.114 0.227
0.457735 0.075561 0.011980 0.055 0.133 0.235
0.455164 0.075228 0.012484 0.125 0.086 0.078
0.452598 0.074897 0.012989 0.482 0.322 0.086
0.450036 0.074569 0.013493 0.482 0.322 0.086
0.447479 0.074243 0.013997 0.498 0.298 0.031
0.444926 0.073919 0.014501 0.525 0.306 0.055
0.442378 0.073598 0.015005 0.553 0.341 0.043
0.439834 0.073279 0.015509 0.553 0.349 0.039
0.437295 0.072963 0.016013 0.553 0.349 0.039
0.435347 0.071948 0.016060 0.545 0.341 0.024
0.433398 0.070933 0.016107 0.537 0.333 0.016
0.431450 0.069918 0.016154 0.541 0.329 0.024
0.429501 0.068903 0.016202 0.537 0.325 0.027
0.427553 0.067888 0.016249 0.533 0.322 0.024
0.425604 0.066873 0.016296 0.522 0.294 0.020
0.423656 0.065858 0.016343 0.518 0.267 0.055
0.422277 0.064134 0.015935 0.553 0.365 0.235
0.420326 0.063118 0.015982 0.667 0.494 0.384
0.418941 0.061390 0.015573 0.671 0.498 0.388
0.417550 0.059660 0.015165 0.635 0.467 0.369
0.416156 0.057928 0.014756 0.616 0.459 0.357
0.414756 0.056193 0.014348 0.580 0.431 0.290
0.413353 0.054455 0.013940 0.506 0.357 0.216
0.411944 0.052716 0.013532 0.541 0.373 0.122
0.411083 0.050255 0.012669 0.545 0.380 0.067
0.409663 0.048509 0.012261 0.537 0.384 0.153
0.408238 0.046761 0.011853 0.553 0.447 0.318
0.407354 0.044288 0.010990 0.537 0.431 0.302
0.406460 0.041811 0.010128 0.388 0.275 0.176
0.405557 0.039328 0.009265 0.565 0.451 0.353
0.404645 0.036841 0.008403 0.455 0.337 0.267
0.403724 0.034349 0.007541 0.541 0.424 0.353
0.403327 0.031124 0.006224 0.447 0.322 0.180
0.402916 0.027892 0.004908 0.467 0.282 0.075
0.401963 0.025383 0.004046 0.463 0.271 0.055
0.401526 0.022138 0.002730 0.482 0.290 0.075
0.401077 0.018885 0.001415 0.486 0.314 0.090
0.400613 0.015626 0.000100 0.475 0.345 0.188
0.485434 0.071075 0.000451 0.145 0.176 0.243
0.481556 0.072069 0.001878 0.149 0.180 0.247
0.477691 0.073070 0.003305 0.094 0.149 0.235
0.473840 0.074078 0.004732 0.067 0.125 0.227
0.470618 0.074409 0.005699 0.063 0.122 0.231
0.467404 0.074745 0.006666 0.047 0.118 0.224
0.464201 0.075085 0.007633 0.047 0.118 0.224
0.461006 0.075431 0.008599 0.039 0.114 0.227
0.457820 0.075781 0.009565 0.051 0.125 0.239
0.455248 0.075445 0.010072 0.114 0.090 0.114
0.452680 0.075112 0.010579 0.482 0.318 0.102
0.450116 0.074782 0.011085 0.482 0.318 0.102
0.447557 0.074454 0.011592 0.498 0.298 0.039
0.445003 0.074128 0.012098 0.518 0.286 0.039
0.442453 0.073804 0.012605 0.553 0.337 0.051
0.439907 0.073483 0.013111 0.549 0.345 0.035
0.437367 0.073164 0.013617 0.545 0.341 0.031
0.435416 0.072148 0.013664 0.545 0.341 0.031
0.433465 0.071132 0.013711 0.549 0.337 0.031
0.431514 0.070116 0.013759 0.541 0.329 0.024
0.429564 0.069100 0.013806 0.537 0.325 0.027
0.427613 0.068084 0.013853 0.537 0.325 0.027
0.425662 0.067068 0.013901 0.565 0.353 0.098
0.423711 0.066052 0.013948 0.659 0.478 0.357
0.422330 0.064327 0.013537 0.502 0.298 0.212
0.420377 0.063310 0.013584 0.502 0.275 0.176
0.418988 0.061582 0.013173 0.510 0.282 0.184
0.417595 0.059852 0.012763 0.545 0.325 0.231
0.416198 0.058119 0.012352 0.616 0.475 0.384
0.414795 0.056384 0.011942 0.518 0.412 0.325
0.413389 0.054647 0.011531 0.565 0.459 0.373
0.411977 0.052907 0.011121 0.518 0.408 0.290
0.410561 0.051165 0.010711 0.518 0.357 0.157
0.409689 0.048701 0.009843 0.576 0.447 0.298
0.408262 0.046953 0.009433 0.482 0.396 0.294
0.407374 0.044481 0.008566 0.514 0.427 0.325
0.406477 0.042004 0.007699 0.400 0.294 0.200
0.405570 0.039523 0.006832 0.573 0.459 0.361
0.404655 0.037036 0.005965 0.439 0.325 0.243
0.403730 0.034546 0.005099 0.549 0.435 0.353
0.403329 0.031322 0.003775 0.435 0.310 0.176
0.402914 0.028092 0.002452 0.455 0.271 0.071
0.402485 0.024855 0.001129 0.463 0.271 0.047
0.401517 0.022341 0.000263 0.490 0.298 0.075
0.401063 0.019091 -0.001059 0.471 0.298 0.075
0.400595 0.015833 -0.002381 0.467 0.337 0.188
0.400114 0.012568 -0.003703 0.412 0.380 0.325
0.485525 0.071327 -0.002012 0.161 0.192 0.251
0.481646 0.072316 -0.000578 0.149 0.180 0.239
0.477781 0.073313 0.000856 0.094 0.145 0.243
0.473929 0.074316 0.002290 0.067 0.125 0.227
0.470706 0.074644 0.003262 0.063 0.122 0.224
0.467492 0.074977 0.004233 0.043 0.114 0.220
0.464287 0.075314 0.005204 0.043 0.110 0.227
0.461091 0.075656 0.006175 0.043 0.110 0.227
0.457904 0.076003 0.007146 0.047 0.114 0.231
0.455330 0.075665 0.007655 0.133 0.110 0.169
0.452760 0.075330 0.008164 0.486 0.322 0.157
0.450195 0.074997 0.008673 0.486 0.318 0.129
0.447634 0.074666 0.009182 0.502 0.302 0.043
0.445078 0.074338 0.009691 0.518 0.286 0.039
0.442527 0.074012 0.010199 0.549 0.333 0.055
0.439980 0.073689 0.010708 0.549 0.337 0.039
0.437437 0.073368 0.011216 0.541 0.329 0.031
0.435484 0.072351 0.011264 0.541 0.329 0.024
0.433531 0.071334 0.011311 0.549 0.337 0.031
0.431578 0.070316 0.011358 0.549 0.337 0.031
0.429625 0.069299 0.011406 0.541 0.329 0.031
0.427672 0.068282 0.011453 0.537 0.325 0.027
0.425719 0.067264 0.011500 0.651 0.455 0.259
0.423766 0.066247 0.011548 0.592 0.412 0.306
0.422381 0.064522 0.011135 0.518 0.278 0.184
0.420426 0.063504 0.011182 0.510 0.267 0.149
0.419035 0.061776 0.010769 0.510 0.267 0.149
0.417639 0.060046 0.010356 0.502 0.290 0.196
0.416238 0.058313 0.009943 0.576 0.471 0.384
0.414833 0.056577 0.009531 0.557 0.471 0.376
0.413423 0.054840 0.009118 0.467 0.380 0.286
0.412009 0.053100 0.008706 0.573 0.451 0.345
0.410590 0.051358 0.008293 0.502 0.353 0.196
0.409715 0.048895 0.007421 0.486 0.361 0.227
0.408284 0.047147 0.007009 0.529 0.443 0.341
0.407393 0.044676 0.006137 0.525 0.439 0.337
0.406492 0.042200 0.005265 0.412 0.325 0.231
0.405582 0.039719 0.004394 0.557 0.463 0.357
0.404663 0.037234 0.003523 0.498 0.392 0.290
0.403735 0.034744 0.002652 0.533 0.427 0.325
0.403330 0.031523 0.001321 0.443 0.282 0.145
0.402911 0.028295 -0.000009 0.459 0.259 0.075
0.402478 0.025059 -0.001339 0.478 0.298 0.071
0.402031 0.021817 -0.002668 0.490 0.310 0.082
0.401048 0.019298 -0.003538 0.463 0.290 0.059
0.400576 0.016042 -0.004867 0.459 0.329 0.180
0.400609 0.012046 -0.006654 0.416 0.376 0.322
0.485614 0.071580 -0.004479 0.200 0.235 0.282
0.481735 0.072565 -0.003038 0.145 0.180 0.227
0.477869 0.073558 -0.001597 0.094 0.145 0.243
0.474017 0.074557 -0.000157 0.067 0.125 0.220
0.470793 0.074881 0.000820 0.063 0.122 0.224
0.467578 0.075210 0.001796 0.043 0.114 0.220
0.464372 0.075544 0.002772 0.043 0.110 0.227
0.461175 0.075883 0.003747 0.039 0.106 0.224
0.457987 0.076226 0.004723 0.047 0.114 0.231
0.455411 0.075887 0.005234 0.125 0.114 0.176
0.452839 0.075549 0.005745 0.455 0.294 0.149
0.450273 0.075214 0.006257 0.443 0.282 0.137
0.447710 0.074881 0.006768 0.506 0.282 0.051
0.445152 0.074551 0.007279 0.510 0.275 0.039
0.442599 0.074223 0.007790 0.525 0.278 0.047
0.440051 0.073897 0.008301 0.529 0.286 0.043
0.437507 0.073574 0.008811 0.529 0.286 0.043
0.435551 0.072555 0.008859 0.533 0.286 0.035
0.433596 0.071537 0.008906 0.545 0.298 0.039
0.431640 0.070518 0.008954 0.549 0.302 0.043
0.429685 0.069500 0.009001 0.537 0.306 0.059
0.427730 0.068481 0.009048 0.522 0.290 0.043
0.425774 0.067463 0.009096 0.525 0.345 0.224
0.424389 0.065740 0.008680 0.529 0.357 0.247
0.422432 0.064720 0.008728 0.498 0.259 0.157
0.420474 0.063700 0.008775 0.494 0.267 0.161
0.419080 0.061972 0.008360 0.604 0.376 0.271
0.417681 0.060241 0.007945 0.576 0.451 0.365
0.416277 0.058508 0.007530 0.537 0.486 0.400
0.414869 0.056773 0.007115 0.541 0.455 0.361
0.413457 0.055035 0.006700 0.439 0.353 0.259
0.412040 0.053295 0.006286 0.600 0.455 0.337
0.410618 0.051553 0.005871 0.553 0.412 0.267
0.409739 0.049091 0.004994 0.529 0.420 0.302
0.408306 0.047343 0.004580 0.478 0.404 0.306
0.407411 0.044873 0.003703 0.518 0.443 0.345
0.406507 0.042398 0.002827 0.427 0.294 0.200
0.405593 0.039918 0.001951 0.463 0.290 0.180
0.404671 0.037434 0.001076 0.478 0.306 0.180
0.403739 0.034945 0.000200 0.467 0.294 0.169
0.403329 0.031726 -0.001137 0.459 0.275 0.118
0.402906 0.028499 -0.002474 0.463 0.267 0.071
0.402469 0.025266 -0.003811 0.475 0.294 0.067
0.402018 0.022025 -0.005147 0.471 0.290 0.063
0.401032 0.019507 -0.006021 0.463 0.282 0.063
0.400556 0.016254 -0.007357 0.459 0.329 0.180
0.400584 0.012260 -0.009153 0.416 0.376 0.322
0.485703 0.071836 -0.006951 0.235 0.275 0.302
0.481823 0.072817 -0.005503 0.145 0.184 0.212
0.477957 0.073804 -0.004055 0.094 0.149 0.235
0.474104 0.074799 -0.002608 0.067 0.125 0.220
0.470879 0.075120 -0.001627 0.063 0.122 0.224
0.467662 0.075446 -0.000646 0.043 0.114 0.220
0.464455 0.075777 0.000334 0.039 0.106 0.224
0.461257 0.076112 0.001314 0.039 0.106 0.224
0.458069 0.076452 0.002294 0.043 0.110 0.227
0.455491 0.076110 0.002808 0.098 0.110 0.192
0.452918 0.075771 0.003322 0.443 0.290 0.176
0.450349 0.075433 0.003836 0.424 0.271 0.157
0.447785 0.075098 0.004349 0.506 0.286 0.063
0.445225 0.074765 0.004862 0.510 0.278 0.031
0.442671 0.074435 0.005376 0.514 0.271 0.027
0.440120 0.074107 0.005889 0.522 0.259 0.039
0.437575 0.073782 0.006402 0.525 0.263 0.043
0.435617 0.072762 0.006449 0.529 0.267 0.039
0.433659 0.071743 0.006497 0.537 0.275 0.047
0.431702 0.070723 0.006544 0.541 0.282 0.035
0.429744 0.069703 0.006592 0.529 0.278 0.067
0.427786 0.068683 0.006639 0.584 0.333 0.122
0.425829 0.067664 0.006687 0.459 0.294 0.184
0.424441 0.065940 0.006269 0.537 0.365 0.255
0.422481 0.064919 0.006317 0.486 0.267 0.173
0.420521 0.063898 0.006364 0.565 0.361 0.275
0.419124 0.062170 0.005947 0.553 0.349 0.263
0.417722 0.060439 0.005529 0.573 0.478 0.388
0.416315 0.058706 0.005112 0.549 0.494 0.420
0.414905 0.056971 0.004695 0.553 0.447 0.353
0.413489 0.055233 0.004278 0.455 0.349 0.255
0.412069 0.053493 0.003861 0.584 0.431 0.318
0.410644 0.051750 0.003444 0.565 0.424 0.278
0.409215 0.050005 0.003027 0.522 0.376 0.251
0.408326 0.047541 0.002146 0.580 0.459 0.345
0.407427 0.045072 0.001265 0.498 0.376 0.263
0.406520 0.042598 0.000385 0.463 0.282 0.176
0.405603 0.040119 -0.000496 0.475 0.278 0.153
0.404677 0.037636 -0.001376 0.486 0.298 0.161
0.403742 0.035147 -0.002256 0.475 0.286 0.149
0.403328 0.031930 -0.003600 0.459 0.275 0.110
0.402901 0.028706 -0.004944 0.463 0.267 0.071
0.402459 0.025475 -0.006287 0.478 0.286 0.063
0.402005 0.022236 -0.007630 0.475 0.282 0.059
0.401014 0.019719 -0.008509 0.471 0.275 0.071
0.400534 0.016467 -0.009851 0.467 0.322 0.196
0.400040 0.013208 -0.011193 0.412 0.376 0.310
0.485790 0.072094 -0.009428 0.290 0.318 0.341
0.481909 0.073070 -0.007973 0.110 0.165 0.243
0.478660 0.073376 -0.006987 0.094 0.149 0.227
0.474805 0.074365 -0.005532 0.067 0.125 0.220
0.470963 0.075362 -0.004078 0.063 0.122 0.224
0.467746 0.075684 -0.003093 0.043 0.114 0.220
0.464538 0.076012 -0.002108 0.039 0.106 0.224
0.461339 0.076344 -0.001123 0.039 0.106 0.224
0.458149 0.076681 -0.000138 0.039 0.106 0.224
0.455569 0.076336 0.000378 0.086 0.106 0.184
0.452995 0.075994 0.000894 0.420 0.271 0.165
0.450424 0.075654 0.001410 0.416 0.267 0.161
0.447859 0.075317 0.001926 0.518 0.302 0.067
0.445297 0.074982 0.002441 0.506 0.286 0.027
0.442741 0.074650 0.002957 0.514 0.271 0.027
0.440189 0.074320 0.003472 0.510 0.247 0.027
0.437641 0.073992 0.003988 0.522 0.259 0.039
0.435681 0.072971 0.004035 0.529 0.267 0.047
0.433721 0.071950 0.004083 0.529 0.267 0.039
0.431762 0.070929 0.004130 0.518 0.247 0.024
0.429802 0.069908 0.004178 0.514 0.259 0.082
0.427842 0.068888 0.004225 0.592 0.337 0.161
0.425882 0.067867 0.004273 0.408 0.251 0.149
0.424491 0.066143 0.003853 0.502 0.325 0.235
0.422529 0.065121 0.003901 0.439 0.263 0.165
0.420566 0.064099 0.003948 0.565 0.439 0.353
0.419166 0.062370 0.003529 0.576 0.451 0.365
0.417762 0.060639 0.003109 0.451 0.353 0.275
0.416352 0.058906 0.002689 0.580 0.490 0.408
0.414939 0.057171 0.002270 0.467 0.329 0.220
0.413520 0.055433 0.001851 0.486 0.349 0.239
0.412097 0.053692 0.001432 0.612 0.459 0.329
0.410670 0.051950 0.001013 0.522 0.373 0.224
0.409238 0.050204 0.000594 0.498 0.314 0.149
0.408345 0.047741 -0.000292 0.494 0.310 0.153
0.407443 0.045273 -0.001177 0.490 0.306 0.149
0.406532 0.042800 -0.002062 0.475 0.271 0.122
0.405611 0.040322 -0.002947 0.490 0.278 0.122
0.404682 0.037840 -0.003832 0.494 0.286 0.118
0.403743 0.035352 -0.004717 0.486 0.278 0.110
0.403325 0.032137 -0.006067 0.478 0.278 0.102
0.402894 0.028915 -0.007418 0.475 0.278 0.075
0.401923 0.026411 -0.008302 0.475 0.282 0.059
0.401466 0.023175 -0.009651 0.471 0.278 0.055
0.400996 0.019933 -0.011001 0.463 0.267 0.071
0.400512 0.016683 -0.012350 0.486 0.361 0.235
0.485876 0.072354 -0.011909 0.349 0.361 0.357
0.481995 0.073325 -0.010447 0.122 0.161 0.224
0.478744 0.073628 -0.009456 0.110 0.149 0.212
0.475503 0.073935 -0.008466 0.075 0.129 0.216
0.471659 0.074926 -0.007005 0.067 0.118 0.224
0.467828 0.075924 -0.005544 0.043 0.114 0.220
0.464619 0.076248 -0.004554 0.039 0.106 0.224
0.461419 0.076577 -0.003565 0.035 0.102 0.220
0.458228 0.076911 -0.002576 0.039 0.106 0.224
0.455647 0.076564 -0.002057 0.075 0.102 0.188
0.453070 0.076220 -0.001539 0.396 0.259 0.157
0.450498 0.075878 -0.001021 0.431 0.294 0.192
0.447931 0.075538 -0.000502 0.510 0.325 0.055
0.445368 0.075201 0.000016 0.522 0.314 0.031
0.442810 0.074867 0.000534 0.518 0.275 0.031
0.440256 0.074534 0.001052 0.502 0.227 0.031
0.437707 0.074204 0.001569 0.506 0.231 0.035
0.435745 0.073182 0.001617 0.533 0.247 0.047
0.433783 0.072160 0.001664 0.518 0.231 0.031
0.431820 0.071138 0.001712 0.525 0.227 0.031
0.429858 0.070116 0.001760 0.506 0.243 0.086
0.427896 0.069094 0.001807 0.506 0.243 0.086
0.425934 0.068072 0.001855 0.549 0.384 0.259
0.424540 0.066348 0.001433 0.486 0.337 0.231
0.422575 0.065325 0.001480 0.580 0.455 0.361
0.420611 0.064301 0.001528 0.557 0.482 0.384
0.419208 0.062573 0.001106 0.573 0.498 0.400
0.417800 0.060842 0.000684 0.447 0.314 0.235
0.416388 0.059108 0.000262 0.580 0.475 0.380
0.414971 0.057373 -0.000159 0.486 0.341 0.224
0.413550 0.055635 -0.000581 0.502 0.357 0.239
0.412124 0.053894 -0.001002 0.604 0.459 0.325
0.410694 0.052151 -0.001423 0.529 0.361 0.208
0.409259 0.050406 -0.001844 0.498 0.290 0.122
0.408362 0.047943 -0.002735 0.510 0.302 0.133
0.407457 0.045476 -0.003624 0.498 0.290 0.122
0.406542 0.043004 -0.004514 0.482 0.267 0.102
0.405618 0.040527 -0.005404 0.486 0.271 0.098
0.404685 0.038046 -0.006293 0.490 0.275 0.102
0.403743 0.035559 -0.007182 0.486 0.271 0.098
0.402792 0.033068 -0.008071 0.482 0.278 0.082
0.402358 0.029849 -0.009428 0.482 0.278 0.075
0.401386 0.027347 -0.010316 0.471 0.278 0.063
0.400928 0.024115 -0.011673 0.455 0.267 0.086
0.400456 0.020875 -0.013029 0.455 0.267 0.086
0.399970 0.017629 -0.014385 0.475 0.388 0.286
0.482079 0.073583 -0.012925 0.239 0.200 0.192
0.478828 0.073882 -0.011930 0.173 0.133 0.125
0.475585 0.074186 -0.010935 0.082 0.125 0.208
0.471740 0.075173 -0.009467 0.067 0.118 0.216
0.468519 0.075488 -0.008473 0.043 0.114 0.212
0.465306 0.075807 -0.007478 0.039 0.110 0.216
0.462102 0.076131 -0.006484 0.039 0.110 0.216
0.458908 0.076460 -0.005490 0.039 0.106 0.224
0.456323 0.076110 -0.004969 0.071 0.106 0.196
0.453742 0.075763 -0.004449 0.392 0.251 0.161
0.451166 0.075417 -0.003928 0.447 0.306 0.216
0.448595 0.075074 -0.003407 0.502 0.329 0.055
0.446028 0.074734 -0.002887 0.514 0.318 0.024
0.443466 0.074395 -0.002367 0.522 0.278 0.027
0.440908 0.074060 -0.001846 0.506 0.220 0.035
0.438355 0.073726 -0.001326 0.510 0.224 0.039
0.436389 0.072702 -0.001279 0.525 0.239 0.055
0.434422 0.071677 -0.001231 0.510 0.224 0.031
0.432455 0.070653 -0.001183 0.522 0.224 0.035
0.430488 0.069628 -0.001136 0.514 0.243 0.071
0.428521 0.068604 -0.001088 0.525 0.255 0.082
0.426554 0.067579 -0.001040 0.596 0.420 0.278
0.424587 0.066555 -0.000992 0.518 0.400 0.275
0.422621 0.065530 -0.000945 0.576 0.451 0.357
0.420654 0.064506 -0.000897 0.584 0.490 0.400
0.419248 0.062777 -0.001321 0.533 0.439 0.349
0.417838 0.061046 -0.001745 0.463 0.302 0.220
0.416423 0.059313 -0.002169 0.616 0.447 0.357
0.415003 0.057577 -0.002593 0.514 0.365 0.259
0.413579 0.055838 -0.003017 0.541 0.392 0.286
0.412150 0.054098 -0.003440 0.494 0.341 0.220
0.410717 0.052355 -0.003864 0.518 0.310 0.141
0.409279 0.050609 -0.004287 0.502 0.278 0.082
0.408379 0.048148 -0.005182 0.506 0.275 0.082
0.407470 0.045681 -0.006076 0.498 0.267 0.075
0.406552 0.043210 -0.006970 0.486 0.255 0.071
0.405624 0.040734 -0.007864 0.490 0.267 0.078
0.404688 0.038254 -0.008758 0.486 0.275 0.082
0.403742 0.035768 -0.009652 0.486 0.275 0.082
0.402787 0.033278 -0.010545 0.482 0.271 0.078
0.402350 0.030061 -0.011909 0.482 0.278 0.082
0.401374 0.027560 -0.012802 0.463 0.275 0.094
0.400390 0.025054 -0.013694 0.463 0.369 0.263
0.399915 0.021818 -0.015058 0.490 0.396 0.290
0.399428 0.018575 -0.016420 0.420 0.408 0.353
0.482162 0.073843 -0.015409 0.341 0.271 0.235
0.478909 0.074139 -0.014409 0.345 0.275 0.239
0.475666 0.074439 -0.013409 0.169 0.090 0.094
0.471821 0.075422 -0.011934 0.098 0.110 0.184
0.468598 0.075733 -0.010935 0.071 0.125 0.212
0.465384 0.076049 -0.009936 0.043 0.114 0.204
0.462784 0.075690 -0.009413 0.039 0.110 0.200
0.459586 0.076014 -0.008414 0.039 0.110 0.216
0.456997 0.075661 -0.007891 0.063 0.102 0.204
0.453815 0.075993 -0.006893 0.310 0.180 0.122
0.451238 0.075646 -0.006370 0.424 0.294 0.235
0.448664 0.075301 -0.005847 0.490 0.298 0.067
0.446096 0.074958 -0.005324 0.506 0.294 0.031
0.443532 0.074617 -0.004801 0.510 0.275 0.047
0.440973 0.074279 -0.004279 0.471 0.212 0.047
0.439001 0.073253 -0.004231 0.471 0.212 0.047
0.437030 0.072226 -0.004183 0.502 0.243 0.094
0.434480 0.071892 -0.003661 0.494 0.231 0.082
0.432511 0.070867 -0.003613 0.510 0.227 0.078
0.430541 0.069841 -0.003565 0.529 0.259 0.086
0.428572 0.068815 -0.003518 0.549 0.278 0.106
0.426603 0.067790 -0.003470 0.514 0.267 0.106
0.424634 0.066764 -0.003422 0.545 0.365 0.243
0.422665 0.065738 -0.003374 0.561 0.459 0.345
0.420696 0.064713 -0.003327 0.447 0.322 0.235
0.419287 0.062984 -0.003753 0.427 0.302 0.216
0.417874 0.061253 -0.004179 0.471 0.314 0.220
0.416456 0.059519 -0.004605 0.541 0.404 0.302
0.415033 0.057783 -0.005031 0.580 0.427 0.314
0.413606 0.056045 -0.005457 0.502 0.349 0.235
0.412175 0.054304 -0.005883 0.506 0.314 0.153
0.410738 0.052561 -0.006309 0.522 0.302 0.094
0.409297 0.050815 -0.006734 0.506 0.278 0.075
0.408394 0.048354 -0.007634 0.502 0.275 0.071
0.407482 0.045889 -0.008532 0.486 0.259 0.055
0.406560 0.043419 -0.009431 0.494 0.267 0.063
0.405629 0.040944 -0.010330 0.502 0.271 0.078
0.404689 0.038464 -0.011228 0.494 0.271 0.075
0.403740 0.035979 -0.012126 0.490 0.267 0.071
0.402781 0.033490 -0.013024 0.482 0.271 0.071
0.401814 0.030996 -0.013921 0.478 0.271 0.086
0.400837 0.028497 -0.014819 0.447 0.314 0.184
0.399851 0.025994 -0.015716 0.455 0.408 0.337
0.399375 0.022761 -0.017086 0.463 0.416 0.345
0.398886 0.019520 -0.018455 0.412 0.404 0.365
0.482244 0.074105 -0.017897 0.431 0.400 0.345
0.478990 0.074397 -0.016892 0.431 0.400 0.345
0.475746 0.074695 -0.015888 0.365 0.282 0.216
0.472510 0.074997 -0.014884 0.388 0.271 0.208
0.469284 0.075304 -0.013880 0.263 0.180 0.161
0.466067 0.075615 -0.012876 0.149 0.145 0.180
0.463462 0.075252 -0.012350 0.149 0.145 0.180
0.460261 0.075572 -0.011347 0.114 0.153 0.216
0.457069 0.075897 -0.010344 0.106 0.137 0.212
0.454483 0.075544 -0.009819 0.247 0.141 0.110
0.451901 0.075193 -0.009293 0.376 0.271 0.239
0.449324 0.074844 -0.008768 0.478 0.286 0.071
0.446752 0.074498 -0.008243 0.494 0.278 0.043
0.444184 0.074154 -0.007718 0.494 0.271 0.075
0.441621 0.073812 -0.007193 0.561 0.396 0.271
0.439645 0.072783 -0.007145 0.557 0.392 0.267
0.437088 0.072445 -0.006620 0.514 0.357 0.255
0.435115 0.071417 -0.006572 0.502 0.333 0.235
0.433141 0.070389 -0.006524 0.549 0.325 0.208
0.431167 0.069361 -0.006476 0.518 0.255 0.090
0.429193 0.068333 -0.006429 0.525 0.263 0.098
0.426651 0.068002 -0.005904 0.533 0.275 0.098
0.424679 0.066975 -0.005856 0.494 0.271 0.137
0.422708 0.065948 -0.005808 0.565 0.396 0.298
0.421299 0.064221 -0.006237 0.624 0.486 0.384
0.419325 0.063193 -0.006189 0.627 0.490 0.388
0.417909 0.061461 -0.006618 0.627 0.490 0.388
0.416488 0.059727 -0.007046 0.604 0.447 0.353
0.415062 0.057991 -0.007474 0.463 0.286 0.153
0.413632 0.056253 -0.007903 0.510 0.333 0.200
0.412198 0.054512 -0.008331 0.506 0.310 0.114
0.410759 0.052769 -0.008758 0.514 0.286 0.075
0.409315 0.051023 -0.009186 0.506 0.278 0.067
0.408408 0.048563 -0.010090 0.506 0.278 0.075
0.406953 0.046811 -0.010517 0.494 0.267 0.063
0.406030 0.044343 -0.011421 0.494 0.267 0.063
0.405098 0.041870 -0.012324 0.502 0.278 0.082
0.404157 0.039393 -0.013227 0.482 0.267 0.086
0.403206 0.036910 -0.014129 0.471 0.255 0.075
0.402247 0.034423 -0.015031 0.514 0.341 0.216
0.401278 0.031931 -0.015934 0.494 0.424 0.345
0.400300 0.029435 -0.016836 0.447 0.424 0.373
0.399313 0.026933 -0.017737 0.431 0.424 0.384
0.398835 0.023703 -0.019114 0.431 0.424 0.384
0.482324 0.074369 -0.020389 0.427 0.404 0.353
0.479070 0.074658 -0.019380 0.427 0.404 0.353
0.475824 0.074952 -0.018371 0.443 0.396 0.325
0.472587 0.075251 -0.017362 0.404 0.314 0.239
0.469360 0.075554 -0.016354 0.376 0.247 0.180
0.466747 0.075186 -0.015825 0.341 0.251 0.176
0.463536 0.075497 -0.014817 0.282 0.192 0.118
0.460334 0.075814 -0.013809 0.169 0.129 0.129
0.457739 0.075455 -0.013281 0.165 0.145 0.192
0.455149 0.075098 -0.012753 0.243 0.122 0.086
0.452563 0.074744 -0.012226 0.380 0.259 0.224
0.449982 0.074391 -0.011698 0.471 0.275 0.078
0.447406 0.074042 -0.011170 0.486 0.259 0.047
0.444834 0.073694 -0.010643 0.463 0.259 0.102
0.442266 0.073349 -0.010116 0.533 0.459 0.361
0.439704 0.073007 -0.009588 0.545 0.471 0.373
0.437146 0.072667 -0.009061 0.510 0.475 0.408
0.435170 0.071637 -0.009013 0.525 0.478 0.416
0.433194 0.070608 -0.008965 0.588 0.459 0.392
0.431218 0.069579 -0.008918 0.502 0.251 0.118
0.429242 0.068550 -0.008870 0.502 0.251 0.118
0.426697 0.068217 -0.008343 0.514 0.255 0.078
0.424723 0.067189 -0.008295 0.522 0.263 0.086
0.422750 0.066161 -0.008247 0.514 0.251 0.102
0.421338 0.064433 -0.008678 0.529 0.286 0.161
0.419361 0.063403 -0.008630 0.541 0.298 0.173
0.417942 0.061672 -0.009061 0.537 0.314 0.180
0.415964 0.060641 -0.009013 0.518 0.302 0.165
0.414538 0.058906 -0.009443 0.494 0.278 0.106
0.413108 0.057169 -0.009874 0.525 0.310 0.137
0.411672 0.055429 -0.010304 0.522 0.302 0.086
0.410233 0.053687 -0.010734 0.514 0.286 0.067
0.408788 0.051942 -0.011164 0.506 0.278 0.059
0.407880 0.049485 -0.012073 0.510 0.282 0.078
0.406424 0.047734 -0.012502 0.506 0.278 0.075
0.405500 0.045268 -0.013410 0.482 0.267 0.086
0.404567 0.042797 -0.014318 0.451 0.298 0.176
0.403624 0.040322 -0.015225 0.525 0.455 0.376
0.402673 0.037841 -0.016132 0.518 0.447 0.369
0.401712 0.035356 -0.017039 0.463 0.439 0.380
0.400742 0.032866 -0.017946 0.451 0.443 0.412
0.399763 0.030372 -0.018852 0.431 0.435 0.400
0.398775 0.027872 -0.019759 0.396 0.408 0.412
0.397777 0.025368 -0.020665 0.278 0.290 0.294
0.482404 0.074635 -0.022886 0.396 0.388 0.349
0.479148 0.074921 -0.021872 0.416 0.408 0.369
0.475901 0.075212 -0.020859 0.435 0.424 0.369
0.472664 0.075507 -0.019845 0.447 0.424 0.373
0.469435 0.075807 -0.018832 0.467 0.431 0.357
0.466820 0.075436 -0.018301 0.467 0.408 0.298
0.464210 0.075067 -0.017771 0.420 0.361 0.251
0.461005 0.075380 -0.016758 0.416 0.337 0.196
0.458406 0.075017 -0.016228 0.439 0.333 0.196
0.455812 0.074657 -0.015698 0.408 0.267 0.114
0.453222 0.074299 -0.015167 0.408 0.267 0.114
0.450637 0.073943 -0.014637 0.467 0.259 0.075
0.448057 0.073590 -0.014107 0.486 0.259 0.055
0.445481 0.073239 -0.013578 0.463 0.267 0.125
0.442910 0.072891 -0.013048 0.533 0.463 0.384
0.440343 0.072545 -0.012518 0.545 0.475 0.396
0.437781 0.072201 -0.011989 0.502 0.490 0.435
0.435223 0.071860 -0.011459 0.502 0.486 0.443
0.433245 0.070830 -0.011411 0.569 0.486 0.420
0.431267 0.069799 -0.011363 0.498 0.255 0.137
0.429288 0.068769 -0.011315 0.486 0.243 0.125
0.426742 0.068433 -0.010786 0.514 0.239 0.078
0.424766 0.067404 -0.010738 0.522 0.251 0.078
0.422790 0.066375 -0.010690 0.514 0.239 0.078
0.421375 0.064647 -0.011124 0.529 0.282 0.129
0.419397 0.063616 -0.011076 0.545 0.298 0.145
0.417419 0.062586 -0.011028 0.533 0.294 0.149
0.415994 0.060853 -0.011460 0.529 0.302 0.141
0.414014 0.059821 -0.011412 0.506 0.278 0.102
0.412583 0.058085 -0.011845 0.522 0.294 0.118
0.411147 0.056346 -0.012278 0.529 0.302 0.090
0.409706 0.054605 -0.012710 0.514 0.286 0.067
0.408261 0.052861 -0.013143 0.506 0.286 0.078
0.407352 0.050406 -0.014055 0.467 0.282 0.118
0.405896 0.048656 -0.014487 0.490 0.306 0.141
0.404970 0.046193 -0.015400 0.553 0.431 0.325
0.404036 0.043724 -0.016312 0.518 0.451 0.380
0.403092 0.041251 -0.017224 0.471 0.447 0.396
0.402139 0.038772 -0.018136 0.475 0.451 0.400
0.401177 0.036289 -0.019047 0.451 0.443 0.404
0.400206 0.033802 -0.019958 0.439 0.443 0.408
0.399226 0.031309 -0.020869 0.424 0.427 0.412
0.397717 0.029532 -0.021300 0.224 0.247 0.255
0.478612 0.075856 -0.023884 0.384 0.384 0.361
0.475977 0.075473 -0.023351 0.427 0.412 0.376
0.472739 0.075765 -0.022333 0.435 0.420 0.376
0.469509 0.076062 -0.021315 0.451 0.427 0.369
0.466893 0.075689 -0.020782 0.455 0.427 0.345
0.464281 0.075318 -0.020249 0.451 0.424 0.341
0.461673 0.074949 -0.019716 0.447 0.408 0.290
0.459071 0.074583 -0.019183 0.451 0.388 0.263
0.456472 0.074219 -0.018651 0.455 0.337 0.204
0.453879 0.073858 -0.018118 0.408 0.290 0.157
0.451290 0.073499 -0.017586 0.435 0.263 0.102
0.448705 0.073142 -0.017053 0.475 0.259 0.086
0.446126 0.072788 -0.016521 0.463 0.263 0.149
0.443550 0.072436 -0.015989 0.537 0.467 0.388
0.440980 0.072087 -0.015457 0.549 0.478 0.400
0.438414 0.071740 -0.014925 0.502 0.490 0.435
0.435852 0.071395 -0.014393 0.502 0.486 0.443
0.433869 0.070362 -0.014345 0.541 0.486 0.420
0.431315 0.070021 -0.013814 0.459 0.251 0.129
0.429334 0.068990 -0.013766 0.463 0.255 0.133
0.426786 0.068652 -0.013234 0.510 0.235 0.090
0.424808 0.067622 -0.013186 0.514 0.239 0.078
0.422830 0.066591 -0.013138 0.522 0.259 0.102
0.421412 0.064863 -0.013574 0.537 0.278 0.129
0.419431 0.063831 -0.013525 0.541 0.282 0.133
0.417450 0.062800 -0.013477 0.506 0.271 0.114
0.416023 0.061067 -0.013913 0.498 0.267 0.125
0.414040 0.060034 -0.013865 0.463 0.255 0.118
0.412058 0.059001 -0.013816 0.498 0.290 0.153
0.410621 0.057263 -0.014251 0.549 0.400 0.259
0.409180 0.055523 -0.014686 0.557 0.467 0.341
0.407735 0.053781 -0.015121 0.522 0.459 0.369
0.406824 0.051327 -0.016038 0.502 0.467 0.392
0.405367 0.049579 -0.016472 0.498 0.463 0.388
0.404441 0.047117 -0.017389 0.486 0.455 0.400
0.402972 0.045363 -0.017823 0.471 0.455 0.412
0.402029 0.042893 -0.018740 0.455 0.459 0.416
0.401078 0.040418 -0.019656 0.455 0.459 0.416
0.400117 0.037938 -0.020572 0.435 0.443 0.408
0.399147 0.035454 -0.021488 0.333 0.345 0.341
0.398167 0.032964 -0.022404 0.243 0.255 0.267
0.475442 0.076407 -0.025361 0.357 0.341 0.345
0.472812 0.076026 -0.024825 0.427 0.412 0.384
0.469582 0.076319 -0.023803 0.435 0.420 0.384
0.466963 0.075944 -0.023267 0.443 0.427 0.384
0.464350 0.075571 -0.022732 0.443 0.427 0.384
0.461741 0.075200 -0.022197 0.459 0.435 0.376
0.459136 0.074831 -0.021662 0.459 0.439 0.369
0.456537 0.074465 -0.021127 0.478 0.451 0.376
0.454533 0.073422 -0.021078 0.478 0.451 0.376
0.451940 0.073059 -0.020543 0.490 0.455 0.380
0.449352 0.072699 -0.020009 0.518 0.471 0.392
0.446768 0.072342 -0.019474 0.525 0.451 0.384
0.444189 0.071986 -0.018939 0.518 0.482 0.416
0.441614 0.071633 -0.018405 0.525 0.490 0.424
0.439044 0.071283 -0.017871 0.502 0.486 0.443
0.436479 0.070935 -0.017337 0.506 0.490 0.447
0.433918 0.070589 -0.016802 0.518 0.494 0.443
0.431361 0.070246 -0.016268 0.506 0.443 0.353
0.429379 0.069213 -0.016220 0.514 0.451 0.361
0.426829 0.068873 -0.015687 0.541 0.455 0.345
0.424848 0.067841 -0.015639 0.557 0.471 0.369
0.422868 0.066810 -0.015591 0.588 0.482 0.396
0.420887 0.065778 -0.015543 0.592 0.482 0.416
0.419464 0.064049 -0.015980 0.588 0.478 0.412
0.417481 0.063016 -0.015932 0.557 0.478 0.400
0.415498 0.061983 -0.015884 0.529 0.475 0.400
0.413515 0.060950 -0.015836 0.576 0.471 0.376
0.411533 0.059917 -0.015788 0.592 0.486 0.392
0.410096 0.058181 -0.016225 0.545 0.471 0.373
0.408654 0.056441 -0.016662 0.518 0.475 0.384
0.407208 0.054700 -0.017099 0.490 0.471 0.400
0.406296 0.052249 -0.018021 0.490 0.467 0.416
0.404838 0.050501 -0.018457 0.486 0.463 0.412
0.403376 0.048752 -0.018894 0.471 0.463 0.424
0.402442 0.046288 -0.019815 0.467 0.459 0.427
0.401498 0.043820 -0.020736 0.451 0.455 0.420
0.400017 0.042061 -0.021172 0.443 0.447 0.412
0.399057 0.039585 -0.022093 0.392 0.408 0.388
0.472278 0.076959 -0.026833 0.325 0.306 0.298
0.469653 0.076579 -0.026295 0.427 0.412 0.384
0.467033 0.076201 -0.025757 0.435 0.427 0.388
0.464418 0.075825 -0.025220 0.439 0.431 0.392
0.461807 0.075452 -0.024682 0.451 0.439 0.384
0.459201 0.075082 -0.024145 0.451 0.439 0.384
0.456600 0.074713 -0.023607 0.471 0.447 0.388
0.454594 0.073668 -0.023559 0.475 0.451 0.392
0.451999 0.073304 -0.023021 0.475 0.451 0.392
0.449409 0.072941 -0.022484 0.486 0.463 0.404
0.446824 0.072582 -0.021947 0.490 0.459 0.404
0.444243 0.072224 -0.021410 0.506 0.482 0.424
0.441666 0.071869 -0.020874 0.510 0.486 0.427
0.439095 0.071516 -0.020337 0.502 0.486 0.443
0.436527 0.071166 -0.019801 0.502 0.494 0.447
0.433965 0.070818 -0.019264 0.510 0.494 0.451
0.431407 0.070472 -0.018728 0.510 0.486 0.427
0.429422 0.069438 -0.018680 0.506 0.482 0.424
0.426871 0.069096 -0.018144 0.510 0.482 0.408
0.424888 0.068063 -0.018096 0.522 0.486 0.412
0.422905 0.067030 -0.018047 0.529 0.482 0.420
0.420922 0.065998 -0.017999 0.533 0.475 0.427
0.418939 0.064965 -0.017951 0.533 0.475 0.427
0.416956 0.063932 -0.017903 0.514 0.475 0.420
0.414973 0.062899 -0.017855 0.502 0.478 0.427
0.412990 0.061866 -0.017807 0.502 0.475 0.435
0.411008 0.060833 -0.017759 0.502 0.475 0.435
0.409570 0.059098 -0.018198 0.482 0.467 0.424
0.408128 0.057360 -0.018638 0.471 0.475 0.431
0.406681 0.055619 -0.019077 0.467 0.475 0.439
0.405230 0.053877 -0.019516 0.463 0.467 0.443
0.403774 0.052131 -0.019955 0.459 0.463 0.439
0.402847 0.049675 -0.020881 0.431 0.435 0.412
0.401911 0.047214 -0.021807 0.435 0.435 0.435
0.400437 0.045459 -0.022246 0.373 0.373 0.380
0.398958 0.043702 -0.022684 0.267 0.267 0.275
0.466500 0.077132 -0.027760 0.325 0.314 0.302
0.464485 0.076082 -0.027712 0.412 0.400 0.388
0.461872 0.075707 -0.027172 0.447 0.439 0.408
0.459265 0.075334 -0.026632 0.439 0.431 0.384
0.456661 0.074963 -0.026092 0.447 0.439 0.392
0.454063 0.074595 -0.025553 0.451 0.443 0.396
0.452057 0.073550 -0.025504 0.459 0.451 0.404
0.449465 0.073186 -0.024965 0.467 0.459 0.412
0.446878 0.072824 -0.024425 0.471 0.463 0.416
0.444295 0.072464 -0.023886 0.475 0.467 0.420
0.441717 0.072106 -0.023347 0.478 0.471 0.424
0.439144 0.071751 -0.022808 0.478 0.482 0.439
0.436575 0.071399 -0.022269 0.482 0.486 0.451
0.434011 0.071049 -0.021730 0.482 0.486 0.451
0.431451 0.070701 -0.021192 0.482 0.486 0.443
0.428896 0.070355 -0.020653 0.482 0.486 0.443
0.426911 0.069321 -0.020605 0.494 0.486 0.439
0.424363 0.068979 -0.020067 0.494 0.486 0.439
0.422380 0.067947 -0.020019 0.494 0.486 0.447
0.420397 0.066914 -0.019971 0.490 0.482 0.443
0.418414 0.065881 -0.019923 0.494 0.486 0.447
0.416431 0.064848 -0.019875 0.478 0.482 0.439
0.414448 0.063815 -0.019827 0.478 0.482 0.447
0.412465 0.062782 -0.019778 0.471 0.475 0.439
0.410483 0.061749 -0.019730 0.471 0.475 0.439
0.409044 0.060015 -0.020172 0.459 0.467 0.431
0.407602 0.058278 -0.020614 0.435 0.439 0.416
0.405614 0.057243 -0.020565 0.427 0.443 0.416
0.404164 0.055502 -0.021007 0.404 0.416 0.412
0.403246 0.053053 -0.021938 0.373 0.384 0.380
0.401785 0.051306 -0.022379 0.227 0.239 0.243
0.400850 0.048849 -0.023309 0.325 0.325 0.341
0.399377 0.047096 -0.023750 0.235 0.235 0.251
0.461339 0.076637 -0.029173 0.267 0.255 0.243
0.458732 0.076263 -0.028631 0.255 0.239 0.243
0.456130 0.075891 -0.028089 0.310 0.294 0.298
0.453532 0.075522 -0.027547 0.353 0.337 0.341
0.451526 0.074477 -0.027498 0.431 0.431 0.416
0.448935 0.074112 -0.026956 0.451 0.455 0.420
0.446348 0.073748 -0.026415 0.455 0.459 0.424
0.443766 0.073387 -0.025873 0.463 0.467 0.431
0.441189 0.073029 -0.025332 0.463 0.467 0.431
0.438616 0.072673 -0.024791 0.471 0.475 0.439
0.436048 0.072319 -0.024250 0.471 0.475 0.439
0.433484 0.071968 -0.023709 0.478 0.482 0.447
0.430925 0.071619 -0.023168 0.478 0.478 0.455
0.428371 0.071272 -0.022627 0.478 0.478 0.455
0.426385 0.070238 -0.022579 0.482 0.486 0.451
0.424400 0.069204 -0.022531 0.482 0.486 0.451
0.421855 0.068863 -0.021990 0.478 0.482 0.447
0.419872 0.067830 -0.021942 0.478 0.482 0.447
0.417889 0.066797 -0.021894 0.471 0.475 0.439
0.415906 0.065764 -0.021846 0.463 0.471 0.435
0.413923 0.064731 -0.021798 0.459 0.463 0.439
0.411941 0.063698 -0.021750 0.439 0.443 0.420
0.409958 0.062666 -0.021702 0.431 0.435 0.412
0.408519 0.060932 -0.022146 0.431 0.435 0.412
0.406534 0.059898 -0.022098 0.420 0.424 0.400
0.405088 0.058161 -0.022541 0.357 0.369 0.365
0.403638 0.056422 -0.022985 0.231 0.243 0.255
0.453001 0.076449 -0.029541 0.243 0.239 0.239
0.450995 0.075404 -0.029492 0.231 0.227 0.227
0.448404 0.075037 -0.028948 0.298 0.294 0.302
0.445818 0.074673 -0.028404 0.361 0.357 0.357
0.443237 0.074311 -0.027861 0.408 0.412 0.396
0.440660 0.073951 -0.027317 0.404 0.408 0.392
0.438088 0.073594 -0.026773 0.420 0.424 0.408
0.435520 0.073240 -0.026230 0.412 0.416 0.392
0.432957 0.072887 -0.025687 0.435 0.439 0.416
0.430399 0.072537 -0.025144 0.427 0.431 0.408
0.427845 0.072190 -0.024601 0.424 0.427 0.404
0.425860 0.071156 -0.024552 0.412 0.416 0.392
0.423875 0.070122 -0.024504 0.424 0.427 0.404
0.421330 0.069779 -0.023961 0.404 0.408 0.392
0.419347 0.068746 -0.023913 0.408 0.412 0.396
0.417364 0.067713 -0.023865 0.384 0.388 0.373
0.415381 0.066680 -0.023817 0.325 0.325 0.325
0.413398 0.065647 -0.023769 0.322 0.322 0.329
0.411416 0.064615 -0.023721 0.196 0.204 0.227
0.427319 0.073107 -0.026574 0.302 0.282 0.267
0.425334 0.072073 -0.026526 0.306 0.286 0.271
0.422788 0.071728 -0.025981 0.255 0.243 0.231
0.420805 0.070695 -0.025933 0.251 0.251 0.251
0.418822 0.069662 -0.025885 0.188 0.188 0.188
0.416839 0.068629 -0.025837 0.176 0.176 0.176
